GameSeed,GameName,Round,Event,Tick,Turn,PlayerCount,GameID,OrdinalPosition(Player-1 rank),OrdinalPosition(PlayerName-0),OrdinalPosition(Player-1),OrdinalPosition(Player-0),OrdinalPosition(Player-0 rank),OrdinalPosition(PlayerName-1),FinalScore(PlayerName-0),FinalScore(Player-1),FinalScore(Player-0),FinalScore(PlayerName-1),MarbelsPerPlayer(Player1Remaining Marbles),MarbelsPerPlayer(Player0Remaining Marbles),RuleCardsUsed(Rule-Setup),RuleCardsUsed(Rule-Movement),RuleCardsUsed(Rule-Push),RuleCardsUsed(Rule-PushOut),RuleCardsUsed(Rule-PushRequirement),RuleCardsUsed(Rule-Victory),PlayerType(PlayerType-1),PlayerType(PlayerType-0),MarbelsRemoved(Player0removed marbles),MarbelsRemoved(Player1removed marbles),WhoPushedOut(Player0Pushed Marbles),WhoPushedOut(Player1Pushed Marbles),Winner(PlayerIdx)
1746059027,MultiverseMarbles,0,GAME_OVER,109,108,2,2,2,Recommended_4,2,1,1,Recommended_4_ownColorVictoryHeuristic,Recommended_4,-1.0,1.0,Recommended_4_ownColorVictoryHeuristic,9,10,TwoSides.txt,Move 1 marble exactly 2 spaces in any direction.,Push a column of marbles by 1 space in any direction,"Pushed out marbles return to the center, if it is free. Else they are removed.","You can push your opposing marbles if you use an uneven number of marbles (1, 3 or 5). Do not split your column while pushing the opponent.",Push out 3 opposing marbles.,Recommended_4_ownColorVictoryHeuristic,Recommended_4,[],[0],[],"[1, 0, 0, 0]",0
1717405991,MultiverseMarbles,0,GAME_OVER,98,97,2,3,1,Recommended_4,1,2,2,Recommended_4_ownColorVictoryHeuristic,Recommended_4,1.0,-1.0,Recommended_4_ownColorVictoryHeuristic,10,7,TwoSides.txt,Move 1 marble by 1 space in any direction.,Push a column of marbles by 1 space in any direction,Pushed out marbles are removed from play,You can push opposing marbles if you use more or equal marbles. Do not split your column while pushing the opponent.,Occupy all goals of your color.,Recommended_4_ownColorVictoryHeuristic,Recommended_4,"[0, 0, 0]",[],"[0, 0, 0]",[],1
-815598253,MultiverseMarbles,0,GAME_OVER,73,72,2,4,2,Recommended_4,2,1,1,Recommended_4_ownColorVictoryHeuristic,Recommended_4,-1.0,1.0,Recommended_4_ownColorVictoryHeuristic,10,10,TwoSides.txt,Move 1 marble by up to 3 spaces in any direction in a straight line.,Push a column of marbles by 1 space in any direction,Pushed out marbles return to the center. Remove any pre-existing marble.,"You can push your opposing marbles if you use an uneven number of marbles (1, 3 or 5). Do not split your column while pushing the opponent.",Occupy 1 goal of each color.,Recommended_4_ownColorVictoryHeuristic,Recommended_4,[],[],"[0, 0]",[],0
2110276287,MultiverseMarbles,0,GAME_OVER,34,33,2,5,1,Recommended_4,1,2,2,Recommended_4_ownColorVictoryHeuristic,Recommended_4,1.0,-1.0,Recommended_4_ownColorVictoryHeuristic,10,9,TwoSides.txt,Move 1 marble by up to 3 spaces in any direction in a straight line.,Push a column of marbles by 1 space in any direction,Pushed out marbles are removed from play,You can push opposing marbles if you use fewer or more marbles.,Occupy 3 non-neighbouring goals.,Recommended_4_ownColorVictoryHeuristic,Recommended_4,[0],[],[0],[],1
-2066950591,MultiverseMarbles,0,GAME_OVER,21,20,2,6,2,Recommended_4,2,1,1,Recommended_4_ownColorVictoryHeuristic,Recommended_4,-1.0,1.0,Recommended_4_ownColorVictoryHeuristic,10,10,TwoSides.txt,Jump over 1 marble or blocker or move a marble by 1 space in any direction,Push a column of marbles by 1 space in any direction,Pushed out marbles return to the center. Remove any pre-existing marble.,You can push opposing marbles if you use equal marbles. Do not split your column while pushing the opponent.,Occupy 1 goal of each color.,Recommended_4_ownColorVictoryHeuristic,Recommended_4,[],[],[],[],0
-983345474,MultiverseMarbles,0,GAME_OVER,70,69,2,7,1,Recommended_4,1,2,2,Recommended_4_ownColorVictoryHeuristic,Recommended_4,1.0,-1.0,Recommended_4_ownColorVictoryHeuristic,10,8,TwoSides.txt,Move 1 marble exactly 2 spaces in any direction.,Push a column of marbles by 1 space in any direction,"Pushed out marbles return to the center, if it is free. Else they are removed.",You can push opposing marbles if you use more marbles.,Occupy all goals of your color.,Recommended_4_ownColorVictoryHeuristic,Recommended_4,"[0, 1]",[],"[0, 0, 0, 0, 1, 0, 1]",[],1
-4526276,MultiverseMarbles,0,GAME_OVER,92,91,2,8,1,Recommended_4,1,2,2,Recommended_4_ownColorVictoryHeuristic,Recommended_4,1.0,-1.0,Recommended_4_ownColorVictoryHeuristic,9,8,TwoSides.txt,Jump over 1 marble or blocker or move a marble by 1 space in any direction,Push a column of marbles by 1 space in any direction,"Pushed out marbles return to the center, if it is free. Else they are removed.",You can push opposing marbles if you use fewer or more marbles.,Occupy all goals of your color.,Recommended_4_ownColorVictoryHeuristic,Recommended_4,"[1, 1]",[0],"[0, 1, 0, 1]","[1, 0]",1
-216729907,MultiverseMarbles,0,GAME_OVER,200,200,2,9,1,Recommended_4,1,1,1,Recommended_4_ownColorVictoryHeuristic,Recommended_4,-3.0,-3.0,Recommended_4_ownColorVictoryHeuristic,10,10,TwoSides.txt,Move 1 marble exactly 2 spaces in any direction.,Push a column of marbles by 1 space in any direction,Pushed out marbles are removed from play,You can push opposing marbles if you use equal marbles. Do not split your column while pushing the opponent.,Push out 3 opposing marbles.,Recommended_4_ownColorVictoryHeuristic,Recommended_4,[],[],[],[],-1
1574719807,MultiverseMarbles,0,GAME_OVER,163,162,2,10,2,Recommended_4,2,1,1,Recommended_4_ownColorVictoryHeuristic,Recommended_4,-1.0,1.0,Recommended_4_ownColorVictoryHeuristic,7,8,TwoSides.txt,Move 1 marble by up to 3 spaces in any direction in a straight line.,Push a column of marbles by 1 space in any direction,Pushed out marbles are removed from play,You can push opposing marbles if you use more or equal marbles. Do not split your column while pushing the opponent.,Push out 3 opposing marbles.,Recommended_4_ownColorVictoryHeuristic,Recommended_4,"[0, 1]","[0, 0, 0]","[0, 1]","[0, 0, 0]",0
-1713847478,MultiverseMarbles,0,GAME_OVER,93,92,2,11,2,Recommended_4,2,1,1,Recommended_4_ownColorVictoryHeuristic,Recommended_4,-1.0,1.0,Recommended_4_ownColorVictoryHeuristic,10,7,TwoSides.txt,Move 1 marble by up to 3 spaces in any direction in a straight line.,Push a column of marbles by 1 space in any direction,Pushed out marbles return to the center. Remove any pre-existing marble.,You can push opposing marbles if you use fewer or more marbles.,Occupy 3 non-neighbouring goals.,Recommended_4_ownColorVictoryHeuristic,Recommended_4,[0],"[1, 0]","[0, 0, 0]","[1, 1, 0]",0
-1976319089,MultiverseMarbles,0,GAME_OVER,46,45,2,12,1,Recommended_4,1,2,2,Recommended_4_ownColorVictoryHeuristic,Recommended_4,1.0,-1.0,Recommended_4_ownColorVictoryHeuristic,10,10,TwoSides.txt,Move 1 marble by up to 3 spaces in any direction in a straight line.,Push a column of marbles by 1 space in any direction,Pushed out marbles are removed from play,You can push opposing marbles if you use equal marbles. Do not split your column while pushing the opponent.,Occupy 1 goal of each color.,Recommended_4_ownColorVictoryHeuristic,Recommended_4,[],[],[],[],1
-2131796781,MultiverseMarbles,0,GAME_OVER,46,45,2,13,1,Recommended_4,1,2,2,Recommended_4_ownColorVictoryHeuristic,Recommended_4,1.0,-1.0,Recommended_4_ownColorVictoryHeuristic,10,9,TwoSides.txt,Move 1 marble by 1 space in any direction.,Push a column of marbles by 1 space in any direction,Pushed out marbles are removed from play,You can push opposing marbles if you use more or equal marbles. Do not split your column while pushing the opponent.,Occupy 3 non-neighbouring goals.,Recommended_4_ownColorVictoryHeuristic,Recommended_4,[0],[],[0],[],1
1779048739,MultiverseMarbles,0,GAME_OVER,53,52,2,14,2,Recommended_4,2,1,1,Recommended_4_ownColorVictoryHeuristic,Recommended_4,-1.0,1.0,Recommended_4_ownColorVictoryHeuristic,10,10,TwoSides.txt,Jump over 1 marble or blocker or move a marble by 1 space in any direction,Push a column of marbles by 1 space in any direction,"Pushed out marbles return to the center, if it is free. Else they are removed.",You can push opposing marbles if you use equal marbles. Do not split your column while pushing the opponent.,Occupy 1 goal of each color.,Recommended_4_ownColorVictoryHeuristic,Recommended_4,[],[],[],[],0
1562152964,MultiverseMarbles,0,GAME_OVER,200,200,2,15,1,Recommended_4,1,1,1,Recommended_4_ownColorVictoryHeuristic,Recommended_4,-3.0,-3.0,Recommended_4_ownColorVictoryHeuristic,10,10,TwoSides.txt,Move 1 marble by up to 3 spaces in any direction in a straight line.,Push a column of marbles by 1 space in any direction,"Pushed out marbles return to the center, if it is free. Else they are removed.",You can push opposing marbles if you use equal marbles. Do not split your column while pushing the opponent.,Push out 3 opposing marbles.,Recommended_4_ownColorVictoryHeuristic,Recommended_4,[],[],[],[],-1
270059829,MultiverseMarbles,0,GAME_OVER,50,49,2,16,1,Recommended_4,1,2,2,Recommended_4_ownColorVictoryHeuristic,Recommended_4,1.0,-1.0,Recommended_4_ownColorVictoryHeuristic,10,8,TwoSides.txt,Jump over 1 marble or blocker or move a marble by 1 space in any direction,Push a column of marbles by 1 space in any direction,"Pushed out marbles return to the center, if it is free. Else they are removed.",You can push opposing marbles if you use more marbles.,Occupy 1 goal of each color.,Recommended_4_ownColorVictoryHeuristic,Recommended_4,"[0, 0]",[],"[0, 0, 0]",[],1
-926384225,MultiverseMarbles,0,GAME_OVER,118,117,2,17,1,Recommended_4,1,2,2,Recommended_4_ownColorVictoryHeuristic,Recommended_4,1.0,-1.0,Recommended_4_ownColorVictoryHeuristic,10,6,TwoSides.txt,Move 1 marble by 1 space in any direction.,Push a column of marbles by 1 space in any direction,"Pushed out marbles return to the center, if it is free. Else they are removed.","You can push opposing marbles if you use an even number of marbles (2, 4 or 6). Do not split your column while pushing the opponent.",Push out 3 opposing marbles.,Recommended_4_ownColorVictoryHeuristic,Recommended_4,"[0, 1, 1, 0]",[],"[0, 0, 1, 1, 0, 1]",[],1
-1328314967,MultiverseMarbles,0,GAME_OVER,38,37,2,18,1,Recommended_4,1,2,2,Recommended_4_ownColorVictoryHeuristic,Recommended_4,1.0,-1.0,Recommended_4_ownColorVictoryHeuristic,10,10,TwoSides.txt,Move 1 marble by up to 3 spaces in any direction in a straight line.,Push a column of marbles by 1 space in any direction,Pushed out marbles are removed from play,You can push opposing marbles if you use more marbles.,Occupy 1 goal of each color.,Recommended_4_ownColorVictoryHeuristic,Recommended_4,[],[],[],[],1
-1794392388,MultiverseMarbles,0,GAME_OVER,120,119,2,19,1,Recommended_4,1,2,2,Recommended_4_ownColorVictoryHeuristic,Recommended_4,1.0,-1.0,Recommended_4_ownColorVictoryHeuristic,10,10,TwoSides.txt,Move 1 marble by 1 space in any direction.,Push a column of marbles by 1 space in any direction,"Pushed out marbles return to the center, if it is free. Else they are removed.",You can push opposing marbles if you use equal marbles. Do not split your column while pushing the opponent.,Occupy all goals of your color.,Recommended_4_ownColorVictoryHeuristic,Recommended_4,[],[],[],[],1
697560613,MultiverseMarbles,0,GAME_OVER,97,96,2,20,2,Recommended_4,2,1,1,Recommended_4_ownColorVictoryHeuristic,Recommended_4,-1.0,1.0,Recommended_4_ownColorVictoryHeuristic,10,9,TwoSides.txt,Move 1 marble exactly 2 spaces in any direction.,Push a column of marbles by 1 space in any direction,Pushed out marbles return to the center. Remove any pre-existing marble.,You can push opposing marbles if you use fewer or more marbles.,Occupy all goals of your color.,Recommended_4_ownColorVictoryHeuristic,Recommended_4,[],[0],"[0, 0]",[0],0
-1554531401,MultiverseMarbles,0,GAME_OVER,57,56,2,21,2,Recommended_4,2,1,1,Recommended_4_ownColorVictoryHeuristic,Recommended_4,-1.0,1.0,Recommended_4_ownColorVictoryHeuristic,10,9,TwoSides.txt,Move 1 marble by up to 3 spaces in any direction in a straight line.,Push a column of marbles by 1 space in any direction,Pushed out marbles are removed from play,You can push opposing marbles if you use fewer or more marbles.,Occupy all goals of your color.,Recommended_4_ownColorVictoryHeuristic,Recommended_4,[0],[],[0],[],0
1853893906,MultiverseMarbles,0,GAME_OVER,32,31,2,22,1,Recommended_4,1,2,2,Recommended_4_ownColorVictoryHeuristic,Recommended_4,1.0,-1.0,Recommended_4_ownColorVictoryHeuristic,10,7,TwoSides.txt,Move 1 marble by 1 space in any direction.,Push a column of marbles by 1 space in any direction,Pushed out marbles return to the center. Remove any pre-existing marble.,"You can push opposing marbles if you use an even number of marbles (2, 4 or 6). Do not split your column while pushing the opponent.",Push out 3 opposing marbles.,Recommended_4_ownColorVictoryHeuristic,Recommended_4,"[1, 1, 1]",[],"[0, 1, 1, 1]",[],1
-1337721364,MultiverseMarbles,0,GAME_OVER,20,19,2,23,1,Recommended_4,1,2,2,Recommended_4_ownColorVictoryHeuristic,Recommended_4,1.0,-1.0,Recommended_4_ownColorVictoryHeuristic,10,10,TwoSides.txt,Move 1 marble exactly 2 spaces in any direction.,Push a column of marbles by 1 space in any direction,"Pushed out marbles return to the center, if it is free. Else they are removed.",You can push opposing marbles if you use fewer or equal marbles. Do not split your column while pushing the opponent.,Occupy 3 non-neighbouring goals.,Recommended_4_ownColorVictoryHeuristic,Recommended_4,[],[],[],[],1
-713051166,MultiverseMarbles,0,GAME_OVER,98,97,2,24,1,Recommended_4,1,2,2,Recommended_4_ownColorVictoryHeuristic,Recommended_4,1.0,-1.0,Recommended_4_ownColorVictoryHeuristic,10,10,TwoSides.txt,Jump over 1 marble or blocker or move a marble by 1 space in any direction,Push a column of marbles by 1 space in any direction,Pushed out marbles are removed from play,You can push opposing marbles if you use equal marbles. Do not split your column while pushing the opponent.,Occupy all goals of your color.,Recommended_4_ownColorVictoryHeuristic,Recommended_4,[],[],[],[],1
-1483613300,MultiverseMarbles,0,GAME_OVER,200,200,2,25,1,Recommended_4,1,1,1,Recommended_4_ownColorVictoryHeuristic,Recommended_4,-3.0,-3.0,Recommended_4_ownColorVictoryHeuristic,10,10,TwoSides.txt,Jump over 1 marble or blocker or move a marble by 1 space in any direction,Push a column of marbles by 1 space in any direction,"Pushed out marbles return to the center, if it is free. Else they are removed.",You can push opposing marbles if you use fewer or equal marbles. Do not split your column while pushing the opponent.,Push out 3 opposing marbles.,Recommended_4_ownColorVictoryHeuristic,Recommended_4,[],[],[],[],-1
-1499468216,MultiverseMarbles,0,GAME_OVER,81,80,2,26,2,Recommended_4,2,1,1,Recommended_4_ownColorVictoryHeuristic,Recommended_4,-1.0,1.0,Recommended_4_ownColorVictoryHeuristic,10,10,TwoSides.txt,Move 1 marble by 1 space in any direction.,Push a column of marbles by 1 space in any direction,"Pushed out marbles return to the center, if it is free. Else they are removed.",You can push opposing marbles if you use equal marbles. Do not split your column while pushing the opponent.,Occupy 1 goal of each color.,Recommended_4_ownColorVictoryHeuristic,Recommended_4,[],[],[],[],0
739787273,MultiverseMarbles,0,GAME_OVER,49,48,2,27,2,Recommended_4,2,1,1,Recommended_4_ownColorVictoryHeuristic,Recommended_4,-1.0,1.0,Recommended_4_ownColorVictoryHeuristic,10,10,TwoSides.txt,Jump over 1 marble or blocker or move a marble by 1 space in any direction,Push a column of marbles by 1 space in any direction,Pushed out marbles are removed from play,You can push opposing marbles if you use more marbles.,Occupy 3 non-neighbouring goals.,Recommended_4_ownColorVictoryHeuristic,Recommended_4,[],[],[],[],0
-1782714297,MultiverseMarbles,0,GAME_OVER,36,35,2,28,1,Recommended_4,1,2,2,Recommended_4_ownColorVictoryHeuristic,Recommended_4,1.0,-1.0,Recommended_4_ownColorVictoryHeuristic,9,9,TwoSides.txt,Move 1 marble by 1 space in any direction.,Push a column of marbles by 1 space in any direction,Pushed out marbles return to the center. Remove any pre-existing marble.,You can push opposing marbles if you use more or equal marbles. Do not split your column while pushing the opponent.,Occupy 1 goal of each color.,Recommended_4_ownColorVictoryHeuristic,Recommended_4,[1],[0],"[1, 1]","[1, 0]",1
-646364434,MultiverseMarbles,0,GAME_OVER,102,101,2,29,1,Recommended_4,1,2,2,Recommended_4_ownColorVictoryHeuristic,Recommended_4,1.0,-1.0,Recommended_4_ownColorVictoryHeuristic,10,10,TwoSides.txt,Move 1 marble by up to 3 spaces in any direction in a straight line.,Push a column of marbles by 1 space in any direction,"Pushed out marbles return to the center, if it is free. Else they are removed.",You can push opposing marbles if you use equal marbles. Do not split your column while pushing the opponent.,Occupy all goals of your color.,Recommended_4_ownColorVictoryHeuristic,Recommended_4,[],[],[],[],1
1084719429,MultiverseMarbles,0,GAME_OVER,25,24,2,30,2,Recommended_4,2,1,1,Recommended_4_ownColorVictoryHeuristic,Recommended_4,-1.0,1.0,Recommended_4_ownColorVictoryHeuristic,10,10,TwoSides.txt,Move 1 marble exactly 2 spaces in any direction.,Push a column of marbles by 1 space in any direction,"Pushed out marbles return to the center, if it is free. Else they are removed.",You can push opposing marbles if you use fewer or equal marbles. Do not split your column while pushing the opponent.,Occupy 3 non-neighbouring goals.,Recommended_4_ownColorVictoryHeuristic,Recommended_4,[],[],[],[],0
1160060956,MultiverseMarbles,0,GAME_OVER,17,16,2,31,2,Recommended_4,2,1,1,Recommended_4_ownColorVictoryHeuristic,Recommended_4,-1.0,1.0,Recommended_4_ownColorVictoryHeuristic,10,10,TwoSides.txt,Move 1 marble exactly 2 spaces in any direction.,Push a column of marbles by 1 space in any direction,Pushed out marbles return to the center. Remove any pre-existing marble.,"You can push your opposing marbles if you use an uneven number of marbles (1, 3 or 5). Do not split your column while pushing the opponent.",Occupy 3 non-neighbouring goals.,Recommended_4_ownColorVictoryHeuristic,Recommended_4,[],[],[],[0],0
-1070377338,MultiverseMarbles,0,GAME_OVER,30,29,2,32,1,Recommended_4,1,2,2,Recommended_4_ownColorVictoryHeuristic,Recommended_4,1.0,-1.0,Recommended_4_ownColorVictoryHeuristic,10,8,TwoSides.txt,Jump over 1 marble or blocker or move a marble by 1 space in any direction,Push a column of marbles by 1 space in any direction,"Pushed out marbles return to the center, if it is free. Else they are removed.","You can push opposing marbles if you use an even number of marbles (2, 4 or 6). Do not split your column while pushing the opponent.",Push out 3 opposing marbles.,Recommended_4_ownColorVictoryHeuristic,Recommended_4,"[1, 1]",[],"[1, 1, 1]",[],1
-369041982,MultiverseMarbles,0,GAME_OVER,84,83,2,33,1,Recommended_4,1,2,2,Recommended_4_ownColorVictoryHeuristic,Recommended_4,1.0,-1.0,Recommended_4_ownColorVictoryHeuristic,9,9,TwoSides.txt,Move 1 marble exactly 2 spaces in any direction.,Push a column of marbles by 1 space in any direction,"Pushed out marbles return to the center, if it is free. Else they are removed.",You can push opposing marbles if you use more or equal marbles. Do not split your column while pushing the opponent.,Occupy all goals of your color.,Recommended_4_ownColorVictoryHeuristic,Recommended_4,[1],[0],"[0, 0, 0, 0, 0, 1]","[1, 0]",1
1140185526,MultiverseMarbles,0,GAME_OVER,50,49,2,34,1,Recommended_4,1,2,2,Recommended_4_ownColorVictoryHeuristic,Recommended_4,1.0,-1.0,Recommended_4_ownColorVictoryHeuristic,8,9,TwoSides.txt,Jump over 1 marble or blocker or move a marble by 1 space in any direction,Push a column of marbles by 1 space in any direction,"Pushed out marbles return to the center, if it is free. Else they are removed.",You can push opposing marbles if you use fewer or more marbles.,Occupy 1 goal of each color.,Recommended_4_ownColorVictoryHeuristic,Recommended_4,[0],"[1, 0]",[0],"[1, 0]",1
473415057,MultiverseMarbles,0,GAME_OVER,52,51,2,35,1,Recommended_4,1,2,2,Recommended_4_ownColorVictoryHeuristic,Recommended_4,1.0,-1.0,Recommended_4_ownColorVictoryHeuristic,10,10,TwoSides.txt,Move 1 marble by up to 3 spaces in any direction in a straight line.,Push a column of marbles by 1 space in any direction,Pushed out marbles return to the center. Remove any pre-existing marble.,You can push opposing marbles if you use equal marbles. Do not split your column while pushing the opponent.,Occupy 3 non-neighbouring goals.,Recommended_4_ownColorVictoryHeuristic,Recommended_4,[],[],[],[],1
-1610347411,MultiverseMarbles,0,GAME_OVER,200,200,2,36,1,Recommended_4,1,1,1,Recommended_4_ownColorVictoryHeuristic,Recommended_4,-3.0,-3.0,Recommended_4_ownColorVictoryHeuristic,10,10,TwoSides.txt,Move 1 marble by 1 space in any direction.,Push a column of marbles by 1 space in any direction,Pushed out marbles are removed from play,You can push opposing marbles if you use fewer or equal marbles. Do not split your column while pushing the opponent.,Push out 3 opposing marbles.,Recommended_4_ownColorVictoryHeuristic,Recommended_4,[],[],[],[],-1
1587725811,MultiverseMarbles,0,GAME_OVER,51,50,2,37,2,Recommended_4,2,1,1,Recommended_4_ownColorVictoryHeuristic,Recommended_4,-1.0,1.0,Recommended_4_ownColorVictoryHeuristic,10,10,TwoSides.txt,Jump over 1 marble or blocker or move a marble by 1 space in any direction,Push a column of marbles by 1 space in any direction,Pushed out marbles are removed from play,You can push opposing marbles if you use more marbles.,Occupy 3 non-neighbouring goals.,Recommended_4_ownColorVictoryHeuristic,Recommended_4,[],[],[],[],0
-1593702437,MultiverseMarbles,0,GAME_OVER,53,52,2,38,2,Recommended_4,2,1,1,Recommended_4_ownColorVictoryHeuristic,Recommended_4,-1.0,1.0,Recommended_4_ownColorVictoryHeuristic,8,9,TwoSides.txt,Move 1 marble exactly 2 spaces in any direction.,Push a column of marbles by 1 space in any direction,Pushed out marbles return to the center. Remove any pre-existing marble.,"You can push opposing marbles if you use an even number of marbles (2, 4 or 6). Do not split your column while pushing the opponent.",Occupy 1 goal of each color.,Recommended_4_ownColorVictoryHeuristic,Recommended_4,[0],"[1, 0]","[0, 0, 1, 0]","[1, 1, 0, 1]",0
-1592563377,MultiverseMarbles,0,GAME_OVER,200,200,2,39,1,Recommended_4,1,1,1,Recommended_4_ownColorVictoryHeuristic,Recommended_4,-3.0,-3.0,Recommended_4_ownColorVictoryHeuristic,10,10,TwoSides.txt,Move 1 marble exactly 2 spaces in any direction.,Push a column of marbles by 1 space in any direction,"Pushed out marbles return to the center, if it is free. Else they are removed.",You can push opposing marbles if you use equal marbles. Do not split your column while pushing the opponent.,Push out 3 opposing marbles.,Recommended_4_ownColorVictoryHeuristic,Recommended_4,[],[],[],[],-1
1772998635,MultiverseMarbles,0,GAME_OVER,102,101,2,40,1,Recommended_4,1,2,2,Recommended_4_ownColorVictoryHeuristic,Recommended_4,1.0,-1.0,Recommended_4_ownColorVictoryHeuristic,10,10,TwoSides.txt,Move 1 marble by 1 space in any direction.,Push a column of marbles by 1 space in any direction,Pushed out marbles are removed from play,You can push opposing marbles if you use fewer or equal marbles. Do not split your column while pushing the opponent.,Occupy 1 goal of each color.,Recommended_4_ownColorVictoryHeuristic,Recommended_4,[],[],[],[],1
199677094,MultiverseMarbles,0,GAME_OVER,128,127,2,41,1,Recommended_4,1,2,2,Recommended_4_ownColorVictoryHeuristic,Recommended_4,1.0,-1.0,Recommended_4_ownColorVictoryHeuristic,8,9,TwoSides.txt,Move 1 marble by up to 3 spaces in any direction in a straight line.,Push a column of marbles by 1 space in any direction,Pushed out marbles are removed from play,"You can push your opposing marbles if you use an uneven number of marbles (1, 3 or 5). Do not split your column while pushing the opponent.",Occupy all goals of your color.,Recommended_4_ownColorVictoryHeuristic,Recommended_4,[1],"[0, 0]",[1],"[0, 0]",1
923517872,MultiverseMarbles,0,GAME_OVER,87,86,2,42,2,Recommended_4,2,1,1,Recommended_4_ownColorVictoryHeuristic,Recommended_4,-1.0,1.0,Recommended_4_ownColorVictoryHeuristic,8,8,TwoSides.txt,Move 1 marble exactly 2 spaces in any direction.,Push a column of marbles by 1 space in any direction,Pushed out marbles return to the center. Remove any pre-existing marble.,You can push opposing marbles if you use more or equal marbles. Do not split your column while pushing the opponent.,Occupy all goals of your color.,Recommended_4_ownColorVictoryHeuristic,Recommended_4,"[1, 0, 0]",[1],"[1, 0, 0, 0, 0, 0]","[1, 1, 0, 0]",0
416231944,MultiverseMarbles,0,GAME_OVER,200,200,2,43,1,Recommended_4,1,1,1,Recommended_4_ownColorVictoryHeuristic,Recommended_4,-3.0,-3.0,Recommended_4_ownColorVictoryHeuristic,10,7,TwoSides.txt,Move 1 marble by up to 3 spaces in any direction in a straight line.,Push a column of marbles by 1 space in any direction,"Pushed out marbles return to the center, if it is free. Else they are removed.",You can push opposing marbles if you use more marbles.,Push out 3 opposing marbles.,Recommended_4_ownColorVictoryHeuristic,Recommended_4,"[0, 0, 0]",[],"[0, 0, 0, 0, 0, 1]",[],-1
-211783469,MultiverseMarbles,0,GAME_OVER,19,18,2,44,2,Recommended_4,2,1,1,Recommended_4_ownColorVictoryHeuristic,Recommended_4,-1.0,1.0,Recommended_4_ownColorVictoryHeuristic,10,10,TwoSides.txt,Move 1 marble exactly 2 spaces in any direction.,Push a column of marbles by 1 space in any direction,Pushed out marbles are removed from play,You can push opposing marbles if you use fewer or equal marbles. Do not split your column while pushing the opponent.,Occupy 3 non-neighbouring goals.,Recommended_4_ownColorVictoryHeuristic,Recommended_4,[],[],[],[],0
1227133617,MultiverseMarbles,0,GAME_OVER,25,24,2,45,2,Recommended_4,2,1,1,Recommended_4_ownColorVictoryHeuristic,Recommended_4,-1.0,1.0,Recommended_4_ownColorVictoryHeuristic,8,9,TwoSides.txt,Move 1 marble exactly 2 spaces in any direction.,Push a column of marbles by 1 space in any direction,Pushed out marbles are removed from play,You can push opposing marbles if you use more marbles.,Occupy 3 non-neighbouring goals.,Recommended_4_ownColorVictoryHeuristic,Recommended_4,[0],"[1, 1]",[0],"[1, 1]",0
1588004433,MultiverseMarbles,0,GAME_OVER,68,67,2,46,1,Recommended_4,1,2,2,Recommended_4_ownColorVictoryHeuristic,Recommended_4,1.0,-1.0,Recommended_4_ownColorVictoryHeuristic,9,9,TwoSides.txt,Jump over 1 marble or blocker or move a marble by 1 space in any direction,Push a column of marbles by 1 space in any direction,Pushed out marbles are removed from play,"You can push opposing marbles if you use an even number of marbles (2, 4 or 6). Do not split your column while pushing the opponent.",Occupy all goals of your color.,Recommended_4_ownColorVictoryHeuristic,Recommended_4,[1],[1],[1],[1],1
-1488581167,MultiverseMarbles,0,GAME_OVER,76,75,2,47,1,Recommended_4,1,2,2,Recommended_4_ownColorVictoryHeuristic,Recommended_4,1.0,-1.0,Recommended_4_ownColorVictoryHeuristic,10,8,TwoSides.txt,Move 1 marble by up to 3 spaces in any direction in a straight line.,Push a column of marbles by 1 space in any direction,Pushed out marbles are removed from play,You can push opposing marbles if you use more or equal marbles. Do not split your column while pushing the opponent.,Occupy all goals of your color.,Recommended_4_ownColorVictoryHeuristic,Recommended_4,"[0, 0]",[],"[0, 0]",[],1
-776101153,MultiverseMarbles,0,GAME_OVER,59,58,2,48,2,Recommended_4,2,1,1,Recommended_4_ownColorVictoryHeuristic,Recommended_4,-1.0,1.0,Recommended_4_ownColorVictoryHeuristic,10,10,TwoSides.txt,Jump over 1 marble or blocker or move a marble by 1 space in any direction,Push a column of marbles by 1 space in any direction,Pushed out marbles return to the center. Remove any pre-existing marble.,You can push opposing marbles if you use equal marbles. Do not split your column while pushing the opponent.,Occupy all goals of your color.,Recommended_4_ownColorVictoryHeuristic,Recommended_4,[],[],[],[],0
-1735443380,MultiverseMarbles,0,GAME_OVER,124,123,2,49,1,Recommended_4,1,2,2,Recommended_4_ownColorVictoryHeuristic,Recommended_4,1.0,-1.0,Recommended_4_ownColorVictoryHeuristic,10,10,TwoSides.txt,Move 1 marble by up to 3 spaces in any direction in a straight line.,Push a column of marbles by 1 space in any direction,Pushed out marbles return to the center. Remove any pre-existing marble.,You can push opposing marbles if you use fewer or equal marbles. Do not split your column while pushing the opponent.,Occupy 3 non-neighbouring goals.,Recommended_4_ownColorVictoryHeuristic,Recommended_4,[],[],[],[],1
-1004710502,MultiverseMarbles,0,GAME_OVER,31,30,2,50,2,Recommended_4,2,1,1,Recommended_4_ownColorVictoryHeuristic,Recommended_4,-1.0,1.0,Recommended_4_ownColorVictoryHeuristic,10,9,TwoSides.txt,Move 1 marble by up to 3 spaces in any direction in a straight line.,Push a column of marbles by 1 space in any direction,Pushed out marbles are removed from play,"You can push your opposing marbles if you use an uneven number of marbles (1, 3 or 5). Do not split your column while pushing the opponent.",Occupy 3 non-neighbouring goals.,Recommended_4_ownColorVictoryHeuristic,Recommended_4,[0],[],[0],[],0
-1482070284,MultiverseMarbles,0,GAME_OVER,30,29,2,51,1,Recommended_4,1,2,2,Recommended_4_ownColorVictoryHeuristic,Recommended_4,1.0,-1.0,Recommended_4_ownColorVictoryHeuristic,10,8,TwoSides.txt,Move 1 marble by 1 space in any direction.,Push a column of marbles by 1 space in any direction,Pushed out marbles return to the center. Remove any pre-existing marble.,You can push opposing marbles if you use fewer or more marbles.,Occupy 1 goal of each color.,Recommended_4_ownColorVictoryHeuristic,Recommended_4,"[1, 0]",[],"[0, 0, 1, 0]",[],1
1681222646,MultiverseMarbles,0,GAME_OVER,156,155,2,52,1,Recommended_4,1,2,2,Recommended_4_ownColorVictoryHeuristic,Recommended_4,1.0,-1.0,Recommended_4_ownColorVictoryHeuristic,10,8,TwoSides.txt,Move 1 marble exactly 2 spaces in any direction.,Push a column of marbles by 1 space in any direction,"Pushed out marbles return to the center, if it is free. Else they are removed.","You can push your opposing marbles if you use an uneven number of marbles (1, 3 or 5). Do not split your column while pushing the opponent.",Push out 3 opposing marbles.,Recommended_4_ownColorVictoryHeuristic,Recommended_4,"[1, 1]",[],"[1, 1, 0, 1]","[0, 0]",1
-1806578679,MultiverseMarbles,0,GAME_OVER,67,66,2,53,2,Recommended_4,2,1,1,Recommended_4_ownColorVictoryHeuristic,Recommended_4,-1.0,1.0,Recommended_4_ownColorVictoryHeuristic,10,10,TwoSides.txt,Jump over 1 marble or blocker or move a marble by 1 space in any direction,Push a column of marbles by 1 space in any direction,"Pushed out marbles return to the center, if it is free. Else they are removed.",You can push opposing marbles if you use fewer or equal marbles. Do not split your column while pushing the opponent.,Occupy all goals of your color.,Recommended_4_ownColorVictoryHeuristic,Recommended_4,[],[],[],[],0
1059431949,MultiverseMarbles,0,GAME_OVER,54,53,2,54,1,Recommended_4,1,2,2,Recommended_4_ownColorVictoryHeuristic,Recommended_4,1.0,-1.0,Recommended_4_ownColorVictoryHeuristic,10,7,TwoSides.txt,Move 1 marble by 1 space in any direction.,Push a column of marbles by 1 space in any direction,Pushed out marbles are removed from play,You can push opposing marbles if you use more or equal marbles. Do not split your column while pushing the opponent.,Occupy all goals of your color.,Recommended_4_ownColorVictoryHeuristic,Recommended_4,"[1, 1, 1]",[],"[1, 1, 1]",[],1
-1326505467,MultiverseMarbles,0,GAME_OVER,21,20,2,55,2,Recommended_4,2,1,1,Recommended_4_ownColorVictoryHeuristic,Recommended_4,-1.0,1.0,Recommended_4_ownColorVictoryHeuristic,10,9,TwoSides.txt,Move 1 marble by up to 3 spaces in any direction in a straight line.,Push a column of marbles by 1 space in any direction,Pushed out marbles are removed from play,You can push opposing marbles if you use more or equal marbles. Do not split your column while pushing the opponent.,Occupy 1 goal of each color.,Recommended_4_ownColorVictoryHeuristic,Recommended_4,[0],[],[0],[],0
-2084261199,MultiverseMarbles,0,GAME_OVER,96,95,2,56,1,Recommended_4,1,2,2,Recommended_4_ownColorVictoryHeuristic,Recommended_4,1.0,-1.0,Recommended_4_ownColorVictoryHeuristic,9,10,TwoSides.txt,Jump over 1 marble or blocker or move a marble by 1 space in any direction,Push a column of marbles by 1 space in any direction,Pushed out marbles are removed from play,You can push opposing marbles if you use fewer or equal marbles. Do not split your column while pushing the opponent.,Occupy 1 goal of each color.,Recommended_4_ownColorVictoryHeuristic,Recommended_4,[],[0],[],[0],1
1668038913,MultiverseMarbles,0,GAME_OVER,52,51,2,57,1,Recommended_4,1,2,2,Recommended_4_ownColorVictoryHeuristic,Recommended_4,1.0,-1.0,Recommended_4_ownColorVictoryHeuristic,10,7,TwoSides.txt,Move 1 marble exactly 2 spaces in any direction.,Push a column of marbles by 1 space in any direction,"Pushed out marbles return to the center, if it is free. Else they are removed.",You can push opposing marbles if you use more or equal marbles. Do not split your column while pushing the opponent.,Push out 3 opposing marbles.,Recommended_4_ownColorVictoryHeuristic,Recommended_4,"[0, 1, 1]",[],"[1, 0, 1, 1]",[],1
840824568,MultiverseMarbles,0,GAME_OVER,104,103,2,58,1,Recommended_4,1,2,2,Recommended_4_ownColorVictoryHeuristic,Recommended_4,1.0,-1.0,Recommended_4_ownColorVictoryHeuristic,9,6,TwoSides.txt,Move 1 marble by 1 space in any direction.,Push a column of marbles by 1 space in any direction,"Pushed out marbles return to the center, if it is free. Else they are removed.",You can push opposing marbles if you use fewer or more marbles.,Push out 3 opposing marbles.,Recommended_4_ownColorVictoryHeuristic,Recommended_4,"[1, 0, 1, 1]",[0],"[0, 1, 0, 0, 1, 1]",[0],1
215052595,MultiverseMarbles,0,GAME_OVER,23,22,2,59,2,Recommended_4,2,1,1,Recommended_4_ownColorVictoryHeuristic,Recommended_4,-1.0,1.0,Recommended_4_ownColorVictoryHeuristic,9,9,TwoSides.txt,Move 1 marble exactly 2 spaces in any direction.,Push a column of marbles by 1 space in any direction,Pushed out marbles return to the center. Remove any pre-existing marble.,You can push opposing marbles if you use more or equal marbles. Do not split your column while pushing the opponent.,Occupy 1 goal of each color.,Recommended_4_ownColorVictoryHeuristic,Recommended_4,[0],[1],"[0, 0]","[1, 1]",0
-1355828965,MultiverseMarbles,0,GAME_OVER,200,200,2,60,1,Recommended_4,1,1,1,Recommended_4_ownColorVictoryHeuristic,Recommended_4,-3.0,-3.0,Recommended_4_ownColorVictoryHeuristic,10,9,TwoSides.txt,Jump over 1 marble or blocker or move a marble by 1 space in any direction,Push a column of marbles by 1 space in any direction,Pushed out marbles are removed from play,You can push opposing marbles if you use equal marbles. Do not split your column while pushing the opponent.,Push out 3 opposing marbles.,Recommended_4_ownColorVictoryHeuristic,Recommended_4,[1],[],[1],[],-1
-698182577,MultiverseMarbles,0,GAME_OVER,49,48,2,61,2,Recommended_4,2,1,1,Recommended_4_ownColorVictoryHeuristic,Recommended_4,-1.0,1.0,Recommended_4_ownColorVictoryHeuristic,10,9,TwoSides.txt,Move 1 marble by up to 3 spaces in any direction in a straight line.,Push a column of marbles by 1 space in any direction,Pushed out marbles return to the center. Remove any pre-existing marble.,You can push opposing marbles if you use more or equal marbles. Do not split your column while pushing the opponent.,Occupy 3 non-neighbouring goals.,Recommended_4_ownColorVictoryHeuristic,Recommended_4,[],[0],"[0, 0, 0]",[0],0
-805303081,MultiverseMarbles,0,GAME_OVER,68,67,2,62,1,Recommended_4,1,2,2,Recommended_4_ownColorVictoryHeuristic,Recommended_4,1.0,-1.0,Recommended_4_ownColorVictoryHeuristic,10,7,TwoSides.txt,Move 1 marble by up to 3 spaces in any direction in a straight line.,Push a column of marbles by 1 space in any direction,Pushed out marbles are removed from play,You can push opposing marbles if you use more or equal marbles. Do not split your column while pushing the opponent.,Push out 3 opposing marbles.,Recommended_4_ownColorVictoryHeuristic,Recommended_4,"[1, 1, 1]",[],"[1, 1, 1]",[],1
-324532001,MultiverseMarbles,0,GAME_OVER,61,60,2,63,2,Recommended_4,2,1,1,Recommended_4_ownColorVictoryHeuristic,Recommended_4,-1.0,1.0,Recommended_4_ownColorVictoryHeuristic,9,10,TwoSides.txt,Move 1 marble by 1 space in any direction.,Push a column of marbles by 1 space in any direction,Pushed out marbles return to the center. Remove any pre-existing marble.,You can push opposing marbles if you use more marbles.,Occupy 1 goal of each color.,Recommended_4_ownColorVictoryHeuristic,Recommended_4,[0],[],"[0, 0, 1]",[0],0
-2127933512,MultiverseMarbles,0,GAME_OVER,28,27,2,64,1,Recommended_4,1,2,2,Recommended_4_ownColorVictoryHeuristic,Recommended_4,1.0,-1.0,Recommended_4_ownColorVictoryHeuristic,10,10,TwoSides.txt,Jump over 1 marble or blocker or move a marble by 1 space in any direction,Push a column of marbles by 1 space in any direction,"Pushed out marbles return to the center, if it is free. Else they are removed.",You can push opposing marbles if you use fewer or equal marbles. Do not split your column while pushing the opponent.,Push out 3 opposing marbles.,Recommended_4_ownColorVictoryHeuristic,Recommended_4,[],[],"[1, 1, 1]",[],1
1474367938,MultiverseMarbles,0,GAME_OVER,17,16,2,65,2,Recommended_4,2,1,1,Recommended_4_ownColorVictoryHeuristic,Recommended_4,-1.0,1.0,Recommended_4_ownColorVictoryHeuristic,10,10,TwoSides.txt,Move 1 marble exactly 2 spaces in any direction.,Push a column of marbles by 1 space in any direction,"Pushed out marbles return to the center, if it is free. Else they are removed.",You can push opposing marbles if you use equal marbles. Do not split your column while pushing the opponent.,Occupy 3 non-neighbouring goals.,Recommended_4_ownColorVictoryHeuristic,Recommended_4,[],[],[],[],0
402451958,MultiverseMarbles,0,GAME_OVER,19,18,2,66,2,Recommended_4,2,1,1,Recommended_4_ownColorVictoryHeuristic,Recommended_4,-1.0,1.0,Recommended_4_ownColorVictoryHeuristic,10,9,TwoSides.txt,Move 1 marble by up to 3 spaces in any direction in a straight line.,Push a column of marbles by 1 space in any direction,"Pushed out marbles return to the center, if it is free. Else they are removed.",You can push opposing marbles if you use more marbles.,Occupy 1 goal of each color.,Recommended_4_ownColorVictoryHeuristic,Recommended_4,[0],[],[0],[],0
1539803506,MultiverseMarbles,0,GAME_OVER,200,200,2,67,1,Recommended_4,1,1,1,Recommended_4_ownColorVictoryHeuristic,Recommended_4,-3.0,-3.0,Recommended_4_ownColorVictoryHeuristic,10,10,TwoSides.txt,Move 1 marble by up to 3 spaces in any direction in a straight line.,Push a column of marbles by 1 space in any direction,"Pushed out marbles return to the center, if it is free. Else they are removed.",You can push opposing marbles if you use fewer or equal marbles. Do not split your column while pushing the opponent.,Push out 3 opposing marbles.,Recommended_4_ownColorVictoryHeuristic,Recommended_4,[],[],[1],[],-1
58502344,MultiverseMarbles,0,GAME_OVER,11,10,2,68,2,Recommended_4,2,1,1,Recommended_4_ownColorVictoryHeuristic,Recommended_4,-1.0,1.0,Recommended_4_ownColorVictoryHeuristic,10,10,TwoSides.txt,Move 1 marble exactly 2 spaces in any direction.,Push a column of marbles by 1 space in any direction,Pushed out marbles return to the center. Remove any pre-existing marble.,You can push opposing marbles if you use equal marbles. Do not split your column while pushing the opponent.,Occupy 1 goal of each color.,Recommended_4_ownColorVictoryHeuristic,Recommended_4,[],[],[],[],0
-813627443,MultiverseMarbles,0,GAME_OVER,108,107,2,69,1,Recommended_4,1,2,2,Recommended_4_ownColorVictoryHeuristic,Recommended_4,1.0,-1.0,Recommended_4_ownColorVictoryHeuristic,10,10,TwoSides.txt,Jump over 1 marble or blocker or move a marble by 1 space in any direction,Push a column of marbles by 1 space in any direction,"Pushed out marbles return to the center, if it is free. Else they are removed.",You can push opposing marbles if you use more marbles.,Occupy all goals of your color.,Recommended_4_ownColorVictoryHeuristic,Recommended_4,[],[],[1],"[0, 1]",1
-431946406,MultiverseMarbles,0,GAME_OVER,47,46,2,70,2,Recommended_4,2,1,1,Recommended_4_ownColorVictoryHeuristic,Recommended_4,-1.0,1.0,Recommended_4_ownColorVictoryHeuristic,9,9,TwoSides.txt,Move 1 marble by 1 space in any direction.,Push a column of marbles by 1 space in any direction,Pushed out marbles return to the center. Remove any pre-existing marble.,You can push opposing marbles if you use more marbles.,Occupy 3 non-neighbouring goals.,Recommended_4_ownColorVictoryHeuristic,Recommended_4,[0],[1],[0],"[1, 1]",0
2089628267,MultiverseMarbles,0,GAME_OVER,73,72,2,71,2,Recommended_4,2,1,1,Recommended_4_ownColorVictoryHeuristic,Recommended_4,-1.0,1.0,Recommended_4_ownColorVictoryHeuristic,10,10,TwoSides.txt,Jump over 1 marble or blocker or move a marble by 1 space in any direction,Push a column of marbles by 1 space in any direction,Pushed out marbles return to the center. Remove any pre-existing marble.,You can push opposing marbles if you use fewer or more marbles.,Occupy all goals of your color.,Recommended_4_ownColorVictoryHeuristic,Recommended_4,[],[],[0],[],0
-1638771764,MultiverseMarbles,0,GAME_OVER,76,75,2,72,1,Recommended_4,1,2,2,Recommended_4_ownColorVictoryHeuristic,Recommended_4,1.0,-1.0,Recommended_4_ownColorVictoryHeuristic,9,9,TwoSides.txt,Move 1 marble by 1 space in any direction.,Push a column of marbles by 1 space in any direction,Pushed out marbles return to the center. Remove any pre-existing marble.,You can push opposing marbles if you use fewer or more marbles.,Push out 3 opposing marbles.,Recommended_4_ownColorVictoryHeuristic,Recommended_4,"[1, 1]",[],"[0, 1, 1, 1]","[0, 0]",1
1477706434,MultiverseMarbles,0,GAME_OVER,110,109,2,73,1,Recommended_4,1,2,2,Recommended_4_ownColorVictoryHeuristic,Recommended_4,1.0,-1.0,Recommended_4_ownColorVictoryHeuristic,9,8,TwoSides.txt,Move 1 marble exactly 2 spaces in any direction.,Push a column of marbles by 1 space in any direction,Pushed out marbles return to the center. Remove any pre-existing marble.,You can push opposing marbles if you use more marbles.,Occupy all goals of your color.,Recommended_4_ownColorVictoryHeuristic,Recommended_4,"[0, 1]",[1],"[0, 0, 1, 0]","[1, 1]",1
-719515679,MultiverseMarbles,0,GAME_OVER,108,107,2,74,1,Recommended_4,1,2,2,Recommended_4_ownColorVictoryHeuristic,Recommended_4,1.0,-1.0,Recommended_4_ownColorVictoryHeuristic,10,7,TwoSides.txt,Move 1 marble by up to 3 spaces in any direction in a straight line.,Push a column of marbles by 1 space in any direction,Pushed out marbles are removed from play,You can push opposing marbles if you use fewer or equal marbles. Do not split your column while pushing the opponent.,Push out 3 opposing marbles.,Recommended_4_ownColorVictoryHeuristic,Recommended_4,"[1, 1, 1]",[],"[1, 1, 1]",[],1
17445558,MultiverseMarbles,0,GAME_OVER,44,43,2,75,1,Recommended_4,1,2,2,Recommended_4_ownColorVictoryHeuristic,Recommended_4,1.0,-1.0,Recommended_4_ownColorVictoryHeuristic,8,9,TwoSides.txt,Move 1 marble by up to 3 spaces in any direction in a straight line.,Push a column of marbles by 1 space in any direction,Pushed out marbles are removed from play,"You can push opposing marbles if you use an even number of marbles (2, 4 or 6). Do not split your column while pushing the opponent.",Occupy 1 goal of each color.,Recommended_4_ownColorVictoryHeuristic,Recommended_4,[1],"[0, 1]",[1],"[0, 1]",1
1220995401,MultiverseMarbles,0,GAME_OVER,48,47,2,76,1,Recommended_4,1,2,2,Recommended_4_ownColorVictoryHeuristic,Recommended_4,1.0,-1.0,Recommended_4_ownColorVictoryHeuristic,10,10,TwoSides.txt,Move 1 marble exactly 2 spaces in any direction.,Push a column of marbles by 1 space in any direction,Pushed out marbles are removed from play,You can push opposing marbles if you use equal marbles. Do not split your column while pushing the opponent.,Occupy 3 non-neighbouring goals.,Recommended_4_ownColorVictoryHeuristic,Recommended_4,[],[],[],[],1
-1635055809,MultiverseMarbles,0,GAME_OVER,129,128,2,77,2,Recommended_4,2,1,1,Recommended_4_ownColorVictoryHeuristic,Recommended_4,-1.0,1.0,Recommended_4_ownColorVictoryHeuristic,9,8,TwoSides.txt,Jump over 1 marble or blocker or move a marble by 1 space in any direction,Push a column of marbles by 1 space in any direction,Pushed out marbles are removed from play,You can push opposing marbles if you use more marbles.,Occupy all goals of your color.,Recommended_4_ownColorVictoryHeuristic,Recommended_4,"[0, 0]",[0],"[0, 0]",[0],0
-554813528,MultiverseMarbles,0,GAME_OVER,200,200,2,78,1,Recommended_4,1,1,1,Recommended_4_ownColorVictoryHeuristic,Recommended_4,-3.0,-3.0,Recommended_4_ownColorVictoryHeuristic,10,10,TwoSides.txt,Jump over 1 marble or blocker or move a marble by 1 space in any direction,Push a column of marbles by 1 space in any direction,Pushed out marbles are removed from play,You can push opposing marbles if you use equal marbles. Do not split your column while pushing the opponent.,Push out 3 opposing marbles.,Recommended_4_ownColorVictoryHeuristic,Recommended_4,[],[],[],[],-1
-1683805628,MultiverseMarbles,0,GAME_OVER,42,41,2,79,1,Recommended_4,1,2,2,Recommended_4_ownColorVictoryHeuristic,Recommended_4,1.0,-1.0,Recommended_4_ownColorVictoryHeuristic,10,10,TwoSides.txt,Move 1 marble by up to 3 spaces in any direction in a straight line.,Push a column of marbles by 1 space in any direction,Pushed out marbles return to the center. Remove any pre-existing marble.,"You can push your opposing marbles if you use an uneven number of marbles (1, 3 or 5). Do not split your column while pushing the opponent.",Occupy 1 goal of each color.,Recommended_4_ownColorVictoryHeuristic,Recommended_4,[],[],[0],[1],1
-1750380853,MultiverseMarbles,0,GAME_OVER,78,77,2,80,1,Recommended_4,1,2,2,Recommended_4_ownColorVictoryHeuristic,Recommended_4,1.0,-1.0,Recommended_4_ownColorVictoryHeuristic,10,8,TwoSides.txt,Move 1 marble by up to 3 spaces in any direction in a straight line.,Push a column of marbles by 1 space in any direction,Pushed out marbles are removed from play,You can push opposing marbles if you use more or equal marbles. Do not split your column while pushing the opponent.,Occupy all goals of your color.,Recommended_4_ownColorVictoryHeuristic,Recommended_4,"[0, 0]",[],"[0, 0]",[],1
-168656920,MultiverseMarbles,0,GAME_OVER,84,83,2,81,1,Recommended_4,1,2,2,Recommended_4_ownColorVictoryHeuristic,Recommended_4,1.0,-1.0,Recommended_4_ownColorVictoryHeuristic,10,9,TwoSides.txt,Move 1 marble by 1 space in any direction.,Push a column of marbles by 1 space in any direction,"Pushed out marbles return to the center, if it is free. Else they are removed.","You can push opposing marbles if you use an even number of marbles (2, 4 or 6). Do not split your column while pushing the opponent.",Occupy all goals of your color.,Recommended_4_ownColorVictoryHeuristic,Recommended_4,[1],[],"[0, 0, 1, 1]",[0],1
1910636972,MultiverseMarbles,0,GAME_OVER,98,97,2,82,1,Recommended_4,1,2,2,Recommended_4_ownColorVictoryHeuristic,Recommended_4,1.0,-1.0,Recommended_4_ownColorVictoryHeuristic,8,5,TwoSides.txt,Move 1 marble by up to 3 spaces in any direction in a straight line.,Push a column of marbles by 1 space in any direction,Pushed out marbles return to the center. Remove any pre-existing marble.,You can push opposing marbles if you use more marbles.,Push out 3 opposing marbles.,Recommended_4_ownColorVictoryHeuristic,Recommended_4,"[0, 0, 1, 0, 1]","[0, 1]","[0, 0, 1, 1, 0, 1]","[0, 1]",1
-1137856297,MultiverseMarbles,0,GAME_OVER,23,22,2,83,2,Recommended_4,2,1,1,Recommended_4_ownColorVictoryHeuristic,Recommended_4,-1.0,1.0,Recommended_4_ownColorVictoryHeuristic,10,10,TwoSides.txt,Move 1 marble by up to 3 spaces in any direction in a straight line.,Push a column of marbles by 1 space in any direction,"Pushed out marbles return to the center, if it is free. Else they are removed.",You can push opposing marbles if you use fewer or more marbles.,Occupy 3 non-neighbouring goals.,Recommended_4_ownColorVictoryHeuristic,Recommended_4,[],[],[],[],0
-307592404,MultiverseMarbles,0,GAME_OVER,56,55,2,84,1,Recommended_4,1,2,2,Recommended_4_ownColorVictoryHeuristic,Recommended_4,1.0,-1.0,Recommended_4_ownColorVictoryHeuristic,9,9,TwoSides.txt,Move 1 marble by 1 space in any direction.,Push a column of marbles by 1 space in any direction,Pushed out marbles return to the center. Remove any pre-existing marble.,You can push opposing marbles if you use more or equal marbles. Do not split your column while pushing the opponent.,Occupy all goals of your color.,Recommended_4_ownColorVictoryHeuristic,Recommended_4,[0],[1],"[0, 0, 0]","[1, 1]",1
-1353526698,MultiverseMarbles,0,GAME_OVER,114,113,2,85,1,Recommended_4,1,2,2,Recommended_4_ownColorVictoryHeuristic,Recommended_4,1.0,-1.0,Recommended_4_ownColorVictoryHeuristic,10,10,TwoSides.txt,Move 1 marble by 1 space in any direction.,Push a column of marbles by 1 space in any direction,Pushed out marbles are removed from play,You can push opposing marbles if you use fewer or equal marbles. Do not split your column while pushing the opponent.,Occupy 3 non-neighbouring goals.,Recommended_4_ownColorVictoryHeuristic,Recommended_4,[],[],[],[],1
-1990659661,MultiverseMarbles,0,GAME_OVER,55,54,2,86,2,Recommended_4,2,1,1,Recommended_4_ownColorVictoryHeuristic,Recommended_4,-1.0,1.0,Recommended_4_ownColorVictoryHeuristic,9,9,TwoSides.txt,Jump over 1 marble or blocker or move a marble by 1 space in any direction,Push a column of marbles by 1 space in any direction,"Pushed out marbles return to the center, if it is free. Else they are removed.",You can push opposing marbles if you use fewer or more marbles.,Occupy 3 non-neighbouring goals.,Recommended_4_ownColorVictoryHeuristic,Recommended_4,[1],[1],"[0, 0, 1]","[1, 1, 0]",0
-866191843,MultiverseMarbles,0,GAME_OVER,118,117,2,87,1,Recommended_4,1,2,2,Recommended_4_ownColorVictoryHeuristic,Recommended_4,1.0,-1.0,Recommended_4_ownColorVictoryHeuristic,9,6,TwoSides.txt,Move 1 marble exactly 2 spaces in any direction.,Push a column of marbles by 1 space in any direction,Pushed out marbles are removed from play,You can push opposing marbles if you use fewer or more marbles.,Push out 3 opposing marbles.,Recommended_4_ownColorVictoryHeuristic,Recommended_4,"[0, 1, 1, 1]",[0],"[0, 1, 1, 1]",[0],1
-2069511402,MultiverseMarbles,0,GAME_OVER,85,84,2,88,2,Recommended_4,2,1,1,Recommended_4_ownColorVictoryHeuristic,Recommended_4,-1.0,1.0,Recommended_4_ownColorVictoryHeuristic,9,10,TwoSides.txt,Move 1 marble by up to 3 spaces in any direction in a straight line.,Push a column of marbles by 1 space in any direction,Pushed out marbles are removed from play,"You can push your opposing marbles if you use an uneven number of marbles (1, 3 or 5). Do not split your column while pushing the opponent.",Occupy 1 goal of each color.,Recommended_4_ownColorVictoryHeuristic,Recommended_4,[],[1],[],[1],0
1288752974,MultiverseMarbles,0,GAME_OVER,58,57,2,89,1,Recommended_4,1,2,2,Recommended_4_ownColorVictoryHeuristic,Recommended_4,1.0,-1.0,Recommended_4_ownColorVictoryHeuristic,8,8,TwoSides.txt,Move 1 marble by up to 3 spaces in any direction in a straight line.,Push a column of marbles by 1 space in any direction,Pushed out marbles return to the center. Remove any pre-existing marble.,"You can push opposing marbles if you use an even number of marbles (2, 4 or 6). Do not split your column while pushing the opponent.",Occupy 3 non-neighbouring goals.,Recommended_4_ownColorVictoryHeuristic,Recommended_4,"[0, 0]","[1, 1]","[0, 0, 0]","[1, 1, 1, 1]",1
527763564,MultiverseMarbles,0,GAME_OVER,100,99,2,90,1,Recommended_4,1,2,2,Recommended_4_ownColorVictoryHeuristic,Recommended_4,1.0,-1.0,Recommended_4_ownColorVictoryHeuristic,10,10,TwoSides.txt,Jump over 1 marble or blocker or move a marble by 1 space in any direction,Push a column of marbles by 1 space in any direction,Pushed out marbles return to the center. Remove any pre-existing marble.,"You can push your opposing marbles if you use an uneven number of marbles (1, 3 or 5). Do not split your column while pushing the opponent.",Occupy 3 non-neighbouring goals.,Recommended_4_ownColorVictoryHeuristic,Recommended_4,[],[],[0],[],1
268160768,MultiverseMarbles,0,GAME_OVER,179,178,2,91,2,Recommended_4,2,1,1,Recommended_4_ownColorVictoryHeuristic,Recommended_4,-1.0,1.0,Recommended_4_ownColorVictoryHeuristic,9,10,TwoSides.txt,Move 1 marble exactly 2 spaces in any direction.,Push a column of marbles by 1 space in any direction,"Pushed out marbles return to the center, if it is free. Else they are removed.",You can push opposing marbles if you use fewer or equal marbles. Do not split your column while pushing the opponent.,Push out 3 opposing marbles.,Recommended_4_ownColorVictoryHeuristic,Recommended_4,[],[0],[],"[0, 0, 0]",0
798207429,MultiverseMarbles,0,GAME_OVER,22,21,2,92,1,Recommended_4,1,2,2,Recommended_4_ownColorVictoryHeuristic,Recommended_4,1.0,-1.0,Recommended_4_ownColorVictoryHeuristic,10,10,TwoSides.txt,Move 1 marble by up to 3 spaces in any direction in a straight line.,Push a column of marbles by 1 space in any direction,Pushed out marbles return to the center. Remove any pre-existing marble.,"You can push opposing marbles if you use an even number of marbles (2, 4 or 6). Do not split your column while pushing the opponent.",Occupy 1 goal of each color.,Recommended_4_ownColorVictoryHeuristic,Recommended_4,[],[],[0],[],1
1701343797,MultiverseMarbles,0,GAME_OVER,74,73,2,93,1,Recommended_4,1,2,2,Recommended_4_ownColorVictoryHeuristic,Recommended_4,1.0,-1.0,Recommended_4_ownColorVictoryHeuristic,8,8,TwoSides.txt,Jump over 1 marble or blocker or move a marble by 1 space in any direction,Push a column of marbles by 1 space in any direction,Pushed out marbles are removed from play,You can push opposing marbles if you use more marbles.,Occupy all goals of your color.,Recommended_4_ownColorVictoryHeuristic,Recommended_4,"[0, 0]","[0, 1]","[0, 0]","[0, 1]",1
42958805,MultiverseMarbles,0,GAME_OVER,18,17,2,94,1,Recommended_4,1,2,2,Recommended_4_ownColorVictoryHeuristic,Recommended_4,1.0,-1.0,Recommended_4_ownColorVictoryHeuristic,10,10,TwoSides.txt,Jump over 1 marble or blocker or move a marble by 1 space in any direction,Push a column of marbles by 1 space in any direction,Pushed out marbles return to the center. Remove any pre-existing marble.,You can push opposing marbles if you use more or equal marbles. Do not split your column while pushing the opponent.,Occupy 1 goal of each color.,Recommended_4_ownColorVictoryHeuristic,Recommended_4,[],[],[0],[],1
-1284783044,MultiverseMarbles,0,GAME_OVER,22,21,2,95,1,Recommended_4,1,2,2,Recommended_4_ownColorVictoryHeuristic,Recommended_4,1.0,-1.0,Recommended_4_ownColorVictoryHeuristic,10,10,TwoSides.txt,Move 1 marble by 1 space in any direction.,Push a column of marbles by 1 space in any direction,"Pushed out marbles return to the center, if it is free. Else they are removed.",You can push opposing marbles if you use fewer or equal marbles. Do not split your column while pushing the opponent.,Occupy 1 goal of each color.,Recommended_4_ownColorVictoryHeuristic,Recommended_4,[],[],[],[],1
1990619665,MultiverseMarbles,0,GAME_OVER,21,20,2,96,2,Recommended_4,2,1,1,Recommended_4_ownColorVictoryHeuristic,Recommended_4,-1.0,1.0,Recommended_4_ownColorVictoryHeuristic,10,10,TwoSides.txt,Move 1 marble by up to 3 spaces in any direction in a straight line.,Push a column of marbles by 1 space in any direction,Pushed out marbles return to the center. Remove any pre-existing marble.,You can push opposing marbles if you use more marbles.,Occupy 1 goal of each color.,Recommended_4_ownColorVictoryHeuristic,Recommended_4,[],[],[],[1],0
-447765565,MultiverseMarbles,0,GAME_OVER,128,127,2,97,1,Recommended_4,1,2,2,Recommended_4_ownColorVictoryHeuristic,Recommended_4,1.0,-1.0,Recommended_4_ownColorVictoryHeuristic,9,10,TwoSides.txt,Move 1 marble by 1 space in any direction.,Push a column of marbles by 1 space in any direction,Pushed out marbles return to the center. Remove any pre-existing marble.,"You can push your opposing marbles if you use an uneven number of marbles (1, 3 or 5). Do not split your column while pushing the opponent.",Push out 3 opposing marbles.,Recommended_4_ownColorVictoryHeuristic,Recommended_4,[1],[],"[1, 1, 1]",[],1
-1876727332,MultiverseMarbles,0,GAME_OVER,42,41,2,98,1,Recommended_4,1,2,2,Recommended_4_ownColorVictoryHeuristic,Recommended_4,1.0,-1.0,Recommended_4_ownColorVictoryHeuristic,10,9,TwoSides.txt,Move 1 marble exactly 2 spaces in any direction.,Push a column of marbles by 1 space in any direction,"Pushed out marbles return to the center, if it is free. Else they are removed.",You can push opposing marbles if you use fewer or more marbles.,Occupy all goals of your color.,Recommended_4_ownColorVictoryHeuristic,Recommended_4,[0],[],[0],"[1, 1]",1
-1554647503,MultiverseMarbles,0,GAME_OVER,32,31,2,99,1,Recommended_4,1,2,2,Recommended_4_ownColorVictoryHeuristic,Recommended_4,1.0,-1.0,Recommended_4_ownColorVictoryHeuristic,10,9,TwoSides.txt,Move 1 marble exactly 2 spaces in any direction.,Push a column of marbles by 1 space in any direction,Pushed out marbles return to the center. Remove any pre-existing marble.,You can push opposing marbles if you use more marbles.,Occupy 3 non-neighbouring goals.,Recommended_4_ownColorVictoryHeuristic,Recommended_4,[1],[],"[0, 1, 1]",[1],1
960055211,MultiverseMarbles,0,GAME_OVER,74,73,2,100,1,Recommended_4,1,2,2,Recommended_4_ownColorVictoryHeuristic,Recommended_4,1.0,-1.0,Recommended_4_ownColorVictoryHeuristic,10,10,TwoSides.txt,Jump over 1 marble or blocker or move a marble by 1 space in any direction,Push a column of marbles by 1 space in any direction,"Pushed out marbles return to the center, if it is free. Else they are removed.","You can push opposing marbles if you use an even number of marbles (2, 4 or 6). Do not split your column while pushing the opponent.",Occupy all goals of your color.,Recommended_4_ownColorVictoryHeuristic,Recommended_4,[],[],"[0, 1]",[],1
498463735,MultiverseMarbles,0,GAME_OVER,55,54,2,101,2,Recommended_4,2,1,1,Recommended_4_ownColorVictoryHeuristic,Recommended_4,-1.0,1.0,Recommended_4_ownColorVictoryHeuristic,9,9,TwoSides.txt,Move 1 marble exactly 2 spaces in any direction.,Push a column of marbles by 1 space in any direction,"Pushed out marbles return to the center, if it is free. Else they are removed.",You can push opposing marbles if you use more or equal marbles. Do not split your column while pushing the opponent.,Occupy 3 non-neighbouring goals.,Recommended_4_ownColorVictoryHeuristic,Recommended_4,[0],[1],"[0, 0]","[1, 1]",0
-1351543479,MultiverseMarbles,0,GAME_OVER,73,72,2,102,2,Recommended_4,2,1,1,Recommended_4_ownColorVictoryHeuristic,Recommended_4,-1.0,1.0,Recommended_4_ownColorVictoryHeuristic,9,10,TwoSides.txt,Jump over 1 marble or blocker or move a marble by 1 space in any direction,Push a column of marbles by 1 space in any direction,"Pushed out marbles return to the center, if it is free. Else they are removed.","You can push opposing marbles if you use an even number of marbles (2, 4 or 6). Do not split your column while pushing the opponent.",Occupy 1 goal of each color.,Recommended_4_ownColorVictoryHeuristic,Recommended_4,[],[1],[],"[1, 1]",0
-888673798,MultiverseMarbles,0,GAME_OVER,120,119,2,103,1,Recommended_4,1,2,2,Recommended_4_ownColorVictoryHeuristic,Recommended_4,1.0,-1.0,Recommended_4_ownColorVictoryHeuristic,10,3,TwoSides.txt,Move 1 marble by 1 space in any direction.,Push a column of marbles by 1 space in any direction,Pushed out marbles are removed from play,"You can push opposing marbles if you use an even number of marbles (2, 4 or 6). Do not split your column while pushing the opponent.",Push out 3 opposing marbles.,Recommended_4_ownColorVictoryHeuristic,Recommended_4,"[1, 0, 0, 1, 0, 0, 1]",[],"[1, 0, 0, 1, 0, 0, 1]",[],1
38123686,MultiverseMarbles,0,GAME_OVER,64,63,2,104,1,Recommended_4,1,2,2,Recommended_4_ownColorVictoryHeuristic,Recommended_4,1.0,-1.0,Recommended_4_ownColorVictoryHeuristic,10,10,TwoSides.txt,Move 1 marble by 1 space in any direction.,Push a column of marbles by 1 space in any direction,Pushed out marbles are removed from play,You can push opposing marbles if you use fewer or equal marbles. Do not split your column while pushing the opponent.,Occupy 1 goal of each color.,Recommended_4_ownColorVictoryHeuristic,Recommended_4,[],[],[],[],1
1483833162,MultiverseMarbles,0,GAME_OVER,27,26,2,105,2,Recommended_4,2,1,1,Recommended_4_ownColorVictoryHeuristic,Recommended_4,-1.0,1.0,Recommended_4_ownColorVictoryHeuristic,10,10,TwoSides.txt,Jump over 1 marble or blocker or move a marble by 1 space in any direction,Push a column of marbles by 1 space in any direction,Pushed out marbles return to the center. Remove any pre-existing marble.,You can push opposing marbles if you use equal marbles. Do not split your column while pushing the opponent.,Occupy 1 goal of each color.,Recommended_4_ownColorVictoryHeuristic,Recommended_4,[],[],[],[],0
1811438810,MultiverseMarbles,0,GAME_OVER,35,34,2,106,2,Recommended_4,2,1,1,Recommended_4_ownColorVictoryHeuristic,Recommended_4,-1.0,1.0,Recommended_4_ownColorVictoryHeuristic,10,9,TwoSides.txt,Move 1 marble by 1 space in any direction.,Push a column of marbles by 1 space in any direction,Pushed out marbles are removed from play,You can push opposing marbles if you use more or equal marbles. Do not split your column while pushing the opponent.,Occupy 1 goal of each color.,Recommended_4_ownColorVictoryHeuristic,Recommended_4,[0],[],[0],[],0
-355232835,MultiverseMarbles,0,GAME_OVER,16,15,2,107,1,Recommended_4,1,2,2,Recommended_4_ownColorVictoryHeuristic,Recommended_4,1.0,-1.0,Recommended_4_ownColorVictoryHeuristic,10,10,TwoSides.txt,Move 1 marble exactly 2 spaces in any direction.,Push a column of marbles by 1 space in any direction,"Pushed out marbles return to the center, if it is free. Else they are removed.",You can push opposing marbles if you use fewer or equal marbles. Do not split your column while pushing the opponent.,Occupy 1 goal of each color.,Recommended_4_ownColorVictoryHeuristic,Recommended_4,[],[],[],[],1
690323257,MultiverseMarbles,0,GAME_OVER,47,46,2,108,2,Recommended_4,2,1,1,Recommended_4_ownColorVictoryHeuristic,Recommended_4,-1.0,1.0,Recommended_4_ownColorVictoryHeuristic,10,9,TwoSides.txt,Jump over 1 marble or blocker or move a marble by 1 space in any direction,Push a column of marbles by 1 space in any direction,"Pushed out marbles return to the center, if it is free. Else they are removed.",You can push opposing marbles if you use more marbles.,Occupy 3 non-neighbouring goals.,Recommended_4_ownColorVictoryHeuristic,Recommended_4,[1],[],"[0, 1]",[],0
1618506535,MultiverseMarbles,0,GAME_OVER,100,99,2,109,1,Recommended_4,1,2,2,Recommended_4_ownColorVictoryHeuristic,Recommended_4,1.0,-1.0,Recommended_4_ownColorVictoryHeuristic,10,10,TwoSides.txt,Jump over 1 marble or blocker or move a marble by 1 space in any direction,Push a column of marbles by 1 space in any direction,"Pushed out marbles return to the center, if it is free. Else they are removed.",You can push opposing marbles if you use fewer or equal marbles. Do not split your column while pushing the opponent.,Occupy all goals of your color.,Recommended_4_ownColorVictoryHeuristic,Recommended_4,[],[],[1],[],1
-249150289,MultiverseMarbles,0,GAME_OVER,43,42,2,110,2,Recommended_4,2,1,1,Recommended_4_ownColorVictoryHeuristic,Recommended_4,-1.0,1.0,Recommended_4_ownColorVictoryHeuristic,10,10,TwoSides.txt,Move 1 marble exactly 2 spaces in any direction.,Push a column of marbles by 1 space in any direction,Pushed out marbles are removed from play,"You can push opposing marbles if you use an even number of marbles (2, 4 or 6). Do not split your column while pushing the opponent.",Occupy all goals of your color.,Recommended_4_ownColorVictoryHeuristic,Recommended_4,[],[],[],[],0
-1936510396,MultiverseMarbles,0,GAME_OVER,25,24,2,111,2,Recommended_4,2,1,1,Recommended_4_ownColorVictoryHeuristic,Recommended_4,-1.0,1.0,Recommended_4_ownColorVictoryHeuristic,10,9,TwoSides.txt,Move 1 marble exactly 2 spaces in any direction.,Push a column of marbles by 1 space in any direction,Pushed out marbles are removed from play,"You can push opposing marbles if you use an even number of marbles (2, 4 or 6). Do not split your column while pushing the opponent.",Occupy 1 goal of each color.,Recommended_4_ownColorVictoryHeuristic,Recommended_4,[0],[],[0],[],0
695073731,MultiverseMarbles,0,GAME_OVER,30,29,2,112,1,Recommended_4,1,2,2,Recommended_4_ownColorVictoryHeuristic,Recommended_4,1.0,-1.0,Recommended_4_ownColorVictoryHeuristic,10,10,TwoSides.txt,Move 1 marble by 1 space in any direction.,Push a column of marbles by 1 space in any direction,Pushed out marbles are removed from play,You can push opposing marbles if you use fewer or equal marbles. Do not split your column while pushing the opponent.,Occupy 1 goal of each color.,Recommended_4_ownColorVictoryHeuristic,Recommended_4,[],[],[],[],1
1510598041,MultiverseMarbles,0,GAME_OVER,32,31,2,113,1,Recommended_4,1,2,2,Recommended_4_ownColorVictoryHeuristic,Recommended_4,1.0,-1.0,Recommended_4_ownColorVictoryHeuristic,8,10,TwoSides.txt,Move 1 marble exactly 2 spaces in any direction.,Push a column of marbles by 1 space in any direction,Pushed out marbles return to the center. Remove any pre-existing marble.,"You can push your opposing marbles if you use an uneven number of marbles (1, 3 or 5). Do not split your column while pushing the opponent.",Occupy 1 goal of each color.,Recommended_4_ownColorVictoryHeuristic,Recommended_4,"[0, 0]",[],"[0, 0]","[1, 1]",1
930384360,MultiverseMarbles,0,GAME_OVER,70,69,2,114,1,Recommended_4,1,2,2,Recommended_4_ownColorVictoryHeuristic,Recommended_4,1.0,-1.0,Recommended_4_ownColorVictoryHeuristic,9,10,TwoSides.txt,Jump over 1 marble or blocker or move a marble by 1 space in any direction,Push a column of marbles by 1 space in any direction,Pushed out marbles return to the center. Remove any pre-existing marble.,You can push opposing marbles if you use more or equal marbles. Do not split your column while pushing the opponent.,Occupy 1 goal of each color.,Recommended_4_ownColorVictoryHeuristic,Recommended_4,[0],[],"[0, 0]","[0, 0]",1
-1202270260,MultiverseMarbles,0,GAME_OVER,33,32,2,115,2,Recommended_4,2,1,1,Recommended_4_ownColorVictoryHeuristic,Recommended_4,-1.0,1.0,Recommended_4_ownColorVictoryHeuristic,10,10,TwoSides.txt,Move 1 marble by up to 3 spaces in any direction in a straight line.,Push a column of marbles by 1 space in any direction,"Pushed out marbles return to the center, if it is free. Else they are removed.",You can push opposing marbles if you use fewer or more marbles.,Occupy 1 goal of each color.,Recommended_4_ownColorVictoryHeuristic,Recommended_4,[],[],[0],[],0
234784526,MultiverseMarbles,0,GAME_OVER,88,87,2,116,1,Recommended_4,1,2,2,Recommended_4_ownColorVictoryHeuristic,Recommended_4,1.0,-1.0,Recommended_4_ownColorVictoryHeuristic,10,8,TwoSides.txt,Move 1 marble exactly 2 spaces in any direction.,Push a column of marbles by 1 space in any direction,"Pushed out marbles return to the center, if it is free. Else they are removed.",You can push opposing marbles if you use more marbles.,Occupy all goals of your color.,Recommended_4_ownColorVictoryHeuristic,Recommended_4,"[0, 0]",[],"[0, 0, 0, 0, 0, 1]","[1, 1]",1
73397318,MultiverseMarbles,0,GAME_OVER,100,99,2,117,1,Recommended_4,1,2,2,Recommended_4_ownColorVictoryHeuristic,Recommended_4,1.0,-1.0,Recommended_4_ownColorVictoryHeuristic,9,9,TwoSides.txt,Move 1 marble by up to 3 spaces in any direction in a straight line.,Push a column of marbles by 1 space in any direction,Pushed out marbles return to the center. Remove any pre-existing marble.,"You can push opposing marbles if you use an even number of marbles (2, 4 or 6). Do not split your column while pushing the opponent.",Occupy all goals of your color.,Recommended_4_ownColorVictoryHeuristic,Recommended_4,"[1, 1]",[],"[0, 1, 1, 1]",[],1
637536396,MultiverseMarbles,0,GAME_OVER,36,35,2,118,1,Recommended_4,1,2,2,Recommended_4_ownColorVictoryHeuristic,Recommended_4,1.0,-1.0,Recommended_4_ownColorVictoryHeuristic,10,10,TwoSides.txt,Move 1 marble exactly 2 spaces in any direction.,Push a column of marbles by 1 space in any direction,Pushed out marbles return to the center. Remove any pre-existing marble.,You can push opposing marbles if you use more marbles.,Occupy 3 non-neighbouring goals.,Recommended_4_ownColorVictoryHeuristic,Recommended_4,[],[],[],"[1, 1]",1
120093725,MultiverseMarbles,0,GAME_OVER,40,39,2,119,1,Recommended_4,1,2,2,Recommended_4_ownColorVictoryHeuristic,Recommended_4,1.0,-1.0,Recommended_4_ownColorVictoryHeuristic,10,10,TwoSides.txt,Move 1 marble by up to 3 spaces in any direction in a straight line.,Push a column of marbles by 1 space in any direction,Pushed out marbles return to the center. Remove any pre-existing marble.,"You can push opposing marbles if you use an even number of marbles (2, 4 or 6). Do not split your column while pushing the opponent.",Occupy 1 goal of each color.,Recommended_4_ownColorVictoryHeuristic,Recommended_4,[],[],[],[],1
-1658116905,MultiverseMarbles,0,GAME_OVER,200,200,2,120,1,Recommended_4,1,1,1,Recommended_4_ownColorVictoryHeuristic,Recommended_4,-3.0,-3.0,Recommended_4_ownColorVictoryHeuristic,9,10,TwoSides.txt,Move 1 marble by up to 3 spaces in any direction in a straight line.,Push a column of marbles by 1 space in any direction,Pushed out marbles return to the center. Remove any pre-existing marble.,You can push opposing marbles if you use fewer or equal marbles. Do not split your column while pushing the opponent.,Push out 3 opposing marbles.,Recommended_4_ownColorVictoryHeuristic,Recommended_4,[1],[],[1],[],-1
-303014245,MultiverseMarbles,0,GAME_OVER,120,119,2,121,1,Recommended_4,1,2,2,Recommended_4_ownColorVictoryHeuristic,Recommended_4,1.0,-1.0,Recommended_4_ownColorVictoryHeuristic,10,7,TwoSides.txt,Move 1 marble by 1 space in any direction.,Push a column of marbles by 1 space in any direction,Pushed out marbles are removed from play,You can push opposing marbles if you use fewer or more marbles.,Push out 3 opposing marbles.,Recommended_4_ownColorVictoryHeuristic,Recommended_4,"[1, 1, 1]",[],"[1, 1, 1]",[],1
478485420,MultiverseMarbles,0,GAME_OVER,21,20,2,122,2,Recommended_4,2,1,1,Recommended_4_ownColorVictoryHeuristic,Recommended_4,-1.0,1.0,Recommended_4_ownColorVictoryHeuristic,10,10,TwoSides.txt,Jump over 1 marble or blocker or move a marble by 1 space in any direction,Push a column of marbles by 1 space in any direction,"Pushed out marbles return to the center, if it is free. Else they are removed.","You can push opposing marbles if you use an even number of marbles (2, 4 or 6). Do not split your column while pushing the opponent.",Occupy 1 goal of each color.,Recommended_4_ownColorVictoryHeuristic,Recommended_4,[],[],[0],[],0
-82734118,MultiverseMarbles,0,GAME_OVER,90,89,2,123,1,Recommended_4,1,2,2,Recommended_4_ownColorVictoryHeuristic,Recommended_4,1.0,-1.0,Recommended_4_ownColorVictoryHeuristic,10,7,TwoSides.txt,Move 1 marble exactly 2 spaces in any direction.,Push a column of marbles by 1 space in any direction,Pushed out marbles are removed from play,"You can push opposing marbles if you use an even number of marbles (2, 4 or 6). Do not split your column while pushing the opponent.",Push out 3 opposing marbles.,Recommended_4_ownColorVictoryHeuristic,Recommended_4,"[1, 1, 1]",[],"[1, 1, 1]",[],1
713120397,MultiverseMarbles,0,GAME_OVER,42,41,2,124,1,Recommended_4,1,2,2,Recommended_4_ownColorVictoryHeuristic,Recommended_4,1.0,-1.0,Recommended_4_ownColorVictoryHeuristic,10,10,TwoSides.txt,Move 1 marble by up to 3 spaces in any direction in a straight line.,Push a column of marbles by 1 space in any direction,Pushed out marbles return to the center. Remove any pre-existing marble.,"You can push your opposing marbles if you use an uneven number of marbles (1, 3 or 5). Do not split your column while pushing the opponent.",Occupy 3 non-neighbouring goals.,Recommended_4_ownColorVictoryHeuristic,Recommended_4,[],[],[0],[],1
-1830809784,MultiverseMarbles,0,GAME_OVER,200,200,2,125,1,Recommended_4,1,1,1,Recommended_4_ownColorVictoryHeuristic,Recommended_4,-3.0,-3.0,Recommended_4_ownColorVictoryHeuristic,10,7,TwoSides.txt,Move 1 marble by up to 3 spaces in any direction in a straight line.,Push a column of marbles by 1 space in any direction,Pushed out marbles are removed from play,"You can push your opposing marbles if you use an uneven number of marbles (1, 3 or 5). Do not split your column while pushing the opponent.",Push out 3 opposing marbles.,Recommended_4_ownColorVictoryHeuristic,Recommended_4,"[0, 0, 0]",[],"[0, 0, 0]",[],-1
117398471,MultiverseMarbles,0,GAME_OVER,100,99,2,126,1,Recommended_4,1,2,2,Recommended_4_ownColorVictoryHeuristic,Recommended_4,1.0,-1.0,Recommended_4_ownColorVictoryHeuristic,10,7,TwoSides.txt,Move 1 marble by 1 space in any direction.,Push a column of marbles by 1 space in any direction,"Pushed out marbles return to the center, if it is free. Else they are removed.","You can push opposing marbles if you use an even number of marbles (2, 4 or 6). Do not split your column while pushing the opponent.",Push out 3 opposing marbles.,Recommended_4_ownColorVictoryHeuristic,Recommended_4,"[0, 0, 1]",[],"[0, 1, 0, 1, 1]",[1],1
459057434,MultiverseMarbles,0,GAME_OVER,50,49,2,127,1,Recommended_4,1,2,2,Recommended_4_ownColorVictoryHeuristic,Recommended_4,1.0,-1.0,Recommended_4_ownColorVictoryHeuristic,10,10,TwoSides.txt,Jump over 1 marble or blocker or move a marble by 1 space in any direction,Push a column of marbles by 1 space in any direction,Pushed out marbles return to the center. Remove any pre-existing marble.,You can push opposing marbles if you use fewer or more marbles.,Occupy 3 non-neighbouring goals.,Recommended_4_ownColorVictoryHeuristic,Recommended_4,[],[],[],[],1
-1774375335,MultiverseMarbles,0,GAME_OVER,42,41,2,128,1,Recommended_4,1,2,2,Recommended_4_ownColorVictoryHeuristic,Recommended_4,1.0,-1.0,Recommended_4_ownColorVictoryHeuristic,10,8,TwoSides.txt,Move 1 marble exactly 2 spaces in any direction.,Push a column of marbles by 1 space in any direction,Pushed out marbles return to the center. Remove any pre-existing marble.,You can push opposing marbles if you use more marbles.,Occupy 3 non-neighbouring goals.,Recommended_4_ownColorVictoryHeuristic,Recommended_4,[0],[1],"[0, 0]",[1],1
-828290833,MultiverseMarbles,0,GAME_OVER,47,46,2,129,2,Recommended_4,2,1,1,Recommended_4_ownColorVictoryHeuristic,Recommended_4,-1.0,1.0,Recommended_4_ownColorVictoryHeuristic,10,9,TwoSides.txt,Move 1 marble by 1 space in any direction.,Push a column of marbles by 1 space in any direction,Pushed out marbles are removed from play,"You can push opposing marbles if you use an even number of marbles (2, 4 or 6). Do not split your column while pushing the opponent.",Occupy 3 non-neighbouring goals.,Recommended_4_ownColorVictoryHeuristic,Recommended_4,[0],[],[0],[],0
672948080,MultiverseMarbles,0,GAME_OVER,108,107,2,130,1,Recommended_4,1,2,2,Recommended_4_ownColorVictoryHeuristic,Recommended_4,1.0,-1.0,Recommended_4_ownColorVictoryHeuristic,10,10,TwoSides.txt,Move 1 marble by 1 space in any direction.,Push a column of marbles by 1 space in any direction,Pushed out marbles return to the center. Remove any pre-existing marble.,"You can push your opposing marbles if you use an uneven number of marbles (1, 3 or 5). Do not split your column while pushing the opponent.",Occupy 1 goal of each color.,Recommended_4_ownColorVictoryHeuristic,Recommended_4,[],[],"[0, 0]",[],1
263512374,MultiverseMarbles,0,GAME_OVER,78,77,2,131,1,Recommended_4,1,2,2,Recommended_4_ownColorVictoryHeuristic,Recommended_4,1.0,-1.0,Recommended_4_ownColorVictoryHeuristic,10,8,TwoSides.txt,Jump over 1 marble or blocker or move a marble by 1 space in any direction,Push a column of marbles by 1 space in any direction,Pushed out marbles return to the center. Remove any pre-existing marble.,You can push opposing marbles if you use more marbles.,Occupy all goals of your color.,Recommended_4_ownColorVictoryHeuristic,Recommended_4,"[0, 0]",[],"[0, 0, 0, 0, 1]",[],1
1600164446,MultiverseMarbles,0,GAME_OVER,98,97,2,132,1,Recommended_4,1,2,2,Recommended_4_ownColorVictoryHeuristic,Recommended_4,1.0,-1.0,Recommended_4_ownColorVictoryHeuristic,10,10,TwoSides.txt,Move 1 marble exactly 2 spaces in any direction.,Push a column of marbles by 1 space in any direction,Pushed out marbles return to the center. Remove any pre-existing marble.,"You can push your opposing marbles if you use an uneven number of marbles (1, 3 or 5). Do not split your column while pushing the opponent.",Occupy all goals of your color.,Recommended_4_ownColorVictoryHeuristic,Recommended_4,[],[],"[0, 0]",[],1
1962633751,MultiverseMarbles,0,GAME_OVER,200,200,2,133,1,Recommended_4,1,1,1,Recommended_4_ownColorVictoryHeuristic,Recommended_4,-3.0,-3.0,Recommended_4_ownColorVictoryHeuristic,10,10,TwoSides.txt,Move 1 marble by 1 space in any direction.,Push a column of marbles by 1 space in any direction,Pushed out marbles are removed from play,You can push opposing marbles if you use fewer or equal marbles. Do not split your column while pushing the opponent.,Occupy all goals of your color.,Recommended_4_ownColorVictoryHeuristic,Recommended_4,[],[],[],[],-1
2022138414,MultiverseMarbles,0,GAME_OVER,39,38,2,134,2,Recommended_4,2,1,1,Recommended_4_ownColorVictoryHeuristic,Recommended_4,-1.0,1.0,Recommended_4_ownColorVictoryHeuristic,10,10,TwoSides.txt,Move 1 marble by up to 3 spaces in any direction in a straight line.,Push a column of marbles by 1 space in any direction,Pushed out marbles return to the center. Remove any pre-existing marble.,You can push opposing marbles if you use more marbles.,Occupy 3 non-neighbouring goals.,Recommended_4_ownColorVictoryHeuristic,Recommended_4,[],[],"[0, 0]",[],0
-1115890716,MultiverseMarbles,0,GAME_OVER,27,26,2,135,2,Recommended_4,2,1,1,Recommended_4_ownColorVictoryHeuristic,Recommended_4,-1.0,1.0,Recommended_4_ownColorVictoryHeuristic,10,9,TwoSides.txt,Move 1 marble exactly 2 spaces in any direction.,Push a column of marbles by 1 space in any direction,"Pushed out marbles return to the center, if it is free. Else they are removed.","You can push opposing marbles if you use an even number of marbles (2, 4 or 6). Do not split your column while pushing the opponent.",Occupy 1 goal of each color.,Recommended_4_ownColorVictoryHeuristic,Recommended_4,[0],[],"[0, 0]",[],0
-1816149951,MultiverseMarbles,0,GAME_OVER,43,42,2,136,2,Recommended_4,2,1,1,Recommended_4_ownColorVictoryHeuristic,Recommended_4,-1.0,1.0,Recommended_4_ownColorVictoryHeuristic,10,10,TwoSides.txt,Move 1 marble by 1 space in any direction.,Push a column of marbles by 1 space in any direction,Pushed out marbles return to the center. Remove any pre-existing marble.,You can push opposing marbles if you use fewer or more marbles.,Occupy 3 non-neighbouring goals.,Recommended_4_ownColorVictoryHeuristic,Recommended_4,[],[],"[0, 0]",[],0
2000059494,MultiverseMarbles,0,GAME_OVER,86,85,2,137,1,Recommended_4,1,2,2,Recommended_4_ownColorVictoryHeuristic,Recommended_4,1.0,-1.0,Recommended_4_ownColorVictoryHeuristic,9,8,TwoSides.txt,Move 1 marble exactly 2 spaces in any direction.,Push a column of marbles by 1 space in any direction,Pushed out marbles are removed from play,You can push opposing marbles if you use more marbles.,Occupy all goals of your color.,Recommended_4_ownColorVictoryHeuristic,Recommended_4,"[1, 0]",[0],"[1, 0]",[0],1
-1190267485,MultiverseMarbles,0,GAME_OVER,15,14,2,138,2,Recommended_4,2,1,1,Recommended_4_ownColorVictoryHeuristic,Recommended_4,-1.0,1.0,Recommended_4_ownColorVictoryHeuristic,10,10,TwoSides.txt,Move 1 marble exactly 2 spaces in any direction.,Push a column of marbles by 1 space in any direction,"Pushed out marbles return to the center, if it is free. Else they are removed.",You can push opposing marbles if you use fewer or equal marbles. Do not split your column while pushing the opponent.,Occupy 1 goal of each color.,Recommended_4_ownColorVictoryHeuristic,Recommended_4,[],[],[],[],0
2110027652,MultiverseMarbles,0,GAME_OVER,98,97,2,139,1,Recommended_4,1,2,2,Recommended_4_ownColorVictoryHeuristic,Recommended_4,1.0,-1.0,Recommended_4_ownColorVictoryHeuristic,9,8,TwoSides.txt,Jump over 1 marble or blocker or move a marble by 1 space in any direction,Push a column of marbles by 1 space in any direction,Pushed out marbles are removed from play,You can push opposing marbles if you use more or equal marbles. Do not split your column while pushing the opponent.,Occupy all goals of your color.,Recommended_4_ownColorVictoryHeuristic,Recommended_4,"[0, 0]",[0],"[0, 0]",[0],1
1836665067,MultiverseMarbles,0,GAME_OVER,22,21,2,140,1,Recommended_4,1,2,2,Recommended_4_ownColorVictoryHeuristic,Recommended_4,1.0,-1.0,Recommended_4_ownColorVictoryHeuristic,10,9,TwoSides.txt,Move 1 marble exactly 2 spaces in any direction.,Push a column of marbles by 1 space in any direction,Pushed out marbles are removed from play,"You can push opposing marbles if you use an even number of marbles (2, 4 or 6). Do not split your column while pushing the opponent.",Occupy 1 goal of each color.,Recommended_4_ownColorVictoryHeuristic,Recommended_4,[0],[],[0],[],1
1326711567,MultiverseMarbles,0,GAME_OVER,36,35,2,141,1,Recommended_4,1,2,2,Recommended_4_ownColorVictoryHeuristic,Recommended_4,1.0,-1.0,Recommended_4_ownColorVictoryHeuristic,10,6,TwoSides.txt,Move 1 marble by 1 space in any direction.,Push a column of marbles by 1 space in any direction,"Pushed out marbles return to the center, if it is free. Else they are removed.",You can push opposing marbles if you use fewer or more marbles.,Occupy 1 goal of each color.,Recommended_4_ownColorVictoryHeuristic,Recommended_4,"[1, 0, 1, 0]",[],"[0, 1, 0, 1, 0]",[],1
1929126127,MultiverseMarbles,0,GAME_OVER,47,46,2,142,2,Recommended_4,2,1,1,Recommended_4_ownColorVictoryHeuristic,Recommended_4,-1.0,1.0,Recommended_4_ownColorVictoryHeuristic,8,8,TwoSides.txt,Move 1 marble by 1 space in any direction.,Push a column of marbles by 1 space in any direction,Pushed out marbles return to the center. Remove any pre-existing marble.,You can push opposing marbles if you use more or equal marbles. Do not split your column while pushing the opponent.,Occupy 1 goal of each color.,Recommended_4_ownColorVictoryHeuristic,Recommended_4,"[0, 0]","[1, 1]","[0, 0]","[1, 1, 1]",0
-1327102278,MultiverseMarbles,0,GAME_OVER,108,107,2,143,1,Recommended_4,1,2,2,Recommended_4_ownColorVictoryHeuristic,Recommended_4,1.0,-1.0,Recommended_4_ownColorVictoryHeuristic,9,10,TwoSides.txt,Move 1 marble exactly 2 spaces in any direction.,Push a column of marbles by 1 space in any direction,Pushed out marbles return to the center. Remove any pre-existing marble.,"You can push your opposing marbles if you use an uneven number of marbles (1, 3 or 5). Do not split your column while pushing the opponent.",Occupy 1 goal of each color.,Recommended_4_ownColorVictoryHeuristic,Recommended_4,[0],[],"[0, 1]",[],1
662232205,MultiverseMarbles,0,GAME_OVER,16,15,2,144,1,Recommended_4,1,2,2,Recommended_4_ownColorVictoryHeuristic,Recommended_4,1.0,-1.0,Recommended_4_ownColorVictoryHeuristic,10,10,TwoSides.txt,Move 1 marble by up to 3 spaces in any direction in a straight line.,Push a column of marbles by 1 space in any direction,Pushed out marbles are removed from play,You can push opposing marbles if you use equal marbles. Do not split your column while pushing the opponent.,Occupy 3 non-neighbouring goals.,Recommended_4_ownColorVictoryHeuristic,Recommended_4,[],[],[],[],1
-706626424,MultiverseMarbles,0,GAME_OVER,55,54,2,145,2,Recommended_4,2,1,1,Recommended_4_ownColorVictoryHeuristic,Recommended_4,-1.0,1.0,Recommended_4_ownColorVictoryHeuristic,10,9,TwoSides.txt,Move 1 marble exactly 2 spaces in any direction.,Push a column of marbles by 1 space in any direction,"Pushed out marbles return to the center, if it is free. Else they are removed.","You can push opposing marbles if you use an even number of marbles (2, 4 or 6). Do not split your column while pushing the opponent.",Occupy all goals of your color.,Recommended_4_ownColorVictoryHeuristic,Recommended_4,[0],[],"[0, 0]",[0],0
252744278,MultiverseMarbles,0,GAME_OVER,25,24,2,146,2,Recommended_4,2,1,1,Recommended_4_ownColorVictoryHeuristic,Recommended_4,-1.0,1.0,Recommended_4_ownColorVictoryHeuristic,10,10,TwoSides.txt,Move 1 marble by up to 3 spaces in any direction in a straight line.,Push a column of marbles by 1 space in any direction,"Pushed out marbles return to the center, if it is free. Else they are removed.","You can push your opposing marbles if you use an uneven number of marbles (1, 3 or 5). Do not split your column while pushing the opponent.",Occupy 3 non-neighbouring goals.,Recommended_4_ownColorVictoryHeuristic,Recommended_4,[],[],[],[],0
-464991428,MultiverseMarbles,0,GAME_OVER,47,46,2,147,2,Recommended_4,2,1,1,Recommended_4_ownColorVictoryHeuristic,Recommended_4,-1.0,1.0,Recommended_4_ownColorVictoryHeuristic,10,9,TwoSides.txt,Move 1 marble exactly 2 spaces in any direction.,Push a column of marbles by 1 space in any direction,Pushed out marbles return to the center. Remove any pre-existing marble.,You can push opposing marbles if you use more or equal marbles. Do not split your column while pushing the opponent.,Push out 3 opposing marbles.,Recommended_4_ownColorVictoryHeuristic,Recommended_4,[],[0],[0],"[0, 0, 0]",0
-552595740,MultiverseMarbles,0,GAME_OVER,55,54,2,148,2,Recommended_4,2,1,1,Recommended_4_ownColorVictoryHeuristic,Recommended_4,-1.0,1.0,Recommended_4_ownColorVictoryHeuristic,10,8,TwoSides.txt,Move 1 marble by 1 space in any direction.,Push a column of marbles by 1 space in any direction,Pushed out marbles are removed from play,"You can push opposing marbles if you use an even number of marbles (2, 4 or 6). Do not split your column while pushing the opponent.",Occupy 1 goal of each color.,Recommended_4_ownColorVictoryHeuristic,Recommended_4,"[0, 0]",[],"[0, 0]",[],0
2039106432,MultiverseMarbles,0,GAME_OVER,100,99,2,149,1,Recommended_4,1,2,2,Recommended_4_ownColorVictoryHeuristic,Recommended_4,1.0,-1.0,Recommended_4_ownColorVictoryHeuristic,10,8,TwoSides.txt,Move 1 marble by 1 space in any direction.,Push a column of marbles by 1 space in any direction,Pushed out marbles are removed from play,"You can push your opposing marbles if you use an uneven number of marbles (1, 3 or 5). Do not split your column while pushing the opponent.",Occupy 3 non-neighbouring goals.,Recommended_4_ownColorVictoryHeuristic,Recommended_4,"[0, 1]",[],"[0, 1]",[],1
-1102067937,MultiverseMarbles,0,GAME_OVER,109,108,2,150,2,Recommended_4,2,1,1,Recommended_4_ownColorVictoryHeuristic,Recommended_4,-1.0,1.0,Recommended_4_ownColorVictoryHeuristic,10,9,TwoSides.txt,Move 1 marble by up to 3 spaces in any direction in a straight line.,Push a column of marbles by 1 space in any direction,Pushed out marbles return to the center. Remove any pre-existing marble.,You can push opposing marbles if you use more or equal marbles. Do not split your column while pushing the opponent.,Occupy all goals of your color.,Recommended_4_ownColorVictoryHeuristic,Recommended_4,[1],[],"[1, 1]",[],0
676317676,MultiverseMarbles,0,GAME_OVER,70,69,2,151,1,Recommended_4,1,2,2,Recommended_4_ownColorVictoryHeuristic,Recommended_4,1.0,-1.0,Recommended_4_ownColorVictoryHeuristic,10,8,TwoSides.txt,Jump over 1 marble or blocker or move a marble by 1 space in any direction,Push a column of marbles by 1 space in any direction,"Pushed out marbles return to the center, if it is free. Else they are removed.","You can push opposing marbles if you use an even number of marbles (2, 4 or 6). Do not split your column while pushing the opponent.",Occupy all goals of your color.,Recommended_4_ownColorVictoryHeuristic,Recommended_4,"[0, 1]",[],"[0, 0, 0, 1]",[],1
-1751082050,MultiverseMarbles,0,GAME_OVER,126,125,2,152,1,Recommended_4,1,2,2,Recommended_4_ownColorVictoryHeuristic,Recommended_4,1.0,-1.0,Recommended_4_ownColorVictoryHeuristic,10,10,TwoSides.txt,Move 1 marble by 1 space in any direction.,Push a column of marbles by 1 space in any direction,"Pushed out marbles return to the center, if it is free. Else they are removed.",You can push opposing marbles if you use equal marbles. Do not split your column while pushing the opponent.,Occupy all goals of your color.,Recommended_4_ownColorVictoryHeuristic,Recommended_4,[],[],[1],[],1
1733491472,MultiverseMarbles,0,GAME_OVER,200,200,2,153,1,Recommended_4,1,1,1,Recommended_4_ownColorVictoryHeuristic,Recommended_4,-3.0,-3.0,Recommended_4_ownColorVictoryHeuristic,10,5,TwoSides.txt,Jump over 1 marble or blocker or move a marble by 1 space in any direction,Push a column of marbles by 1 space in any direction,Pushed out marbles are removed from play,You can push opposing marbles if you use more marbles.,Push out 3 opposing marbles.,Recommended_4_ownColorVictoryHeuristic,Recommended_4,"[0, 0, 0, 0, 1]",[],"[0, 0, 0, 0, 1]",[],-1
587681215,MultiverseMarbles,0,GAME_OVER,118,117,2,154,1,Recommended_4,1,2,2,Recommended_4_ownColorVictoryHeuristic,Recommended_4,1.0,-1.0,Recommended_4_ownColorVictoryHeuristic,9,10,TwoSides.txt,Move 1 marble by 1 space in any direction.,Push a column of marbles by 1 space in any direction,Pushed out marbles return to the center. Remove any pre-existing marble.,You can push opposing marbles if you use more or equal marbles. Do not split your column while pushing the opponent.,Occupy all goals of your color.,Recommended_4_ownColorVictoryHeuristic,Recommended_4,[0],[],"[0, 0]",[],1
626609192,MultiverseMarbles,0,GAME_OVER,40,39,2,155,1,Recommended_4,1,2,2,Recommended_4_ownColorVictoryHeuristic,Recommended_4,1.0,-1.0,Recommended_4_ownColorVictoryHeuristic,10,10,TwoSides.txt,Move 1 marble by 1 space in any direction.,Push a column of marbles by 1 space in any direction,"Pushed out marbles return to the center, if it is free. Else they are removed.",You can push opposing marbles if you use more or equal marbles. Do not split your column while pushing the opponent.,Occupy 1 goal of each color.,Recommended_4_ownColorVictoryHeuristic,Recommended_4,[],[],[0],[],1
-888672324,MultiverseMarbles,0,GAME_OVER,73,72,2,156,2,Recommended_4,2,1,1,Recommended_4_ownColorVictoryHeuristic,Recommended_4,-1.0,1.0,Recommended_4_ownColorVictoryHeuristic,7,8,TwoSides.txt,Move 1 marble exactly 2 spaces in any direction.,Push a column of marbles by 1 space in any direction,Pushed out marbles return to the center. Remove any pre-existing marble.,You can push opposing marbles if you use fewer or more marbles.,Push out 3 opposing marbles.,Recommended_4_ownColorVictoryHeuristic,Recommended_4,[],"[0, 0, 1, 1, 0]","[0, 1]","[0, 0, 1, 1, 0]",0
-1288367568,MultiverseMarbles,0,GAME_OVER,200,200,2,157,1,Recommended_4,1,1,1,Recommended_4_ownColorVictoryHeuristic,Recommended_4,-3.0,-3.0,Recommended_4_ownColorVictoryHeuristic,10,7,TwoSides.txt,Jump over 1 marble or blocker or move a marble by 1 space in any direction,Push a column of marbles by 1 space in any direction,"Pushed out marbles return to the center, if it is free. Else they are removed.",You can push opposing marbles if you use more marbles.,Push out 3 opposing marbles.,Recommended_4_ownColorVictoryHeuristic,Recommended_4,"[0, 0, 0]",[],"[0, 0, 0, 0, 0]",[],-1
-641694153,MultiverseMarbles,0,GAME_OVER,20,19,2,158,1,Recommended_4,1,2,2,Recommended_4_ownColorVictoryHeuristic,Recommended_4,1.0,-1.0,Recommended_4_ownColorVictoryHeuristic,10,10,TwoSides.txt,Jump over 1 marble or blocker or move a marble by 1 space in any direction,Push a column of marbles by 1 space in any direction,Pushed out marbles are removed from play,You can push opposing marbles if you use equal marbles. Do not split your column while pushing the opponent.,Occupy 1 goal of each color.,Recommended_4_ownColorVictoryHeuristic,Recommended_4,[],[],[],[],1
-1742429599,MultiverseMarbles,0,GAME_OVER,104,103,2,159,1,Recommended_4,1,2,2,Recommended_4_ownColorVictoryHeuristic,Recommended_4,1.0,-1.0,Recommended_4_ownColorVictoryHeuristic,10,10,TwoSides.txt,Move 1 marble by 1 space in any direction.,Push a column of marbles by 1 space in any direction,Pushed out marbles are removed from play,You can push opposing marbles if you use fewer or equal marbles. Do not split your column while pushing the opponent.,Occupy 1 goal of each color.,Recommended_4_ownColorVictoryHeuristic,Recommended_4,[],[],[],[],1
-2043414184,MultiverseMarbles,0,GAME_OVER,200,200,2,160,1,Recommended_4,1,1,1,Recommended_4_ownColorVictoryHeuristic,Recommended_4,-3.0,-3.0,Recommended_4_ownColorVictoryHeuristic,10,10,TwoSides.txt,Jump over 1 marble or blocker or move a marble by 1 space in any direction,Push a column of marbles by 1 space in any direction,Pushed out marbles are removed from play,You can push opposing marbles if you use equal marbles. Do not split your column while pushing the opponent.,Push out 3 opposing marbles.,Recommended_4_ownColorVictoryHeuristic,Recommended_4,[],[],[],[],-1
1588882028,MultiverseMarbles,0,GAME_OVER,76,75,2,161,1,Recommended_4,1,2,2,Recommended_4_ownColorVictoryHeuristic,Recommended_4,1.0,-1.0,Recommended_4_ownColorVictoryHeuristic,10,10,TwoSides.txt,Move 1 marble by up to 3 spaces in any direction in a straight line.,Push a column of marbles by 1 space in any direction,"Pushed out marbles return to the center, if it is free. Else they are removed.",You can push opposing marbles if you use fewer or equal marbles. Do not split your column while pushing the opponent.,Occupy all goals of your color.,Recommended_4_ownColorVictoryHeuristic,Recommended_4,[],[],[],[],1
871662777,MultiverseMarbles,0,GAME_OVER,42,41,2,162,1,Recommended_4,1,2,2,Recommended_4_ownColorVictoryHeuristic,Recommended_4,1.0,-1.0,Recommended_4_ownColorVictoryHeuristic,10,8,TwoSides.txt,Move 1 marble exactly 2 spaces in any direction.,Push a column of marbles by 1 space in any direction,Pushed out marbles are removed from play,You can push opposing marbles if you use more marbles.,Occupy 1 goal of each color.,Recommended_4_ownColorVictoryHeuristic,Recommended_4,"[0, 0]",[],"[0, 0]",[],1
-1791427606,MultiverseMarbles,0,GAME_OVER,32,31,2,163,1,Recommended_4,1,2,2,Recommended_4_ownColorVictoryHeuristic,Recommended_4,1.0,-1.0,Recommended_4_ownColorVictoryHeuristic,10,8,TwoSides.txt,Move 1 marble by 1 space in any direction.,Push a column of marbles by 1 space in any direction,Pushed out marbles are removed from play,"You can push opposing marbles if you use an even number of marbles (2, 4 or 6). Do not split your column while pushing the opponent.",Occupy 1 goal of each color.,Recommended_4_ownColorVictoryHeuristic,Recommended_4,"[1, 1]",[],"[1, 1]",[],1
1363510825,MultiverseMarbles,0,GAME_OVER,100,99,2,164,1,Recommended_4,1,2,2,Recommended_4_ownColorVictoryHeuristic,Recommended_4,1.0,-1.0,Recommended_4_ownColorVictoryHeuristic,10,10,TwoSides.txt,Move 1 marble by 1 space in any direction.,Push a column of marbles by 1 space in any direction,Pushed out marbles return to the center. Remove any pre-existing marble.,You can push opposing marbles if you use fewer or equal marbles. Do not split your column while pushing the opponent.,Occupy 1 goal of each color.,Recommended_4_ownColorVictoryHeuristic,Recommended_4,[],[],[],[],1
33308118,MultiverseMarbles,0,GAME_OVER,36,35,2,165,1,Recommended_4,1,2,2,Recommended_4_ownColorVictoryHeuristic,Recommended_4,1.0,-1.0,Recommended_4_ownColorVictoryHeuristic,10,10,TwoSides.txt,Jump over 1 marble or blocker or move a marble by 1 space in any direction,Push a column of marbles by 1 space in any direction,"Pushed out marbles return to the center, if it is free. Else they are removed.","You can push your opposing marbles if you use an uneven number of marbles (1, 3 or 5). Do not split your column while pushing the opponent.",Occupy 3 non-neighbouring goals.,Recommended_4_ownColorVictoryHeuristic,Recommended_4,[],[],[],[],1
-1891042671,MultiverseMarbles,0,GAME_OVER,19,18,2,166,2,Recommended_4,2,1,1,Recommended_4_ownColorVictoryHeuristic,Recommended_4,-1.0,1.0,Recommended_4_ownColorVictoryHeuristic,10,10,TwoSides.txt,Move 1 marble exactly 2 spaces in any direction.,Push a column of marbles by 1 space in any direction,Pushed out marbles return to the center. Remove any pre-existing marble.,"You can push opposing marbles if you use an even number of marbles (2, 4 or 6). Do not split your column while pushing the opponent.",Occupy 3 non-neighbouring goals.,Recommended_4_ownColorVictoryHeuristic,Recommended_4,[],[],[0],[1],0
-784242670,MultiverseMarbles,0,GAME_OVER,98,97,2,167,1,Recommended_4,1,2,2,Recommended_4_ownColorVictoryHeuristic,Recommended_4,1.0,-1.0,Recommended_4_ownColorVictoryHeuristic,10,10,TwoSides.txt,Jump over 1 marble or blocker or move a marble by 1 space in any direction,Push a column of marbles by 1 space in any direction,Pushed out marbles return to the center. Remove any pre-existing marble.,You can push opposing marbles if you use fewer or equal marbles. Do not split your column while pushing the opponent.,Occupy 3 non-neighbouring goals.,Recommended_4_ownColorVictoryHeuristic,Recommended_4,[],[],[],[],1
1746059027,MultiverseMarbles,0,GAME_OVER,122,121,2,168,1,Recommended_4,1,2,2,Recommended_4_pushVictoryHeuristic,Recommended_4,1.0,-1.0,Recommended_4_pushVictoryHeuristic,10,9,TwoSides.txt,Move 1 marble exactly 2 spaces in any direction.,Push a column of marbles by 1 space in any direction,"Pushed out marbles return to the center, if it is free. Else they are removed.","You can push your opposing marbles if you use an uneven number of marbles (1, 3 or 5). Do not split your column while pushing the opponent.",Push out 3 opposing marbles.,Recommended_4_pushVictoryHeuristic,Recommended_4,[1],[],"[0, 1, 1, 1]",[],1
1717405991,MultiverseMarbles,0,GAME_OVER,104,103,2,169,1,Recommended_4,1,2,2,Recommended_4_pushVictoryHeuristic,Recommended_4,1.0,-1.0,Recommended_4_pushVictoryHeuristic,9,4,TwoSides.txt,Move 1 marble by 1 space in any direction.,Push a column of marbles by 1 space in any direction,Pushed out marbles are removed from play,You can push opposing marbles if you use more or equal marbles. Do not split your column while pushing the opponent.,Occupy all goals of your color.,Recommended_4_pushVictoryHeuristic,Recommended_4,"[0, 1, 1, 1, 1, 0]",[0],"[0, 1, 1, 1, 1, 0]",[0],1
-815598253,MultiverseMarbles,0,GAME_OVER,21,20,2,170,2,Recommended_4,2,1,1,Recommended_4_pushVictoryHeuristic,Recommended_4,-1.0,1.0,Recommended_4_pushVictoryHeuristic,10,10,TwoSides.txt,Move 1 marble by up to 3 spaces in any direction in a straight line.,Push a column of marbles by 1 space in any direction,Pushed out marbles return to the center. Remove any pre-existing marble.,"You can push your opposing marbles if you use an uneven number of marbles (1, 3 or 5). Do not split your column while pushing the opponent.",Occupy 1 goal of each color.,Recommended_4_pushVictoryHeuristic,Recommended_4,[],[],[0],[],0
2110276287,MultiverseMarbles,0,GAME_OVER,68,67,2,171,1,Recommended_4,1,2,2,Recommended_4_pushVictoryHeuristic,Recommended_4,1.0,-1.0,Recommended_4_pushVictoryHeuristic,10,6,TwoSides.txt,Move 1 marble by up to 3 spaces in any direction in a straight line.,Push a column of marbles by 1 space in any direction,Pushed out marbles are removed from play,You can push opposing marbles if you use fewer or more marbles.,Occupy 3 non-neighbouring goals.,Recommended_4_pushVictoryHeuristic,Recommended_4,"[1, 1, 1, 1]",[],"[1, 1, 1, 1]",[],1
-2066950591,MultiverseMarbles,0,GAME_OVER,24,23,2,172,1,Recommended_4,1,2,2,Recommended_4_pushVictoryHeuristic,Recommended_4,1.0,-1.0,Recommended_4_pushVictoryHeuristic,10,10,TwoSides.txt,Jump over 1 marble or blocker or move a marble by 1 space in any direction,Push a column of marbles by 1 space in any direction,Pushed out marbles return to the center. Remove any pre-existing marble.,You can push opposing marbles if you use equal marbles. Do not split your column while pushing the opponent.,Occupy 1 goal of each color.,Recommended_4_pushVictoryHeuristic,Recommended_4,[],[],[],[],1
-983345474,MultiverseMarbles,0,GAME_OVER,65,64,2,173,2,Recommended_4,2,1,1,Recommended_4_pushVictoryHeuristic,Recommended_4,-1.0,1.0,Recommended_4_pushVictoryHeuristic,9,10,TwoSides.txt,Move 1 marble exactly 2 spaces in any direction.,Push a column of marbles by 1 space in any direction,"Pushed out marbles return to the center, if it is free. Else they are removed.",You can push opposing marbles if you use more marbles.,Occupy all goals of your color.,Recommended_4_pushVictoryHeuristic,Recommended_4,[],[0],"[0, 0, 0]",[0],0
-4526276,MultiverseMarbles,0,GAME_OVER,91,90,2,174,2,Recommended_4,2,1,1,Recommended_4_pushVictoryHeuristic,Recommended_4,-1.0,1.0,Recommended_4_pushVictoryHeuristic,10,7,TwoSides.txt,Jump over 1 marble or blocker or move a marble by 1 space in any direction,Push a column of marbles by 1 space in any direction,"Pushed out marbles return to the center, if it is free. Else they are removed.",You can push opposing marbles if you use fewer or more marbles.,Occupy all goals of your color.,Recommended_4_pushVictoryHeuristic,Recommended_4,"[0, 1, 1]",[],"[0, 1, 1]",[0],0
-216729907,MultiverseMarbles,0,GAME_OVER,100,99,2,175,1,Recommended_4,1,2,2,Recommended_4_pushVictoryHeuristic,Recommended_4,1.0,-1.0,Recommended_4_pushVictoryHeuristic,10,7,TwoSides.txt,Move 1 marble exactly 2 spaces in any direction.,Push a column of marbles by 1 space in any direction,Pushed out marbles are removed from play,You can push opposing marbles if you use equal marbles. Do not split your column while pushing the opponent.,Push out 3 opposing marbles.,Recommended_4_pushVictoryHeuristic,Recommended_4,"[1, 1, 1]",[],"[1, 1, 1]",[],1
1574719807,MultiverseMarbles,0,GAME_OVER,86,85,2,176,1,Recommended_4,1,2,2,Recommended_4_pushVictoryHeuristic,Recommended_4,1.0,-1.0,Recommended_4_pushVictoryHeuristic,10,3,TwoSides.txt,Move 1 marble by up to 3 spaces in any direction in a straight line.,Push a column of marbles by 1 space in any direction,Pushed out marbles are removed from play,You can push opposing marbles if you use more or equal marbles. Do not split your column while pushing the opponent.,Push out 3 opposing marbles.,Recommended_4_pushVictoryHeuristic,Recommended_4,"[0, 0, 0, 1, 1, 0, 1]",[],"[0, 0, 0, 1, 1, 0, 1]",[],1
-1713847478,MultiverseMarbles,0,GAME_OVER,41,40,2,177,2,Recommended_4,2,1,1,Recommended_4_pushVictoryHeuristic,Recommended_4,-1.0,1.0,Recommended_4_pushVictoryHeuristic,9,10,TwoSides.txt,Move 1 marble by up to 3 spaces in any direction in a straight line.,Push a column of marbles by 1 space in any direction,Pushed out marbles return to the center. Remove any pre-existing marble.,You can push opposing marbles if you use fewer or more marbles.,Occupy 3 non-neighbouring goals.,Recommended_4_pushVictoryHeuristic,Recommended_4,[0],[],"[0, 0, 0]",[],0
-1976319089,MultiverseMarbles,0,GAME_OVER,24,23,2,178,1,Recommended_4,1,2,2,Recommended_4_pushVictoryHeuristic,Recommended_4,1.0,-1.0,Recommended_4_pushVictoryHeuristic,10,10,TwoSides.txt,Move 1 marble by up to 3 spaces in any direction in a straight line.,Push a column of marbles by 1 space in any direction,Pushed out marbles are removed from play,You can push opposing marbles if you use equal marbles. Do not split your column while pushing the opponent.,Occupy 1 goal of each color.,Recommended_4_pushVictoryHeuristic,Recommended_4,[],[],[],[],1
-2131796781,MultiverseMarbles,0,GAME_OVER,70,69,2,179,1,Recommended_4,1,2,2,Recommended_4_pushVictoryHeuristic,Recommended_4,1.0,-1.0,Recommended_4_pushVictoryHeuristic,10,6,TwoSides.txt,Move 1 marble by 1 space in any direction.,Push a column of marbles by 1 space in any direction,Pushed out marbles are removed from play,You can push opposing marbles if you use more or equal marbles. Do not split your column while pushing the opponent.,Occupy 3 non-neighbouring goals.,Recommended_4_pushVictoryHeuristic,Recommended_4,"[1, 1, 1, 0]",[],"[1, 1, 1, 0]",[],1
1779048739,MultiverseMarbles,0,GAME_OVER,19,18,2,180,2,Recommended_4,2,1,1,Recommended_4_pushVictoryHeuristic,Recommended_4,-1.0,1.0,Recommended_4_pushVictoryHeuristic,10,10,TwoSides.txt,Jump over 1 marble or blocker or move a marble by 1 space in any direction,Push a column of marbles by 1 space in any direction,"Pushed out marbles return to the center, if it is free. Else they are removed.",You can push opposing marbles if you use equal marbles. Do not split your column while pushing the opponent.,Occupy 1 goal of each color.,Recommended_4_pushVictoryHeuristic,Recommended_4,[],[],[],[],0
1562152964,MultiverseMarbles,0,GAME_OVER,200,200,2,181,1,Recommended_4,1,1,1,Recommended_4_pushVictoryHeuristic,Recommended_4,-3.0,-3.0,Recommended_4_pushVictoryHeuristic,10,9,TwoSides.txt,Move 1 marble by up to 3 spaces in any direction in a straight line.,Push a column of marbles by 1 space in any direction,"Pushed out marbles return to the center, if it is free. Else they are removed.",You can push opposing marbles if you use equal marbles. Do not split your column while pushing the opponent.,Push out 3 opposing marbles.,Recommended_4_pushVictoryHeuristic,Recommended_4,[1],[],[1],[],-1
270059829,MultiverseMarbles,0,GAME_OVER,27,26,2,182,2,Recommended_4,2,1,1,Recommended_4_pushVictoryHeuristic,Recommended_4,-1.0,1.0,Recommended_4_pushVictoryHeuristic,10,10,TwoSides.txt,Jump over 1 marble or blocker or move a marble by 1 space in any direction,Push a column of marbles by 1 space in any direction,"Pushed out marbles return to the center, if it is free. Else they are removed.",You can push opposing marbles if you use more marbles.,Occupy 1 goal of each color.,Recommended_4_pushVictoryHeuristic,Recommended_4,[],[],[0],[],0
-926384225,MultiverseMarbles,0,GAME_OVER,92,91,2,183,1,Recommended_4,1,2,2,Recommended_4_pushVictoryHeuristic,Recommended_4,1.0,-1.0,Recommended_4_pushVictoryHeuristic,10,6,TwoSides.txt,Move 1 marble by 1 space in any direction.,Push a column of marbles by 1 space in any direction,"Pushed out marbles return to the center, if it is free. Else they are removed.","You can push opposing marbles if you use an even number of marbles (2, 4 or 6). Do not split your column while pushing the opponent.",Push out 3 opposing marbles.,Recommended_4_pushVictoryHeuristic,Recommended_4,"[0, 1, 0, 1]",[],"[0, 1, 1, 0, 1]",[],1
-1328314967,MultiverseMarbles,0,GAME_OVER,49,48,2,184,2,Recommended_4,2,1,1,Recommended_4_pushVictoryHeuristic,Recommended_4,-1.0,1.0,Recommended_4_pushVictoryHeuristic,10,7,TwoSides.txt,Move 1 marble by up to 3 spaces in any direction in a straight line.,Push a column of marbles by 1 space in any direction,Pushed out marbles are removed from play,You can push opposing marbles if you use more marbles.,Occupy 1 goal of each color.,Recommended_4_pushVictoryHeuristic,Recommended_4,"[1, 0, 0]",[],"[1, 0, 0]",[],0
-1794392388,MultiverseMarbles,0,GAME_OVER,120,119,2,185,1,Recommended_4,1,2,2,Recommended_4_pushVictoryHeuristic,Recommended_4,1.0,-1.0,Recommended_4_pushVictoryHeuristic,10,9,TwoSides.txt,Move 1 marble by 1 space in any direction.,Push a column of marbles by 1 space in any direction,"Pushed out marbles return to the center, if it is free. Else they are removed.",You can push opposing marbles if you use equal marbles. Do not split your column while pushing the opponent.,Occupy all goals of your color.,Recommended_4_pushVictoryHeuristic,Recommended_4,[1],[],"[1, 1]",[],1
697560613,MultiverseMarbles,0,GAME_OVER,43,42,2,186,2,Recommended_4,2,1,1,Recommended_4_pushVictoryHeuristic,Recommended_4,-1.0,1.0,Recommended_4_pushVictoryHeuristic,8,10,TwoSides.txt,Move 1 marble exactly 2 spaces in any direction.,Push a column of marbles by 1 space in any direction,Pushed out marbles return to the center. Remove any pre-existing marble.,You can push opposing marbles if you use fewer or more marbles.,Occupy all goals of your color.,Recommended_4_pushVictoryHeuristic,Recommended_4,"[0, 0]",[],"[0, 0, 1]",[],0
-1554531401,MultiverseMarbles,0,GAME_OVER,111,110,2,187,2,Recommended_4,2,1,1,Recommended_4_pushVictoryHeuristic,Recommended_4,-1.0,1.0,Recommended_4_pushVictoryHeuristic,7,6,TwoSides.txt,Move 1 marble by up to 3 spaces in any direction in a straight line.,Push a column of marbles by 1 space in any direction,Pushed out marbles are removed from play,You can push opposing marbles if you use fewer or more marbles.,Occupy all goals of your color.,Recommended_4_pushVictoryHeuristic,Recommended_4,"[1, 0, 1, 1]","[0, 0, 0]","[1, 0, 1, 1]","[0, 0, 0]",0
1853893906,MultiverseMarbles,0,GAME_OVER,124,123,2,188,1,Recommended_4,1,2,2,Recommended_4_pushVictoryHeuristic,Recommended_4,1.0,-1.0,Recommended_4_pushVictoryHeuristic,9,8,TwoSides.txt,Move 1 marble by 1 space in any direction.,Push a column of marbles by 1 space in any direction,Pushed out marbles return to the center. Remove any pre-existing marble.,"You can push opposing marbles if you use an even number of marbles (2, 4 or 6). Do not split your column while pushing the opponent.",Push out 3 opposing marbles.,Recommended_4_pushVictoryHeuristic,Recommended_4,"[0, 1, 1]",[],"[0, 1, 1, 1]",[],1
-1337721364,MultiverseMarbles,0,GAME_OVER,31,30,2,189,2,Recommended_4,2,1,1,Recommended_4_pushVictoryHeuristic,Recommended_4,-1.0,1.0,Recommended_4_pushVictoryHeuristic,10,10,TwoSides.txt,Move 1 marble exactly 2 spaces in any direction.,Push a column of marbles by 1 space in any direction,"Pushed out marbles return to the center, if it is free. Else they are removed.",You can push opposing marbles if you use fewer or equal marbles. Do not split your column while pushing the opponent.,Occupy 3 non-neighbouring goals.,Recommended_4_pushVictoryHeuristic,Recommended_4,[],[],[],[],0
-713051166,MultiverseMarbles,0,GAME_OVER,200,199,2,190,1,Recommended_4,1,2,2,Recommended_4_pushVictoryHeuristic,Recommended_4,1.0,-1.0,Recommended_4_pushVictoryHeuristic,10,10,TwoSides.txt,Jump over 1 marble or blocker or move a marble by 1 space in any direction,Push a column of marbles by 1 space in any direction,Pushed out marbles are removed from play,You can push opposing marbles if you use equal marbles. Do not split your column while pushing the opponent.,Occupy all goals of your color.,Recommended_4_pushVictoryHeuristic,Recommended_4,[],[],[],[],1
-1483613300,MultiverseMarbles,0,GAME_OVER,124,123,2,191,1,Recommended_4,1,2,2,Recommended_4_pushVictoryHeuristic,Recommended_4,1.0,-1.0,Recommended_4_pushVictoryHeuristic,10,10,TwoSides.txt,Jump over 1 marble or blocker or move a marble by 1 space in any direction,Push a column of marbles by 1 space in any direction,"Pushed out marbles return to the center, if it is free. Else they are removed.",You can push opposing marbles if you use fewer or equal marbles. Do not split your column while pushing the opponent.,Push out 3 opposing marbles.,Recommended_4_pushVictoryHeuristic,Recommended_4,[],[],"[1, 1, 1]",[],1
-1499468216,MultiverseMarbles,0,GAME_OVER,40,39,2,192,1,Recommended_4,1,2,2,Recommended_4_pushVictoryHeuristic,Recommended_4,1.0,-1.0,Recommended_4_pushVictoryHeuristic,10,10,TwoSides.txt,Move 1 marble by 1 space in any direction.,Push a column of marbles by 1 space in any direction,"Pushed out marbles return to the center, if it is free. Else they are removed.",You can push opposing marbles if you use equal marbles. Do not split your column while pushing the opponent.,Occupy 1 goal of each color.,Recommended_4_pushVictoryHeuristic,Recommended_4,[],[],[],[],1
739787273,MultiverseMarbles,0,GAME_OVER,29,28,2,193,2,Recommended_4,2,1,1,Recommended_4_pushVictoryHeuristic,Recommended_4,-1.0,1.0,Recommended_4_pushVictoryHeuristic,10,9,TwoSides.txt,Jump over 1 marble or blocker or move a marble by 1 space in any direction,Push a column of marbles by 1 space in any direction,Pushed out marbles are removed from play,You can push opposing marbles if you use more marbles.,Occupy 3 non-neighbouring goals.,Recommended_4_pushVictoryHeuristic,Recommended_4,[0],[],[0],[],0
-1782714297,MultiverseMarbles,0,GAME_OVER,28,27,2,194,1,Recommended_4,1,2,2,Recommended_4_pushVictoryHeuristic,Recommended_4,1.0,-1.0,Recommended_4_pushVictoryHeuristic,10,9,TwoSides.txt,Move 1 marble by 1 space in any direction.,Push a column of marbles by 1 space in any direction,Pushed out marbles return to the center. Remove any pre-existing marble.,You can push opposing marbles if you use more or equal marbles. Do not split your column while pushing the opponent.,Occupy 1 goal of each color.,Recommended_4_pushVictoryHeuristic,Recommended_4,[0],[],"[0, 0]",[],1
-646364434,MultiverseMarbles,0,GAME_OVER,100,99,2,195,1,Recommended_4,1,2,2,Recommended_4_pushVictoryHeuristic,Recommended_4,1.0,-1.0,Recommended_4_pushVictoryHeuristic,10,10,TwoSides.txt,Move 1 marble by up to 3 spaces in any direction in a straight line.,Push a column of marbles by 1 space in any direction,"Pushed out marbles return to the center, if it is free. Else they are removed.",You can push opposing marbles if you use equal marbles. Do not split your column while pushing the opponent.,Occupy all goals of your color.,Recommended_4_pushVictoryHeuristic,Recommended_4,[],[],[],[],1
1084719429,MultiverseMarbles,0,GAME_OVER,179,178,2,196,1,Recommended_4,1,2,2,Recommended_4_pushVictoryHeuristic,Recommended_4,1.0,-1.0,Recommended_4_pushVictoryHeuristic,10,10,TwoSides.txt,Move 1 marble exactly 2 spaces in any direction.,Push a column of marbles by 1 space in any direction,"Pushed out marbles return to the center, if it is free. Else they are removed.",You can push opposing marbles if you use fewer or equal marbles. Do not split your column while pushing the opponent.,Occupy 3 non-neighbouring goals.,Recommended_4_pushVictoryHeuristic,Recommended_4,[],[],"[1, 1, 0]",[],1
1160060956,MultiverseMarbles,0,GAME_OVER,98,97,2,197,1,Recommended_4,1,2,2,Recommended_4_pushVictoryHeuristic,Recommended_4,1.0,-1.0,Recommended_4_pushVictoryHeuristic,10,10,TwoSides.txt,Move 1 marble exactly 2 spaces in any direction.,Push a column of marbles by 1 space in any direction,Pushed out marbles return to the center. Remove any pre-existing marble.,"You can push your opposing marbles if you use an uneven number of marbles (1, 3 or 5). Do not split your column while pushing the opponent.",Occupy 3 non-neighbouring goals.,Recommended_4_pushVictoryHeuristic,Recommended_4,[],[],"[1, 1]",[],1
-1070377338,MultiverseMarbles,0,GAME_OVER,34,33,2,198,1,Recommended_4,1,2,2,Recommended_4_pushVictoryHeuristic,Recommended_4,1.0,-1.0,Recommended_4_pushVictoryHeuristic,10,8,TwoSides.txt,Jump over 1 marble or blocker or move a marble by 1 space in any direction,Push a column of marbles by 1 space in any direction,"Pushed out marbles return to the center, if it is free. Else they are removed.","You can push opposing marbles if you use an even number of marbles (2, 4 or 6). Do not split your column while pushing the opponent.",Push out 3 opposing marbles.,Recommended_4_pushVictoryHeuristic,Recommended_4,"[1, 1]",[],"[0, 1, 1, 1]",[],1
-369041982,MultiverseMarbles,0,GAME_OVER,39,38,2,199,2,Recommended_4,2,1,1,Recommended_4_pushVictoryHeuristic,Recommended_4,-1.0,1.0,Recommended_4_pushVictoryHeuristic,10,7,TwoSides.txt,Move 1 marble exactly 2 spaces in any direction.,Push a column of marbles by 1 space in any direction,"Pushed out marbles return to the center, if it is free. Else they are removed.",You can push opposing marbles if you use more or equal marbles. Do not split your column while pushing the opponent.,Occupy all goals of your color.,Recommended_4_pushVictoryHeuristic,Recommended_4,"[0, 0, 0]",[],"[0, 0, 0]",[],0
1140185526,MultiverseMarbles,0,GAME_OVER,27,26,2,200,2,Recommended_4,2,1,1,Recommended_4_pushVictoryHeuristic,Recommended_4,-1.0,1.0,Recommended_4_pushVictoryHeuristic,10,8,TwoSides.txt,Jump over 1 marble or blocker or move a marble by 1 space in any direction,Push a column of marbles by 1 space in any direction,"Pushed out marbles return to the center, if it is free. Else they are removed.",You can push opposing marbles if you use fewer or more marbles.,Occupy 1 goal of each color.,Recommended_4_pushVictoryHeuristic,Recommended_4,"[0, 0]",[],"[0, 0, 0]",[],0
473415057,MultiverseMarbles,0,GAME_OVER,19,18,2,201,2,Recommended_4,2,1,1,Recommended_4_pushVictoryHeuristic,Recommended_4,-1.0,1.0,Recommended_4_pushVictoryHeuristic,10,10,TwoSides.txt,Move 1 marble by up to 3 spaces in any direction in a straight line.,Push a column of marbles by 1 space in any direction,Pushed out marbles return to the center. Remove any pre-existing marble.,You can push opposing marbles if you use equal marbles. Do not split your column while pushing the opponent.,Occupy 3 non-neighbouring goals.,Recommended_4_pushVictoryHeuristic,Recommended_4,[],[],[],[],0
-1610347411,MultiverseMarbles,0,GAME_OVER,182,181,2,202,1,Recommended_4,1,2,2,Recommended_4_pushVictoryHeuristic,Recommended_4,1.0,-1.0,Recommended_4_pushVictoryHeuristic,10,7,TwoSides.txt,Move 1 marble by 1 space in any direction.,Push a column of marbles by 1 space in any direction,Pushed out marbles are removed from play,You can push opposing marbles if you use fewer or equal marbles. Do not split your column while pushing the opponent.,Push out 3 opposing marbles.,Recommended_4_pushVictoryHeuristic,Recommended_4,"[1, 1, 1]",[],"[1, 1, 1]",[],1
1587725811,MultiverseMarbles,0,GAME_OVER,47,46,2,203,2,Recommended_4,2,1,1,Recommended_4_pushVictoryHeuristic,Recommended_4,-1.0,1.0,Recommended_4_pushVictoryHeuristic,10,9,TwoSides.txt,Jump over 1 marble or blocker or move a marble by 1 space in any direction,Push a column of marbles by 1 space in any direction,Pushed out marbles are removed from play,You can push opposing marbles if you use more marbles.,Occupy 3 non-neighbouring goals.,Recommended_4_pushVictoryHeuristic,Recommended_4,[1],[],[1],[],0
-1593702437,MultiverseMarbles,0,GAME_OVER,34,33,2,204,1,Recommended_4,1,2,2,Recommended_4_pushVictoryHeuristic,Recommended_4,1.0,-1.0,Recommended_4_pushVictoryHeuristic,9,7,TwoSides.txt,Move 1 marble exactly 2 spaces in any direction.,Push a column of marbles by 1 space in any direction,Pushed out marbles return to the center. Remove any pre-existing marble.,"You can push opposing marbles if you use an even number of marbles (2, 4 or 6). Do not split your column while pushing the opponent.",Occupy 1 goal of each color.,Recommended_4_pushVictoryHeuristic,Recommended_4,"[0, 1, 0]",[1],"[0, 1, 0]","[1, 1]",1
-1592563377,MultiverseMarbles,0,GAME_OVER,116,115,2,205,1,Recommended_4,1,2,2,Recommended_4_pushVictoryHeuristic,Recommended_4,1.0,-1.0,Recommended_4_pushVictoryHeuristic,10,9,TwoSides.txt,Move 1 marble exactly 2 spaces in any direction.,Push a column of marbles by 1 space in any direction,"Pushed out marbles return to the center, if it is free. Else they are removed.",You can push opposing marbles if you use equal marbles. Do not split your column while pushing the opponent.,Push out 3 opposing marbles.,Recommended_4_pushVictoryHeuristic,Recommended_4,[1],[],"[1, 1, 1]",[],1
1772998635,MultiverseMarbles,0,GAME_OVER,122,121,2,206,1,Recommended_4,1,2,2,Recommended_4_pushVictoryHeuristic,Recommended_4,1.0,-1.0,Recommended_4_pushVictoryHeuristic,10,10,TwoSides.txt,Move 1 marble by 1 space in any direction.,Push a column of marbles by 1 space in any direction,Pushed out marbles are removed from play,You can push opposing marbles if you use fewer or equal marbles. Do not split your column while pushing the opponent.,Occupy 1 goal of each color.,Recommended_4_pushVictoryHeuristic,Recommended_4,[],[],[],[],1
199677094,MultiverseMarbles,0,GAME_OVER,100,99,2,207,1,Recommended_4,1,2,2,Recommended_4_pushVictoryHeuristic,Recommended_4,1.0,-1.0,Recommended_4_pushVictoryHeuristic,10,8,TwoSides.txt,Move 1 marble by up to 3 spaces in any direction in a straight line.,Push a column of marbles by 1 space in any direction,Pushed out marbles are removed from play,"You can push your opposing marbles if you use an uneven number of marbles (1, 3 or 5). Do not split your column while pushing the opponent.",Occupy all goals of your color.,Recommended_4_pushVictoryHeuristic,Recommended_4,"[1, 1]",[],"[1, 1]",[],1
923517872,MultiverseMarbles,0,GAME_OVER,111,110,2,208,2,Recommended_4,2,1,1,Recommended_4_pushVictoryHeuristic,Recommended_4,-1.0,1.0,Recommended_4_pushVictoryHeuristic,8,8,TwoSides.txt,Move 1 marble exactly 2 spaces in any direction.,Push a column of marbles by 1 space in any direction,Pushed out marbles return to the center. Remove any pre-existing marble.,You can push opposing marbles if you use more or equal marbles. Do not split your column while pushing the opponent.,Occupy all goals of your color.,Recommended_4_pushVictoryHeuristic,Recommended_4,"[0, 1, 0, 1]",[],"[0, 1, 0, 0, 0, 1, 0]",[],0
416231944,MultiverseMarbles,0,GAME_OVER,82,81,2,209,1,Recommended_4,1,2,2,Recommended_4_pushVictoryHeuristic,Recommended_4,1.0,-1.0,Recommended_4_pushVictoryHeuristic,10,9,TwoSides.txt,Move 1 marble by up to 3 spaces in any direction in a straight line.,Push a column of marbles by 1 space in any direction,"Pushed out marbles return to the center, if it is free. Else they are removed.",You can push opposing marbles if you use more marbles.,Push out 3 opposing marbles.,Recommended_4_pushVictoryHeuristic,Recommended_4,[1],[],"[0, 0, 1, 1, 1]",[],1
-211783469,MultiverseMarbles,0,GAME_OVER,15,14,2,210,2,Recommended_4,2,1,1,Recommended_4_pushVictoryHeuristic,Recommended_4,-1.0,1.0,Recommended_4_pushVictoryHeuristic,10,10,TwoSides.txt,Move 1 marble exactly 2 spaces in any direction.,Push a column of marbles by 1 space in any direction,Pushed out marbles are removed from play,You can push opposing marbles if you use fewer or equal marbles. Do not split your column while pushing the opponent.,Occupy 3 non-neighbouring goals.,Recommended_4_pushVictoryHeuristic,Recommended_4,[],[],[],[],0
1227133617,MultiverseMarbles,0,GAME_OVER,50,49,2,211,1,Recommended_4,1,2,2,Recommended_4_pushVictoryHeuristic,Recommended_4,1.0,-1.0,Recommended_4_pushVictoryHeuristic,10,7,TwoSides.txt,Move 1 marble exactly 2 spaces in any direction.,Push a column of marbles by 1 space in any direction,Pushed out marbles are removed from play,You can push opposing marbles if you use more marbles.,Occupy 3 non-neighbouring goals.,Recommended_4_pushVictoryHeuristic,Recommended_4,"[1, 0, 0]",[],"[1, 0, 0]",[],1
1588004433,MultiverseMarbles,0,GAME_OVER,40,39,2,212,1,Recommended_4,1,2,2,Recommended_4_pushVictoryHeuristic,Recommended_4,1.0,-1.0,Recommended_4_pushVictoryHeuristic,10,7,TwoSides.txt,Jump over 1 marble or blocker or move a marble by 1 space in any direction,Push a column of marbles by 1 space in any direction,Pushed out marbles are removed from play,"You can push opposing marbles if you use an even number of marbles (2, 4 or 6). Do not split your column while pushing the opponent.",Occupy all goals of your color.,Recommended_4_pushVictoryHeuristic,Recommended_4,"[1, 1, 1]",[],"[1, 1, 1]",[],1
-1488581167,MultiverseMarbles,0,GAME_OVER,56,55,2,213,1,Recommended_4,1,2,2,Recommended_4_pushVictoryHeuristic,Recommended_4,1.0,-1.0,Recommended_4_pushVictoryHeuristic,10,6,TwoSides.txt,Move 1 marble by up to 3 spaces in any direction in a straight line.,Push a column of marbles by 1 space in any direction,Pushed out marbles are removed from play,You can push opposing marbles if you use more or equal marbles. Do not split your column while pushing the opponent.,Occupy all goals of your color.,Recommended_4_pushVictoryHeuristic,Recommended_4,"[0, 1, 1, 1]",[],"[0, 1, 1, 1]",[],1
-776101153,MultiverseMarbles,0,GAME_OVER,99,98,2,214,2,Recommended_4,2,1,1,Recommended_4_pushVictoryHeuristic,Recommended_4,-1.0,1.0,Recommended_4_pushVictoryHeuristic,10,10,TwoSides.txt,Jump over 1 marble or blocker or move a marble by 1 space in any direction,Push a column of marbles by 1 space in any direction,Pushed out marbles return to the center. Remove any pre-existing marble.,You can push opposing marbles if you use equal marbles. Do not split your column while pushing the opponent.,Occupy all goals of your color.,Recommended_4_pushVictoryHeuristic,Recommended_4,[],[],"[1, 1]",[],0
-1735443380,MultiverseMarbles,0,GAME_OVER,31,30,2,215,2,Recommended_4,2,1,1,Recommended_4_pushVictoryHeuristic,Recommended_4,-1.0,1.0,Recommended_4_pushVictoryHeuristic,10,10,TwoSides.txt,Move 1 marble by up to 3 spaces in any direction in a straight line.,Push a column of marbles by 1 space in any direction,Pushed out marbles return to the center. Remove any pre-existing marble.,You can push opposing marbles if you use fewer or equal marbles. Do not split your column while pushing the opponent.,Occupy 3 non-neighbouring goals.,Recommended_4_pushVictoryHeuristic,Recommended_4,[],[],[],[],0
-1004710502,MultiverseMarbles,0,GAME_OVER,29,28,2,216,2,Recommended_4,2,1,1,Recommended_4_pushVictoryHeuristic,Recommended_4,-1.0,1.0,Recommended_4_pushVictoryHeuristic,10,10,TwoSides.txt,Move 1 marble by up to 3 spaces in any direction in a straight line.,Push a column of marbles by 1 space in any direction,Pushed out marbles are removed from play,"You can push your opposing marbles if you use an uneven number of marbles (1, 3 or 5). Do not split your column while pushing the opponent.",Occupy 3 non-neighbouring goals.,Recommended_4_pushVictoryHeuristic,Recommended_4,[],[],[],[],0
-1482070284,MultiverseMarbles,0,GAME_OVER,38,37,2,217,1,Recommended_4,1,2,2,Recommended_4_pushVictoryHeuristic,Recommended_4,1.0,-1.0,Recommended_4_pushVictoryHeuristic,10,10,TwoSides.txt,Move 1 marble by 1 space in any direction.,Push a column of marbles by 1 space in any direction,Pushed out marbles return to the center. Remove any pre-existing marble.,You can push opposing marbles if you use fewer or more marbles.,Occupy 1 goal of each color.,Recommended_4_pushVictoryHeuristic,Recommended_4,[],[],[1],[],1
1681222646,MultiverseMarbles,0,GAME_OVER,98,97,2,218,1,Recommended_4,1,2,2,Recommended_4_pushVictoryHeuristic,Recommended_4,1.0,-1.0,Recommended_4_pushVictoryHeuristic,10,9,TwoSides.txt,Move 1 marble exactly 2 spaces in any direction.,Push a column of marbles by 1 space in any direction,"Pushed out marbles return to the center, if it is free. Else they are removed.","You can push your opposing marbles if you use an uneven number of marbles (1, 3 or 5). Do not split your column while pushing the opponent.",Push out 3 opposing marbles.,Recommended_4_pushVictoryHeuristic,Recommended_4,[1],[],"[1, 1, 1]",[],1
-1806578679,MultiverseMarbles,0,GAME_OVER,100,99,2,219,1,Recommended_4,1,2,2,Recommended_4_pushVictoryHeuristic,Recommended_4,1.0,-1.0,Recommended_4_pushVictoryHeuristic,10,6,TwoSides.txt,Jump over 1 marble or blocker or move a marble by 1 space in any direction,Push a column of marbles by 1 space in any direction,"Pushed out marbles return to the center, if it is free. Else they are removed.",You can push opposing marbles if you use fewer or equal marbles. Do not split your column while pushing the opponent.,Occupy all goals of your color.,Recommended_4_pushVictoryHeuristic,Recommended_4,"[1, 1, 1, 1]",[],"[1, 1, 1, 1]",[],1
1059431949,MultiverseMarbles,0,GAME_OVER,127,126,2,220,1,Recommended_4,1,2,2,Recommended_4_pushVictoryHeuristic,Recommended_4,1.0,-1.0,Recommended_4_pushVictoryHeuristic,9,1,TwoSides.txt,Move 1 marble by 1 space in any direction.,Push a column of marbles by 1 space in any direction,Pushed out marbles are removed from play,You can push opposing marbles if you use more or equal marbles. Do not split your column while pushing the opponent.,Occupy all goals of your color.,Recommended_4_pushVictoryHeuristic,Recommended_4,"[1, 1, 1, 1, 1, 1, 0, 0, 0]",[0],"[1, 1, 1, 1, 1, 1, 0, 0, 0]",[0],1
-1326505467,MultiverseMarbles,0,GAME_OVER,33,32,2,221,2,Recommended_4,2,1,1,Recommended_4_pushVictoryHeuristic,Recommended_4,-1.0,1.0,Recommended_4_pushVictoryHeuristic,10,7,TwoSides.txt,Move 1 marble by up to 3 spaces in any direction in a straight line.,Push a column of marbles by 1 space in any direction,Pushed out marbles are removed from play,You can push opposing marbles if you use more or equal marbles. Do not split your column while pushing the opponent.,Occupy 1 goal of each color.,Recommended_4_pushVictoryHeuristic,Recommended_4,"[1, 1, 1]",[],"[1, 1, 1]",[],0
-2084261199,MultiverseMarbles,0,GAME_OVER,37,36,2,222,2,Recommended_4,2,1,1,Recommended_4_pushVictoryHeuristic,Recommended_4,-1.0,1.0,Recommended_4_pushVictoryHeuristic,10,10,TwoSides.txt,Jump over 1 marble or blocker or move a marble by 1 space in any direction,Push a column of marbles by 1 space in any direction,Pushed out marbles are removed from play,You can push opposing marbles if you use fewer or equal marbles. Do not split your column while pushing the opponent.,Occupy 1 goal of each color.,Recommended_4_pushVictoryHeuristic,Recommended_4,[],[],[],[],0
1668038913,MultiverseMarbles,0,GAME_OVER,26,25,2,223,1,Recommended_4,1,2,2,Recommended_4_pushVictoryHeuristic,Recommended_4,1.0,-1.0,Recommended_4_pushVictoryHeuristic,9,9,TwoSides.txt,Move 1 marble exactly 2 spaces in any direction.,Push a column of marbles by 1 space in any direction,"Pushed out marbles return to the center, if it is free. Else they are removed.",You can push opposing marbles if you use more or equal marbles. Do not split your column while pushing the opponent.,Push out 3 opposing marbles.,Recommended_4_pushVictoryHeuristic,Recommended_4,[1],[1],"[1, 1, 1]",[1],1
840824568,MultiverseMarbles,0,GAME_OVER,92,91,2,224,1,Recommended_4,1,2,2,Recommended_4_pushVictoryHeuristic,Recommended_4,1.0,-1.0,Recommended_4_pushVictoryHeuristic,10,5,TwoSides.txt,Move 1 marble by 1 space in any direction.,Push a column of marbles by 1 space in any direction,"Pushed out marbles return to the center, if it is free. Else they are removed.",You can push opposing marbles if you use fewer or more marbles.,Push out 3 opposing marbles.,Recommended_4_pushVictoryHeuristic,Recommended_4,"[1, 0, 0, 0, 1]",[],"[0, 1, 0, 0, 0, 1, 1]",[],1
215052595,MultiverseMarbles,0,GAME_OVER,21,20,2,225,2,Recommended_4,2,1,1,Recommended_4_pushVictoryHeuristic,Recommended_4,-1.0,1.0,Recommended_4_pushVictoryHeuristic,10,10,TwoSides.txt,Move 1 marble exactly 2 spaces in any direction.,Push a column of marbles by 1 space in any direction,Pushed out marbles return to the center. Remove any pre-existing marble.,You can push opposing marbles if you use more or equal marbles. Do not split your column while pushing the opponent.,Occupy 1 goal of each color.,Recommended_4_pushVictoryHeuristic,Recommended_4,[],[],[0],[],0
-1355828965,MultiverseMarbles,0,GAME_OVER,120,119,2,226,1,Recommended_4,1,2,2,Recommended_4_pushVictoryHeuristic,Recommended_4,1.0,-1.0,Recommended_4_pushVictoryHeuristic,10,7,TwoSides.txt,Jump over 1 marble or blocker or move a marble by 1 space in any direction,Push a column of marbles by 1 space in any direction,Pushed out marbles are removed from play,You can push opposing marbles if you use equal marbles. Do not split your column while pushing the opponent.,Push out 3 opposing marbles.,Recommended_4_pushVictoryHeuristic,Recommended_4,"[1, 1, 1]",[],"[1, 1, 1]",[],1
-698182577,MultiverseMarbles,0,GAME_OVER,38,37,2,227,1,Recommended_4,1,2,2,Recommended_4_pushVictoryHeuristic,Recommended_4,1.0,-1.0,Recommended_4_pushVictoryHeuristic,10,7,TwoSides.txt,Move 1 marble by up to 3 spaces in any direction in a straight line.,Push a column of marbles by 1 space in any direction,Pushed out marbles return to the center. Remove any pre-existing marble.,You can push opposing marbles if you use more or equal marbles. Do not split your column while pushing the opponent.,Occupy 3 non-neighbouring goals.,Recommended_4_pushVictoryHeuristic,Recommended_4,"[1, 1, 0]",[],"[1, 1, 0]",[],1
-805303081,MultiverseMarbles,0,GAME_OVER,104,103,2,228,1,Recommended_4,1,2,2,Recommended_4_pushVictoryHeuristic,Recommended_4,1.0,-1.0,Recommended_4_pushVictoryHeuristic,10,6,TwoSides.txt,Move 1 marble by up to 3 spaces in any direction in a straight line.,Push a column of marbles by 1 space in any direction,Pushed out marbles are removed from play,You can push opposing marbles if you use more or equal marbles. Do not split your column while pushing the opponent.,Push out 3 opposing marbles.,Recommended_4_pushVictoryHeuristic,Recommended_4,"[0, 1, 1, 1]",[],"[0, 1, 1, 1]",[],1
-324532001,MultiverseMarbles,0,GAME_OVER,27,26,2,229,2,Recommended_4,2,1,1,Recommended_4_pushVictoryHeuristic,Recommended_4,-1.0,1.0,Recommended_4_pushVictoryHeuristic,10,8,TwoSides.txt,Move 1 marble by 1 space in any direction.,Push a column of marbles by 1 space in any direction,Pushed out marbles return to the center. Remove any pre-existing marble.,You can push opposing marbles if you use more marbles.,Occupy 1 goal of each color.,Recommended_4_pushVictoryHeuristic,Recommended_4,"[0, 1]",[],"[0, 0, 1]",[],0
-2127933512,MultiverseMarbles,0,GAME_OVER,120,119,2,230,1,Recommended_4,1,2,2,Recommended_4_pushVictoryHeuristic,Recommended_4,1.0,-1.0,Recommended_4_pushVictoryHeuristic,10,8,TwoSides.txt,Jump over 1 marble or blocker or move a marble by 1 space in any direction,Push a column of marbles by 1 space in any direction,"Pushed out marbles return to the center, if it is free. Else they are removed.",You can push opposing marbles if you use fewer or equal marbles. Do not split your column while pushing the opponent.,Push out 3 opposing marbles.,Recommended_4_pushVictoryHeuristic,Recommended_4,"[1, 1]",[],"[1, 1, 1]",[],1
1474367938,MultiverseMarbles,0,GAME_OVER,30,29,2,231,1,Recommended_4,1,2,2,Recommended_4_pushVictoryHeuristic,Recommended_4,1.0,-1.0,Recommended_4_pushVictoryHeuristic,10,10,TwoSides.txt,Move 1 marble exactly 2 spaces in any direction.,Push a column of marbles by 1 space in any direction,"Pushed out marbles return to the center, if it is free. Else they are removed.",You can push opposing marbles if you use equal marbles. Do not split your column while pushing the opponent.,Occupy 3 non-neighbouring goals.,Recommended_4_pushVictoryHeuristic,Recommended_4,[],[],[],[],1
402451958,MultiverseMarbles,0,GAME_OVER,27,26,2,232,2,Recommended_4,2,1,1,Recommended_4_pushVictoryHeuristic,Recommended_4,-1.0,1.0,Recommended_4_pushVictoryHeuristic,10,10,TwoSides.txt,Move 1 marble by up to 3 spaces in any direction in a straight line.,Push a column of marbles by 1 space in any direction,"Pushed out marbles return to the center, if it is free. Else they are removed.",You can push opposing marbles if you use more marbles.,Occupy 1 goal of each color.,Recommended_4_pushVictoryHeuristic,Recommended_4,[],[],[0],[],0
1539803506,MultiverseMarbles,0,GAME_OVER,60,59,2,233,1,Recommended_4,1,2,2,Recommended_4_pushVictoryHeuristic,Recommended_4,1.0,-1.0,Recommended_4_pushVictoryHeuristic,10,9,TwoSides.txt,Move 1 marble by up to 3 spaces in any direction in a straight line.,Push a column of marbles by 1 space in any direction,"Pushed out marbles return to the center, if it is free. Else they are removed.",You can push opposing marbles if you use fewer or equal marbles. Do not split your column while pushing the opponent.,Push out 3 opposing marbles.,Recommended_4_pushVictoryHeuristic,Recommended_4,[1],[],"[1, 1, 1]",[],1
58502344,MultiverseMarbles,0,GAME_OVER,23,22,2,234,2,Recommended_4,2,1,1,Recommended_4_pushVictoryHeuristic,Recommended_4,-1.0,1.0,Recommended_4_pushVictoryHeuristic,10,10,TwoSides.txt,Move 1 marble exactly 2 spaces in any direction.,Push a column of marbles by 1 space in any direction,Pushed out marbles return to the center. Remove any pre-existing marble.,You can push opposing marbles if you use equal marbles. Do not split your column while pushing the opponent.,Occupy 1 goal of each color.,Recommended_4_pushVictoryHeuristic,Recommended_4,[],[],[],[],0
-813627443,MultiverseMarbles,0,GAME_OVER,77,76,2,235,2,Recommended_4,2,1,1,Recommended_4_pushVictoryHeuristic,Recommended_4,-1.0,1.0,Recommended_4_pushVictoryHeuristic,9,7,TwoSides.txt,Jump over 1 marble or blocker or move a marble by 1 space in any direction,Push a column of marbles by 1 space in any direction,"Pushed out marbles return to the center, if it is free. Else they are removed.",You can push opposing marbles if you use more marbles.,Occupy all goals of your color.,Recommended_4_pushVictoryHeuristic,Recommended_4,"[0, 1, 1]",[0],"[0, 1, 1, 1, 0]",[0],0
-431946406,MultiverseMarbles,0,GAME_OVER,55,54,2,236,2,Recommended_4,2,1,1,Recommended_4_pushVictoryHeuristic,Recommended_4,-1.0,1.0,Recommended_4_pushVictoryHeuristic,9,9,TwoSides.txt,Move 1 marble by 1 space in any direction.,Push a column of marbles by 1 space in any direction,Pushed out marbles return to the center. Remove any pre-existing marble.,You can push opposing marbles if you use more marbles.,Occupy 3 non-neighbouring goals.,Recommended_4_pushVictoryHeuristic,Recommended_4,"[1, 0]",[],"[0, 1, 0]",[],0
2089628267,MultiverseMarbles,0,GAME_OVER,60,59,2,237,1,Recommended_4,1,2,2,Recommended_4_pushVictoryHeuristic,Recommended_4,1.0,-1.0,Recommended_4_pushVictoryHeuristic,10,9,TwoSides.txt,Jump over 1 marble or blocker or move a marble by 1 space in any direction,Push a column of marbles by 1 space in any direction,Pushed out marbles return to the center. Remove any pre-existing marble.,You can push opposing marbles if you use fewer or more marbles.,Occupy all goals of your color.,Recommended_4_pushVictoryHeuristic,Recommended_4,[1],[],"[0, 0, 1]",[],1
-1638771764,MultiverseMarbles,0,GAME_OVER,88,87,2,238,1,Recommended_4,1,2,2,Recommended_4_pushVictoryHeuristic,Recommended_4,1.0,-1.0,Recommended_4_pushVictoryHeuristic,9,6,TwoSides.txt,Move 1 marble by 1 space in any direction.,Push a column of marbles by 1 space in any direction,Pushed out marbles return to the center. Remove any pre-existing marble.,You can push opposing marbles if you use fewer or more marbles.,Push out 3 opposing marbles.,Recommended_4_pushVictoryHeuristic,Recommended_4,"[1, 0, 1, 0, 0]",[],"[1, 0, 1, 0, 0, 1]",[],1
1477706434,MultiverseMarbles,0,GAME_OVER,25,24,2,239,2,Recommended_4,2,1,1,Recommended_4_pushVictoryHeuristic,Recommended_4,-1.0,1.0,Recommended_4_pushVictoryHeuristic,10,8,TwoSides.txt,Move 1 marble exactly 2 spaces in any direction.,Push a column of marbles by 1 space in any direction,Pushed out marbles return to the center. Remove any pre-existing marble.,You can push opposing marbles if you use more marbles.,Occupy all goals of your color.,Recommended_4_pushVictoryHeuristic,Recommended_4,"[0, 1]",[],"[0, 0, 1]",[],0
-719515679,MultiverseMarbles,0,GAME_OVER,104,103,2,240,1,Recommended_4,1,2,2,Recommended_4_pushVictoryHeuristic,Recommended_4,1.0,-1.0,Recommended_4_pushVictoryHeuristic,10,7,TwoSides.txt,Move 1 marble by up to 3 spaces in any direction in a straight line.,Push a column of marbles by 1 space in any direction,Pushed out marbles are removed from play,You can push opposing marbles if you use fewer or equal marbles. Do not split your column while pushing the opponent.,Push out 3 opposing marbles.,Recommended_4_pushVictoryHeuristic,Recommended_4,"[1, 1, 1]",[],"[1, 1, 1]",[],1
17445558,MultiverseMarbles,0,GAME_OVER,38,37,2,241,1,Recommended_4,1,2,2,Recommended_4_pushVictoryHeuristic,Recommended_4,1.0,-1.0,Recommended_4_pushVictoryHeuristic,10,7,TwoSides.txt,Move 1 marble by up to 3 spaces in any direction in a straight line.,Push a column of marbles by 1 space in any direction,Pushed out marbles are removed from play,"You can push opposing marbles if you use an even number of marbles (2, 4 or 6). Do not split your column while pushing the opponent.",Occupy 1 goal of each color.,Recommended_4_pushVictoryHeuristic,Recommended_4,"[1, 0, 1]",[],"[1, 0, 1]",[],1
1220995401,MultiverseMarbles,0,GAME_OVER,103,102,2,242,1,Recommended_4,1,2,2,Recommended_4_pushVictoryHeuristic,Recommended_4,1.0,-1.0,Recommended_4_pushVictoryHeuristic,10,9,TwoSides.txt,Move 1 marble exactly 2 spaces in any direction.,Push a column of marbles by 1 space in any direction,Pushed out marbles are removed from play,You can push opposing marbles if you use equal marbles. Do not split your column while pushing the opponent.,Occupy 3 non-neighbouring goals.,Recommended_4_pushVictoryHeuristic,Recommended_4,[0],[],[0],[],1
-1635055809,MultiverseMarbles,0,GAME_OVER,70,69,2,243,1,Recommended_4,1,2,2,Recommended_4_pushVictoryHeuristic,Recommended_4,1.0,-1.0,Recommended_4_pushVictoryHeuristic,10,8,TwoSides.txt,Jump over 1 marble or blocker or move a marble by 1 space in any direction,Push a column of marbles by 1 space in any direction,Pushed out marbles are removed from play,You can push opposing marbles if you use more marbles.,Occupy all goals of your color.,Recommended_4_pushVictoryHeuristic,Recommended_4,"[0, 1]",[],"[0, 1]",[],1
-554813528,MultiverseMarbles,0,GAME_OVER,200,200,2,244,1,Recommended_4,1,1,1,Recommended_4_pushVictoryHeuristic,Recommended_4,-3.0,-3.0,Recommended_4_pushVictoryHeuristic,10,8,TwoSides.txt,Jump over 1 marble or blocker or move a marble by 1 space in any direction,Push a column of marbles by 1 space in any direction,Pushed out marbles are removed from play,You can push opposing marbles if you use equal marbles. Do not split your column while pushing the opponent.,Push out 3 opposing marbles.,Recommended_4_pushVictoryHeuristic,Recommended_4,"[1, 1]",[],"[1, 1]",[],-1
-1683805628,MultiverseMarbles,0,GAME_OVER,9,8,2,245,2,Recommended_4,2,1,1,Recommended_4_pushVictoryHeuristic,Recommended_4,-1.0,1.0,Recommended_4_pushVictoryHeuristic,10,10,TwoSides.txt,Move 1 marble by up to 3 spaces in any direction in a straight line.,Push a column of marbles by 1 space in any direction,Pushed out marbles return to the center. Remove any pre-existing marble.,"You can push your opposing marbles if you use an uneven number of marbles (1, 3 or 5). Do not split your column while pushing the opponent.",Occupy 1 goal of each color.,Recommended_4_pushVictoryHeuristic,Recommended_4,[],[],[0],[],0
-1750380853,MultiverseMarbles,0,GAME_OVER,98,97,2,246,1,Recommended_4,1,2,2,Recommended_4_pushVictoryHeuristic,Recommended_4,1.0,-1.0,Recommended_4_pushVictoryHeuristic,10,5,TwoSides.txt,Move 1 marble by up to 3 spaces in any direction in a straight line.,Push a column of marbles by 1 space in any direction,Pushed out marbles are removed from play,You can push opposing marbles if you use more or equal marbles. Do not split your column while pushing the opponent.,Occupy all goals of your color.,Recommended_4_pushVictoryHeuristic,Recommended_4,"[0, 0, 0, 1, 1]",[],"[0, 0, 0, 1, 1]",[],1
-168656920,MultiverseMarbles,0,GAME_OVER,107,106,2,247,2,Recommended_4,2,1,1,Recommended_4_pushVictoryHeuristic,Recommended_4,-1.0,1.0,Recommended_4_pushVictoryHeuristic,10,6,TwoSides.txt,Move 1 marble by 1 space in any direction.,Push a column of marbles by 1 space in any direction,"Pushed out marbles return to the center, if it is free. Else they are removed.","You can push opposing marbles if you use an even number of marbles (2, 4 or 6). Do not split your column while pushing the opponent.",Occupy all goals of your color.,Recommended_4_pushVictoryHeuristic,Recommended_4,"[1, 0, 1, 1]",[],"[1, 1, 1, 0, 1, 1]",[],0
1910636972,MultiverseMarbles,0,GAME_OVER,94,93,2,248,1,Recommended_4,1,2,2,Recommended_4_pushVictoryHeuristic,Recommended_4,1.0,-1.0,Recommended_4_pushVictoryHeuristic,8,9,TwoSides.txt,Move 1 marble by up to 3 spaces in any direction in a straight line.,Push a column of marbles by 1 space in any direction,Pushed out marbles return to the center. Remove any pre-existing marble.,You can push opposing marbles if you use more marbles.,Push out 3 opposing marbles.,Recommended_4_pushVictoryHeuristic,Recommended_4,"[0, 0, 1]",[],"[0, 0, 1, 1, 1]",[0],1
-1137856297,MultiverseMarbles,0,GAME_OVER,48,47,2,249,1,Recommended_4,1,2,2,Recommended_4_pushVictoryHeuristic,Recommended_4,1.0,-1.0,Recommended_4_pushVictoryHeuristic,10,6,TwoSides.txt,Move 1 marble by up to 3 spaces in any direction in a straight line.,Push a column of marbles by 1 space in any direction,"Pushed out marbles return to the center, if it is free. Else they are removed.",You can push opposing marbles if you use fewer or more marbles.,Occupy 3 non-neighbouring goals.,Recommended_4_pushVictoryHeuristic,Recommended_4,"[0, 1, 0, 1]",[],"[0, 1, 0, 1]",[],1
-307592404,MultiverseMarbles,0,GAME_OVER,69,68,2,250,2,Recommended_4,2,1,1,Recommended_4_pushVictoryHeuristic,Recommended_4,-1.0,1.0,Recommended_4_pushVictoryHeuristic,9,9,TwoSides.txt,Move 1 marble by 1 space in any direction.,Push a column of marbles by 1 space in any direction,Pushed out marbles return to the center. Remove any pre-existing marble.,You can push opposing marbles if you use more or equal marbles. Do not split your column while pushing the opponent.,Occupy all goals of your color.,Recommended_4_pushVictoryHeuristic,Recommended_4,"[0, 1]",[],"[0, 0, 1]",[],0
-1353526698,MultiverseMarbles,0,GAME_OVER,110,109,2,251,1,Recommended_4,1,2,2,Recommended_4_pushVictoryHeuristic,Recommended_4,1.0,-1.0,Recommended_4_pushVictoryHeuristic,10,10,TwoSides.txt,Move 1 marble by 1 space in any direction.,Push a column of marbles by 1 space in any direction,Pushed out marbles are removed from play,You can push opposing marbles if you use fewer or equal marbles. Do not split your column while pushing the opponent.,Occupy 3 non-neighbouring goals.,Recommended_4_pushVictoryHeuristic,Recommended_4,[],[],[],[],1
-1990659661,MultiverseMarbles,0,GAME_OVER,37,36,2,252,2,Recommended_4,2,1,1,Recommended_4_pushVictoryHeuristic,Recommended_4,-1.0,1.0,Recommended_4_pushVictoryHeuristic,10,9,TwoSides.txt,Jump over 1 marble or blocker or move a marble by 1 space in any direction,Push a column of marbles by 1 space in any direction,"Pushed out marbles return to the center, if it is free. Else they are removed.",You can push opposing marbles if you use fewer or more marbles.,Occupy 3 non-neighbouring goals.,Recommended_4_pushVictoryHeuristic,Recommended_4,[0],[],[0],[],0
-866191843,MultiverseMarbles,0,GAME_OVER,65,64,2,253,2,Recommended_4,2,1,1,Recommended_4_pushVictoryHeuristic,Recommended_4,-1.0,1.0,Recommended_4_pushVictoryHeuristic,7,8,TwoSides.txt,Move 1 marble exactly 2 spaces in any direction.,Push a column of marbles by 1 space in any direction,Pushed out marbles are removed from play,You can push opposing marbles if you use fewer or more marbles.,Push out 3 opposing marbles.,Recommended_4_pushVictoryHeuristic,Recommended_4,"[0, 1]","[0, 0, 0]","[0, 1]","[0, 0, 0]",0
-2069511402,MultiverseMarbles,0,GAME_OVER,16,15,2,254,1,Recommended_4,1,2,2,Recommended_4_pushVictoryHeuristic,Recommended_4,1.0,-1.0,Recommended_4_pushVictoryHeuristic,10,10,TwoSides.txt,Move 1 marble by up to 3 spaces in any direction in a straight line.,Push a column of marbles by 1 space in any direction,Pushed out marbles are removed from play,"You can push your opposing marbles if you use an uneven number of marbles (1, 3 or 5). Do not split your column while pushing the opponent.",Occupy 1 goal of each color.,Recommended_4_pushVictoryHeuristic,Recommended_4,[],[],[],[],1
1288752974,MultiverseMarbles,0,GAME_OVER,15,14,2,255,2,Recommended_4,2,1,1,Recommended_4_pushVictoryHeuristic,Recommended_4,-1.0,1.0,Recommended_4_pushVictoryHeuristic,10,9,TwoSides.txt,Move 1 marble by up to 3 spaces in any direction in a straight line.,Push a column of marbles by 1 space in any direction,Pushed out marbles return to the center. Remove any pre-existing marble.,"You can push opposing marbles if you use an even number of marbles (2, 4 or 6). Do not split your column while pushing the opponent.",Occupy 3 non-neighbouring goals.,Recommended_4_pushVictoryHeuristic,Recommended_4,[1],[],"[0, 1, 1]",[],0
527763564,MultiverseMarbles,0,GAME_OVER,34,33,2,256,1,Recommended_4,1,2,2,Recommended_4_pushVictoryHeuristic,Recommended_4,1.0,-1.0,Recommended_4_pushVictoryHeuristic,10,10,TwoSides.txt,Jump over 1 marble or blocker or move a marble by 1 space in any direction,Push a column of marbles by 1 space in any direction,Pushed out marbles return to the center. Remove any pre-existing marble.,"You can push your opposing marbles if you use an uneven number of marbles (1, 3 or 5). Do not split your column while pushing the opponent.",Occupy 3 non-neighbouring goals.,Recommended_4_pushVictoryHeuristic,Recommended_4,[],[],[],[],1
268160768,MultiverseMarbles,0,GAME_OVER,98,97,2,257,1,Recommended_4,1,2,2,Recommended_4_pushVictoryHeuristic,Recommended_4,1.0,-1.0,Recommended_4_pushVictoryHeuristic,10,9,TwoSides.txt,Move 1 marble exactly 2 spaces in any direction.,Push a column of marbles by 1 space in any direction,"Pushed out marbles return to the center, if it is free. Else they are removed.",You can push opposing marbles if you use fewer or equal marbles. Do not split your column while pushing the opponent.,Push out 3 opposing marbles.,Recommended_4_pushVictoryHeuristic,Recommended_4,[1],[],"[1, 1, 1]",[],1
798207429,MultiverseMarbles,0,GAME_OVER,77,76,2,258,2,Recommended_4,2,1,1,Recommended_4_pushVictoryHeuristic,Recommended_4,-1.0,1.0,Recommended_4_pushVictoryHeuristic,9,8,TwoSides.txt,Move 1 marble by up to 3 spaces in any direction in a straight line.,Push a column of marbles by 1 space in any direction,Pushed out marbles return to the center. Remove any pre-existing marble.,"You can push opposing marbles if you use an even number of marbles (2, 4 or 6). Do not split your column while pushing the opponent.",Occupy 1 goal of each color.,Recommended_4_pushVictoryHeuristic,Recommended_4,"[1, 1]",[0],"[1, 1, 1, 1, 0]","[0, 0]",0
1701343797,MultiverseMarbles,0,GAME_OVER,70,69,2,259,1,Recommended_4,1,2,2,Recommended_4_pushVictoryHeuristic,Recommended_4,1.0,-1.0,Recommended_4_pushVictoryHeuristic,10,4,TwoSides.txt,Jump over 1 marble or blocker or move a marble by 1 space in any direction,Push a column of marbles by 1 space in any direction,Pushed out marbles are removed from play,You can push opposing marbles if you use more marbles.,Occupy all goals of your color.,Recommended_4_pushVictoryHeuristic,Recommended_4,"[0, 0, 1, 1, 1, 1]",[],"[0, 0, 1, 1, 1, 1]",[],1
42958805,MultiverseMarbles,0,GAME_OVER,17,16,2,260,2,Recommended_4,2,1,1,Recommended_4_pushVictoryHeuristic,Recommended_4,-1.0,1.0,Recommended_4_pushVictoryHeuristic,10,10,TwoSides.txt,Jump over 1 marble or blocker or move a marble by 1 space in any direction,Push a column of marbles by 1 space in any direction,Pushed out marbles return to the center. Remove any pre-existing marble.,You can push opposing marbles if you use more or equal marbles. Do not split your column while pushing the opponent.,Occupy 1 goal of each color.,Recommended_4_pushVictoryHeuristic,Recommended_4,[],[],[1],[],0
-1284783044,MultiverseMarbles,0,GAME_OVER,106,105,2,261,1,Recommended_4,1,2,2,Recommended_4_pushVictoryHeuristic,Recommended_4,1.0,-1.0,Recommended_4_pushVictoryHeuristic,9,10,TwoSides.txt,Move 1 marble by 1 space in any direction.,Push a column of marbles by 1 space in any direction,"Pushed out marbles return to the center, if it is free. Else they are removed.",You can push opposing marbles if you use fewer or equal marbles. Do not split your column while pushing the opponent.,Occupy 1 goal of each color.,Recommended_4_pushVictoryHeuristic,Recommended_4,[],[0],[1],[0],1
1990619665,MultiverseMarbles,0,GAME_OVER,48,47,2,262,1,Recommended_4,1,2,2,Recommended_4_pushVictoryHeuristic,Recommended_4,1.0,-1.0,Recommended_4_pushVictoryHeuristic,9,10,TwoSides.txt,Move 1 marble by up to 3 spaces in any direction in a straight line.,Push a column of marbles by 1 space in any direction,Pushed out marbles return to the center. Remove any pre-existing marble.,You can push opposing marbles if you use more marbles.,Occupy 1 goal of each color.,Recommended_4_pushVictoryHeuristic,Recommended_4,[1],[],"[1, 1]",[1],1
-447765565,MultiverseMarbles,0,GAME_OVER,128,127,2,263,1,Recommended_4,1,2,2,Recommended_4_pushVictoryHeuristic,Recommended_4,1.0,-1.0,Recommended_4_pushVictoryHeuristic,10,7,TwoSides.txt,Move 1 marble by 1 space in any direction.,Push a column of marbles by 1 space in any direction,Pushed out marbles return to the center. Remove any pre-existing marble.,"You can push your opposing marbles if you use an uneven number of marbles (1, 3 or 5). Do not split your column while pushing the opponent.",Push out 3 opposing marbles.,Recommended_4_pushVictoryHeuristic,Recommended_4,"[0, 1, 1]",[],"[0, 1, 0, 1, 1]",[],1
-1876727332,MultiverseMarbles,0,GAME_OVER,71,70,2,264,2,Recommended_4,2,1,1,Recommended_4_pushVictoryHeuristic,Recommended_4,-1.0,1.0,Recommended_4_pushVictoryHeuristic,10,8,TwoSides.txt,Move 1 marble exactly 2 spaces in any direction.,Push a column of marbles by 1 space in any direction,"Pushed out marbles return to the center, if it is free. Else they are removed.",You can push opposing marbles if you use fewer or more marbles.,Occupy all goals of your color.,Recommended_4_pushVictoryHeuristic,Recommended_4,"[1, 1]",[],"[0, 1, 0, 1]",[0],0
-1554647503,MultiverseMarbles,0,GAME_OVER,87,86,2,265,2,Recommended_4,2,1,1,Recommended_4_pushVictoryHeuristic,Recommended_4,-1.0,1.0,Recommended_4_pushVictoryHeuristic,10,6,TwoSides.txt,Move 1 marble exactly 2 spaces in any direction.,Push a column of marbles by 1 space in any direction,Pushed out marbles return to the center. Remove any pre-existing marble.,You can push opposing marbles if you use more marbles.,Occupy 3 non-neighbouring goals.,Recommended_4_pushVictoryHeuristic,Recommended_4,"[0, 1, 1, 1]",[],"[1, 0, 1, 1, 1]",[0],0
960055211,MultiverseMarbles,0,GAME_OVER,91,90,2,266,2,Recommended_4,2,1,1,Recommended_4_pushVictoryHeuristic,Recommended_4,-1.0,1.0,Recommended_4_pushVictoryHeuristic,10,8,TwoSides.txt,Jump over 1 marble or blocker or move a marble by 1 space in any direction,Push a column of marbles by 1 space in any direction,"Pushed out marbles return to the center, if it is free. Else they are removed.","You can push opposing marbles if you use an even number of marbles (2, 4 or 6). Do not split your column while pushing the opponent.",Occupy all goals of your color.,Recommended_4_pushVictoryHeuristic,Recommended_4,"[0, 1]",[],"[0, 0, 1, 1]",[],0
498463735,MultiverseMarbles,0,GAME_OVER,45,44,2,267,2,Recommended_4,2,1,1,Recommended_4_pushVictoryHeuristic,Recommended_4,-1.0,1.0,Recommended_4_pushVictoryHeuristic,10,8,TwoSides.txt,Move 1 marble exactly 2 spaces in any direction.,Push a column of marbles by 1 space in any direction,"Pushed out marbles return to the center, if it is free. Else they are removed.",You can push opposing marbles if you use more or equal marbles. Do not split your column while pushing the opponent.,Occupy 3 non-neighbouring goals.,Recommended_4_pushVictoryHeuristic,Recommended_4,"[0, 0]",[],"[0, 1, 0, 0]",[],0
-1351543479,MultiverseMarbles,0,GAME_OVER,18,17,2,268,1,Recommended_4,1,2,2,Recommended_4_pushVictoryHeuristic,Recommended_4,1.0,-1.0,Recommended_4_pushVictoryHeuristic,10,9,TwoSides.txt,Jump over 1 marble or blocker or move a marble by 1 space in any direction,Push a column of marbles by 1 space in any direction,"Pushed out marbles return to the center, if it is free. Else they are removed.","You can push opposing marbles if you use an even number of marbles (2, 4 or 6). Do not split your column while pushing the opponent.",Occupy 1 goal of each color.,Recommended_4_pushVictoryHeuristic,Recommended_4,[0],[],"[0, 0]",[],1
-888673798,MultiverseMarbles,0,GAME_OVER,94,93,2,269,1,Recommended_4,1,2,2,Recommended_4_pushVictoryHeuristic,Recommended_4,1.0,-1.0,Recommended_4_pushVictoryHeuristic,10,5,TwoSides.txt,Move 1 marble by 1 space in any direction.,Push a column of marbles by 1 space in any direction,Pushed out marbles are removed from play,"You can push opposing marbles if you use an even number of marbles (2, 4 or 6). Do not split your column while pushing the opponent.",Push out 3 opposing marbles.,Recommended_4_pushVictoryHeuristic,Recommended_4,"[0, 0, 1, 1, 1]",[],"[0, 0, 1, 1, 1]",[],1
38123686,MultiverseMarbles,0,GAME_OVER,51,50,2,270,2,Recommended_4,2,1,1,Recommended_4_pushVictoryHeuristic,Recommended_4,-1.0,1.0,Recommended_4_pushVictoryHeuristic,9,10,TwoSides.txt,Move 1 marble by 1 space in any direction.,Push a column of marbles by 1 space in any direction,Pushed out marbles are removed from play,You can push opposing marbles if you use fewer or equal marbles. Do not split your column while pushing the opponent.,Occupy 1 goal of each color.,Recommended_4_pushVictoryHeuristic,Recommended_4,[],[0],[],[0],0
1483833162,MultiverseMarbles,0,GAME_OVER,106,105,2,271,1,Recommended_4,1,2,2,Recommended_4_pushVictoryHeuristic,Recommended_4,1.0,-1.0,Recommended_4_pushVictoryHeuristic,10,10,TwoSides.txt,Jump over 1 marble or blocker or move a marble by 1 space in any direction,Push a column of marbles by 1 space in any direction,Pushed out marbles return to the center. Remove any pre-existing marble.,You can push opposing marbles if you use equal marbles. Do not split your column while pushing the opponent.,Occupy 1 goal of each color.,Recommended_4_pushVictoryHeuristic,Recommended_4,[],[],[],[],1
1811438810,MultiverseMarbles,0,GAME_OVER,31,30,2,272,2,Recommended_4,2,1,1,Recommended_4_pushVictoryHeuristic,Recommended_4,-1.0,1.0,Recommended_4_pushVictoryHeuristic,7,10,TwoSides.txt,Move 1 marble by 1 space in any direction.,Push a column of marbles by 1 space in any direction,Pushed out marbles are removed from play,You can push opposing marbles if you use more or equal marbles. Do not split your column while pushing the opponent.,Occupy 1 goal of each color.,Recommended_4_pushVictoryHeuristic,Recommended_4,[],"[0, 0, 0]",[],"[0, 0, 0]",0
-355232835,MultiverseMarbles,0,GAME_OVER,7,6,2,273,2,Recommended_4,2,1,1,Recommended_4_pushVictoryHeuristic,Recommended_4,-1.0,1.0,Recommended_4_pushVictoryHeuristic,10,10,TwoSides.txt,Move 1 marble exactly 2 spaces in any direction.,Push a column of marbles by 1 space in any direction,"Pushed out marbles return to the center, if it is free. Else they are removed.",You can push opposing marbles if you use fewer or equal marbles. Do not split your column while pushing the opponent.,Occupy 1 goal of each color.,Recommended_4_pushVictoryHeuristic,Recommended_4,[],[],[],[],0
690323257,MultiverseMarbles,0,GAME_OVER,42,41,2,274,1,Recommended_4,1,2,2,Recommended_4_pushVictoryHeuristic,Recommended_4,1.0,-1.0,Recommended_4_pushVictoryHeuristic,10,9,TwoSides.txt,Jump over 1 marble or blocker or move a marble by 1 space in any direction,Push a column of marbles by 1 space in any direction,"Pushed out marbles return to the center, if it is free. Else they are removed.",You can push opposing marbles if you use more marbles.,Occupy 3 non-neighbouring goals.,Recommended_4_pushVictoryHeuristic,Recommended_4,[0],[],"[0, 0]",[],1
1618506535,MultiverseMarbles,0,GAME_OVER,98,97,2,275,1,Recommended_4,1,2,2,Recommended_4_pushVictoryHeuristic,Recommended_4,1.0,-1.0,Recommended_4_pushVictoryHeuristic,10,9,TwoSides.txt,Jump over 1 marble or blocker or move a marble by 1 space in any direction,Push a column of marbles by 1 space in any direction,"Pushed out marbles return to the center, if it is free. Else they are removed.",You can push opposing marbles if you use fewer or equal marbles. Do not split your column while pushing the opponent.,Occupy all goals of your color.,Recommended_4_pushVictoryHeuristic,Recommended_4,[1],[],[1],[],1
-249150289,MultiverseMarbles,0,GAME_OVER,51,50,2,276,2,Recommended_4,2,1,1,Recommended_4_pushVictoryHeuristic,Recommended_4,-1.0,1.0,Recommended_4_pushVictoryHeuristic,10,8,TwoSides.txt,Move 1 marble exactly 2 spaces in any direction.,Push a column of marbles by 1 space in any direction,Pushed out marbles are removed from play,"You can push opposing marbles if you use an even number of marbles (2, 4 or 6). Do not split your column while pushing the opponent.",Occupy all goals of your color.,Recommended_4_pushVictoryHeuristic,Recommended_4,"[0, 0]",[],"[0, 0]",[],0
-1936510396,MultiverseMarbles,0,GAME_OVER,13,12,2,277,2,Recommended_4,2,1,1,Recommended_4_pushVictoryHeuristic,Recommended_4,-1.0,1.0,Recommended_4_pushVictoryHeuristic,10,9,TwoSides.txt,Move 1 marble exactly 2 spaces in any direction.,Push a column of marbles by 1 space in any direction,Pushed out marbles are removed from play,"You can push opposing marbles if you use an even number of marbles (2, 4 or 6). Do not split your column while pushing the opponent.",Occupy 1 goal of each color.,Recommended_4_pushVictoryHeuristic,Recommended_4,[0],[],[0],[],0
695073731,MultiverseMarbles,0,GAME_OVER,47,46,2,278,2,Recommended_4,2,1,1,Recommended_4_pushVictoryHeuristic,Recommended_4,-1.0,1.0,Recommended_4_pushVictoryHeuristic,10,10,TwoSides.txt,Move 1 marble by 1 space in any direction.,Push a column of marbles by 1 space in any direction,Pushed out marbles are removed from play,You can push opposing marbles if you use fewer or equal marbles. Do not split your column while pushing the opponent.,Occupy 1 goal of each color.,Recommended_4_pushVictoryHeuristic,Recommended_4,[],[],[],[],0
1510598041,MultiverseMarbles,0,GAME_OVER,19,18,2,279,2,Recommended_4,2,1,1,Recommended_4_pushVictoryHeuristic,Recommended_4,-1.0,1.0,Recommended_4_pushVictoryHeuristic,10,10,TwoSides.txt,Move 1 marble exactly 2 spaces in any direction.,Push a column of marbles by 1 space in any direction,Pushed out marbles return to the center. Remove any pre-existing marble.,"You can push your opposing marbles if you use an uneven number of marbles (1, 3 or 5). Do not split your column while pushing the opponent.",Occupy 1 goal of each color.,Recommended_4_pushVictoryHeuristic,Recommended_4,[],[],[0],[],0
930384360,MultiverseMarbles,0,GAME_OVER,20,19,2,280,1,Recommended_4,1,2,2,Recommended_4_pushVictoryHeuristic,Recommended_4,1.0,-1.0,Recommended_4_pushVictoryHeuristic,10,10,TwoSides.txt,Jump over 1 marble or blocker or move a marble by 1 space in any direction,Push a column of marbles by 1 space in any direction,Pushed out marbles return to the center. Remove any pre-existing marble.,You can push opposing marbles if you use more or equal marbles. Do not split your column while pushing the opponent.,Occupy 1 goal of each color.,Recommended_4_pushVictoryHeuristic,Recommended_4,[],[],[],[],1
-1202270260,MultiverseMarbles,0,GAME_OVER,16,15,2,281,1,Recommended_4,1,2,2,Recommended_4_pushVictoryHeuristic,Recommended_4,1.0,-1.0,Recommended_4_pushVictoryHeuristic,10,10,TwoSides.txt,Move 1 marble by up to 3 spaces in any direction in a straight line.,Push a column of marbles by 1 space in any direction,"Pushed out marbles return to the center, if it is free. Else they are removed.",You can push opposing marbles if you use fewer or more marbles.,Occupy 1 goal of each color.,Recommended_4_pushVictoryHeuristic,Recommended_4,[],[],[1],[],1
234784526,MultiverseMarbles,0,GAME_OVER,39,38,2,282,2,Recommended_4,2,1,1,Recommended_4_pushVictoryHeuristic,Recommended_4,-1.0,1.0,Recommended_4_pushVictoryHeuristic,10,9,TwoSides.txt,Move 1 marble exactly 2 spaces in any direction.,Push a column of marbles by 1 space in any direction,"Pushed out marbles return to the center, if it is free. Else they are removed.",You can push opposing marbles if you use more marbles.,Occupy all goals of your color.,Recommended_4_pushVictoryHeuristic,Recommended_4,[0],[],"[0, 0]",[],0
73397318,MultiverseMarbles,0,GAME_OVER,103,102,2,283,2,Recommended_4,2,1,1,Recommended_4_pushVictoryHeuristic,Recommended_4,-1.0,1.0,Recommended_4_pushVictoryHeuristic,9,6,TwoSides.txt,Move 1 marble by up to 3 spaces in any direction in a straight line.,Push a column of marbles by 1 space in any direction,Pushed out marbles return to the center. Remove any pre-existing marble.,"You can push opposing marbles if you use an even number of marbles (2, 4 or 6). Do not split your column while pushing the opponent.",Occupy all goals of your color.,Recommended_4_pushVictoryHeuristic,Recommended_4,"[0, 1, 1, 1, 1]",[],"[0, 1, 1, 1, 1]",[],0
637536396,MultiverseMarbles,0,GAME_OVER,21,20,2,284,2,Recommended_4,2,1,1,Recommended_4_pushVictoryHeuristic,Recommended_4,-1.0,1.0,Recommended_4_pushVictoryHeuristic,10,10,TwoSides.txt,Move 1 marble exactly 2 spaces in any direction.,Push a column of marbles by 1 space in any direction,Pushed out marbles return to the center. Remove any pre-existing marble.,You can push opposing marbles if you use more marbles.,Occupy 3 non-neighbouring goals.,Recommended_4_pushVictoryHeuristic,Recommended_4,[],[],"[0, 0]",[],0
120093725,MultiverseMarbles,0,GAME_OVER,90,89,2,285,1,Recommended_4,1,2,2,Recommended_4_pushVictoryHeuristic,Recommended_4,1.0,-1.0,Recommended_4_pushVictoryHeuristic,10,9,TwoSides.txt,Move 1 marble by up to 3 spaces in any direction in a straight line.,Push a column of marbles by 1 space in any direction,Pushed out marbles return to the center. Remove any pre-existing marble.,"You can push opposing marbles if you use an even number of marbles (2, 4 or 6). Do not split your column while pushing the opponent.",Occupy 1 goal of each color.,Recommended_4_pushVictoryHeuristic,Recommended_4,[1],[],"[0, 0, 0, 0, 1]",[],1
-1658116905,MultiverseMarbles,0,GAME_OVER,174,173,2,286,1,Recommended_4,1,2,2,Recommended_4_pushVictoryHeuristic,Recommended_4,1.0,-1.0,Recommended_4_pushVictoryHeuristic,10,8,TwoSides.txt,Move 1 marble by up to 3 spaces in any direction in a straight line.,Push a column of marbles by 1 space in any direction,Pushed out marbles return to the center. Remove any pre-existing marble.,You can push opposing marbles if you use fewer or equal marbles. Do not split your column while pushing the opponent.,Push out 3 opposing marbles.,Recommended_4_pushVictoryHeuristic,Recommended_4,"[1, 1]",[],"[1, 1, 1]",[],1
-303014245,MultiverseMarbles,0,GAME_OVER,66,65,2,287,1,Recommended_4,1,2,2,Recommended_4_pushVictoryHeuristic,Recommended_4,1.0,-1.0,Recommended_4_pushVictoryHeuristic,10,4,TwoSides.txt,Move 1 marble by 1 space in any direction.,Push a column of marbles by 1 space in any direction,Pushed out marbles are removed from play,You can push opposing marbles if you use fewer or more marbles.,Push out 3 opposing marbles.,Recommended_4_pushVictoryHeuristic,Recommended_4,"[0, 1, 1, 0, 0, 1]",[],"[0, 1, 1, 0, 0, 1]",[],1
478485420,MultiverseMarbles,0,GAME_OVER,30,29,2,288,1,Recommended_4,1,2,2,Recommended_4_pushVictoryHeuristic,Recommended_4,1.0,-1.0,Recommended_4_pushVictoryHeuristic,10,10,TwoSides.txt,Jump over 1 marble or blocker or move a marble by 1 space in any direction,Push a column of marbles by 1 space in any direction,"Pushed out marbles return to the center, if it is free. Else they are removed.","You can push opposing marbles if you use an even number of marbles (2, 4 or 6). Do not split your column while pushing the opponent.",Occupy 1 goal of each color.,Recommended_4_pushVictoryHeuristic,Recommended_4,[],[],[0],[],1
-82734118,MultiverseMarbles,0,GAME_OVER,68,67,2,289,1,Recommended_4,1,2,2,Recommended_4_pushVictoryHeuristic,Recommended_4,1.0,-1.0,Recommended_4_pushVictoryHeuristic,10,3,TwoSides.txt,Move 1 marble exactly 2 spaces in any direction.,Push a column of marbles by 1 space in any direction,Pushed out marbles are removed from play,"You can push opposing marbles if you use an even number of marbles (2, 4 or 6). Do not split your column while pushing the opponent.",Push out 3 opposing marbles.,Recommended_4_pushVictoryHeuristic,Recommended_4,"[1, 1, 0, 0, 0, 0, 1]",[],"[1, 1, 0, 0, 0, 0, 1]",[],1
713120397,MultiverseMarbles,0,GAME_OVER,33,32,2,290,2,Recommended_4,2,1,1,Recommended_4_pushVictoryHeuristic,Recommended_4,-1.0,1.0,Recommended_4_pushVictoryHeuristic,10,10,TwoSides.txt,Move 1 marble by up to 3 spaces in any direction in a straight line.,Push a column of marbles by 1 space in any direction,Pushed out marbles return to the center. Remove any pre-existing marble.,"You can push your opposing marbles if you use an uneven number of marbles (1, 3 or 5). Do not split your column while pushing the opponent.",Occupy 3 non-neighbouring goals.,Recommended_4_pushVictoryHeuristic,Recommended_4,[],[],[0],[],0
-1830809784,MultiverseMarbles,0,GAME_OVER,140,139,2,291,1,Recommended_4,1,2,2,Recommended_4_pushVictoryHeuristic,Recommended_4,1.0,-1.0,Recommended_4_pushVictoryHeuristic,10,4,TwoSides.txt,Move 1 marble by up to 3 spaces in any direction in a straight line.,Push a column of marbles by 1 space in any direction,Pushed out marbles are removed from play,"You can push your opposing marbles if you use an uneven number of marbles (1, 3 or 5). Do not split your column while pushing the opponent.",Push out 3 opposing marbles.,Recommended_4_pushVictoryHeuristic,Recommended_4,"[0, 0, 0, 1, 1, 1]",[],"[0, 0, 0, 1, 1, 1]",[],1
117398471,MultiverseMarbles,0,GAME_OVER,32,31,2,292,1,Recommended_4,1,2,2,Recommended_4_pushVictoryHeuristic,Recommended_4,1.0,-1.0,Recommended_4_pushVictoryHeuristic,10,7,TwoSides.txt,Move 1 marble by 1 space in any direction.,Push a column of marbles by 1 space in any direction,"Pushed out marbles return to the center, if it is free. Else they are removed.","You can push opposing marbles if you use an even number of marbles (2, 4 or 6). Do not split your column while pushing the opponent.",Push out 3 opposing marbles.,Recommended_4_pushVictoryHeuristic,Recommended_4,"[1, 1, 1]",[],"[0, 1, 1, 0, 1]",[],1
459057434,MultiverseMarbles,0,GAME_OVER,52,51,2,293,1,Recommended_4,1,2,2,Recommended_4_pushVictoryHeuristic,Recommended_4,1.0,-1.0,Recommended_4_pushVictoryHeuristic,9,9,TwoSides.txt,Jump over 1 marble or blocker or move a marble by 1 space in any direction,Push a column of marbles by 1 space in any direction,Pushed out marbles return to the center. Remove any pre-existing marble.,You can push opposing marbles if you use fewer or more marbles.,Occupy 3 non-neighbouring goals.,Recommended_4_pushVictoryHeuristic,Recommended_4,"[0, 0]",[],"[0, 0, 0, 1]",[],1
-1774375335,MultiverseMarbles,0,GAME_OVER,31,30,2,294,2,Recommended_4,2,1,1,Recommended_4_pushVictoryHeuristic,Recommended_4,-1.0,1.0,Recommended_4_pushVictoryHeuristic,9,10,TwoSides.txt,Move 1 marble exactly 2 spaces in any direction.,Push a column of marbles by 1 space in any direction,Pushed out marbles return to the center. Remove any pre-existing marble.,You can push opposing marbles if you use more marbles.,Occupy 3 non-neighbouring goals.,Recommended_4_pushVictoryHeuristic,Recommended_4,[0],[],"[0, 0, 1]",[],0
-828290833,MultiverseMarbles,0,GAME_OVER,69,68,2,295,2,Recommended_4,2,1,1,Recommended_4_pushVictoryHeuristic,Recommended_4,-1.0,1.0,Recommended_4_pushVictoryHeuristic,9,9,TwoSides.txt,Move 1 marble by 1 space in any direction.,Push a column of marbles by 1 space in any direction,Pushed out marbles are removed from play,"You can push opposing marbles if you use an even number of marbles (2, 4 or 6). Do not split your column while pushing the opponent.",Occupy 3 non-neighbouring goals.,Recommended_4_pushVictoryHeuristic,Recommended_4,[1],[0],[1],[0],0
672948080,MultiverseMarbles,0,GAME_OVER,110,109,2,296,1,Recommended_4,1,2,2,Recommended_4_pushVictoryHeuristic,Recommended_4,1.0,-1.0,Recommended_4_pushVictoryHeuristic,10,9,TwoSides.txt,Move 1 marble by 1 space in any direction.,Push a column of marbles by 1 space in any direction,Pushed out marbles return to the center. Remove any pre-existing marble.,"You can push your opposing marbles if you use an uneven number of marbles (1, 3 or 5). Do not split your column while pushing the opponent.",Occupy 1 goal of each color.,Recommended_4_pushVictoryHeuristic,Recommended_4,[0],[],"[0, 0, 0]",[],1
263512374,MultiverseMarbles,0,GAME_OVER,129,128,2,297,2,Recommended_4,2,1,1,Recommended_4_pushVictoryHeuristic,Recommended_4,-1.0,1.0,Recommended_4_pushVictoryHeuristic,8,8,TwoSides.txt,Jump over 1 marble or blocker or move a marble by 1 space in any direction,Push a column of marbles by 1 space in any direction,Pushed out marbles return to the center. Remove any pre-existing marble.,You can push opposing marbles if you use more marbles.,Occupy all goals of your color.,Recommended_4_pushVictoryHeuristic,Recommended_4,"[1, 1, 1, 0]",[],"[1, 1, 1, 0, 1]",[],0
1600164446,MultiverseMarbles,0,GAME_OVER,21,20,2,298,2,Recommended_4,2,1,1,Recommended_4_pushVictoryHeuristic,Recommended_4,-1.0,1.0,Recommended_4_pushVictoryHeuristic,10,10,TwoSides.txt,Move 1 marble exactly 2 spaces in any direction.,Push a column of marbles by 1 space in any direction,Pushed out marbles return to the center. Remove any pre-existing marble.,"You can push your opposing marbles if you use an uneven number of marbles (1, 3 or 5). Do not split your column while pushing the opponent.",Occupy all goals of your color.,Recommended_4_pushVictoryHeuristic,Recommended_4,[],[],[],[],0
1962633751,MultiverseMarbles,0,GAME_OVER,116,115,2,299,1,Recommended_4,1,2,2,Recommended_4_pushVictoryHeuristic,Recommended_4,1.0,-1.0,Recommended_4_pushVictoryHeuristic,10,7,TwoSides.txt,Move 1 marble by 1 space in any direction.,Push a column of marbles by 1 space in any direction,Pushed out marbles are removed from play,You can push opposing marbles if you use fewer or equal marbles. Do not split your column while pushing the opponent.,Occupy all goals of your color.,Recommended_4_pushVictoryHeuristic,Recommended_4,"[1, 1, 1]",[],"[1, 1, 1]",[],1
2022138414,MultiverseMarbles,0,GAME_OVER,27,26,2,300,2,Recommended_4,2,1,1,Recommended_4_pushVictoryHeuristic,Recommended_4,-1.0,1.0,Recommended_4_pushVictoryHeuristic,10,10,TwoSides.txt,Move 1 marble by up to 3 spaces in any direction in a straight line.,Push a column of marbles by 1 space in any direction,Pushed out marbles return to the center. Remove any pre-existing marble.,You can push opposing marbles if you use more marbles.,Occupy 3 non-neighbouring goals.,Recommended_4_pushVictoryHeuristic,Recommended_4,[],[],[],[],0
-1115890716,MultiverseMarbles,0,GAME_OVER,37,36,2,301,2,Recommended_4,2,1,1,Recommended_4_pushVictoryHeuristic,Recommended_4,-1.0,1.0,Recommended_4_pushVictoryHeuristic,10,9,TwoSides.txt,Move 1 marble exactly 2 spaces in any direction.,Push a column of marbles by 1 space in any direction,"Pushed out marbles return to the center, if it is free. Else they are removed.","You can push opposing marbles if you use an even number of marbles (2, 4 or 6). Do not split your column while pushing the opponent.",Occupy 1 goal of each color.,Recommended_4_pushVictoryHeuristic,Recommended_4,[0],[],"[0, 0]",[],0
-1816149951,MultiverseMarbles,0,GAME_OVER,54,53,2,302,1,Recommended_4,1,2,2,Recommended_4_pushVictoryHeuristic,Recommended_4,1.0,-1.0,Recommended_4_pushVictoryHeuristic,9,8,TwoSides.txt,Move 1 marble by 1 space in any direction.,Push a column of marbles by 1 space in any direction,Pushed out marbles return to the center. Remove any pre-existing marble.,You can push opposing marbles if you use fewer or more marbles.,Occupy 3 non-neighbouring goals.,Recommended_4_pushVictoryHeuristic,Recommended_4,"[0, 1, 0]",[],"[0, 1, 0]",[],1
2000059494,MultiverseMarbles,0,GAME_OVER,80,79,2,303,1,Recommended_4,1,2,2,Recommended_4_pushVictoryHeuristic,Recommended_4,1.0,-1.0,Recommended_4_pushVictoryHeuristic,10,5,TwoSides.txt,Move 1 marble exactly 2 spaces in any direction.,Push a column of marbles by 1 space in any direction,Pushed out marbles are removed from play,You can push opposing marbles if you use more marbles.,Occupy all goals of your color.,Recommended_4_pushVictoryHeuristic,Recommended_4,"[0, 0, 0, 0, 1]",[],"[0, 0, 0, 0, 1]",[],1
-1190267485,MultiverseMarbles,0,GAME_OVER,10,9,2,304,1,Recommended_4,1,2,2,Recommended_4_pushVictoryHeuristic,Recommended_4,1.0,-1.0,Recommended_4_pushVictoryHeuristic,10,10,TwoSides.txt,Move 1 marble exactly 2 spaces in any direction.,Push a column of marbles by 1 space in any direction,"Pushed out marbles return to the center, if it is free. Else they are removed.",You can push opposing marbles if you use fewer or equal marbles. Do not split your column while pushing the opponent.,Occupy 1 goal of each color.,Recommended_4_pushVictoryHeuristic,Recommended_4,[],[],[],[],1
2110027652,MultiverseMarbles,0,GAME_OVER,98,97,2,305,1,Recommended_4,1,2,2,Recommended_4_pushVictoryHeuristic,Recommended_4,1.0,-1.0,Recommended_4_pushVictoryHeuristic,10,5,TwoSides.txt,Jump over 1 marble or blocker or move a marble by 1 space in any direction,Push a column of marbles by 1 space in any direction,Pushed out marbles are removed from play,You can push opposing marbles if you use more or equal marbles. Do not split your column while pushing the opponent.,Occupy all goals of your color.,Recommended_4_pushVictoryHeuristic,Recommended_4,"[0, 0, 0, 1, 1]",[],"[0, 0, 0, 1, 1]",[],1
1836665067,MultiverseMarbles,0,GAME_OVER,29,28,2,306,2,Recommended_4,2,1,1,Recommended_4_pushVictoryHeuristic,Recommended_4,-1.0,1.0,Recommended_4_pushVictoryHeuristic,9,9,TwoSides.txt,Move 1 marble exactly 2 spaces in any direction.,Push a column of marbles by 1 space in any direction,Pushed out marbles are removed from play,"You can push opposing marbles if you use an even number of marbles (2, 4 or 6). Do not split your column while pushing the opponent.",Occupy 1 goal of each color.,Recommended_4_pushVictoryHeuristic,Recommended_4,[0],[1],[0],[1],0
1326711567,MultiverseMarbles,0,GAME_OVER,22,21,2,307,1,Recommended_4,1,2,2,Recommended_4_pushVictoryHeuristic,Recommended_4,1.0,-1.0,Recommended_4_pushVictoryHeuristic,10,9,TwoSides.txt,Move 1 marble by 1 space in any direction.,Push a column of marbles by 1 space in any direction,"Pushed out marbles return to the center, if it is free. Else they are removed.",You can push opposing marbles if you use fewer or more marbles.,Occupy 1 goal of each color.,Recommended_4_pushVictoryHeuristic,Recommended_4,[1],[],"[1, 0]",[],1
1929126127,MultiverseMarbles,0,GAME_OVER,33,32,2,308,2,Recommended_4,2,1,1,Recommended_4_pushVictoryHeuristic,Recommended_4,-1.0,1.0,Recommended_4_pushVictoryHeuristic,10,10,TwoSides.txt,Move 1 marble by 1 space in any direction.,Push a column of marbles by 1 space in any direction,Pushed out marbles return to the center. Remove any pre-existing marble.,You can push opposing marbles if you use more or equal marbles. Do not split your column while pushing the opponent.,Occupy 1 goal of each color.,Recommended_4_pushVictoryHeuristic,Recommended_4,[],[],[],[0],0
-1327102278,MultiverseMarbles,0,GAME_OVER,29,28,2,309,2,Recommended_4,2,1,1,Recommended_4_pushVictoryHeuristic,Recommended_4,-1.0,1.0,Recommended_4_pushVictoryHeuristic,9,10,TwoSides.txt,Move 1 marble exactly 2 spaces in any direction.,Push a column of marbles by 1 space in any direction,Pushed out marbles return to the center. Remove any pre-existing marble.,"You can push your opposing marbles if you use an uneven number of marbles (1, 3 or 5). Do not split your column while pushing the opponent.",Occupy 1 goal of each color.,Recommended_4_pushVictoryHeuristic,Recommended_4,[],[1],[],"[1, 1]",0
662232205,MultiverseMarbles,0,GAME_OVER,120,119,2,310,1,Recommended_4,1,2,2,Recommended_4_pushVictoryHeuristic,Recommended_4,1.0,-1.0,Recommended_4_pushVictoryHeuristic,10,10,TwoSides.txt,Move 1 marble by up to 3 spaces in any direction in a straight line.,Push a column of marbles by 1 space in any direction,Pushed out marbles are removed from play,You can push opposing marbles if you use equal marbles. Do not split your column while pushing the opponent.,Occupy 3 non-neighbouring goals.,Recommended_4_pushVictoryHeuristic,Recommended_4,[],[],[],[],1
-706626424,MultiverseMarbles,0,GAME_OVER,69,68,2,311,2,Recommended_4,2,1,1,Recommended_4_pushVictoryHeuristic,Recommended_4,-1.0,1.0,Recommended_4_pushVictoryHeuristic,10,9,TwoSides.txt,Move 1 marble exactly 2 spaces in any direction.,Push a column of marbles by 1 space in any direction,"Pushed out marbles return to the center, if it is free. Else they are removed.","You can push opposing marbles if you use an even number of marbles (2, 4 or 6). Do not split your column while pushing the opponent.",Occupy all goals of your color.,Recommended_4_pushVictoryHeuristic,Recommended_4,[1],[],"[0, 1, 0, 0]",[0],0
252744278,MultiverseMarbles,0,GAME_OVER,41,40,2,312,2,Recommended_4,2,1,1,Recommended_4_pushVictoryHeuristic,Recommended_4,-1.0,1.0,Recommended_4_pushVictoryHeuristic,10,10,TwoSides.txt,Move 1 marble by up to 3 spaces in any direction in a straight line.,Push a column of marbles by 1 space in any direction,"Pushed out marbles return to the center, if it is free. Else they are removed.","You can push your opposing marbles if you use an uneven number of marbles (1, 3 or 5). Do not split your column while pushing the opponent.",Occupy 3 non-neighbouring goals.,Recommended_4_pushVictoryHeuristic,Recommended_4,[],[],[],[],0
-464991428,MultiverseMarbles,0,GAME_OVER,69,68,2,313,2,Recommended_4,2,1,1,Recommended_4_pushVictoryHeuristic,Recommended_4,-1.0,1.0,Recommended_4_pushVictoryHeuristic,8,6,TwoSides.txt,Move 1 marble exactly 2 spaces in any direction.,Push a column of marbles by 1 space in any direction,Pushed out marbles return to the center. Remove any pre-existing marble.,You can push opposing marbles if you use more or equal marbles. Do not split your column while pushing the opponent.,Push out 3 opposing marbles.,Recommended_4_pushVictoryHeuristic,Recommended_4,"[0, 1, 0]","[0, 0, 0]","[0, 1, 0, 1]","[0, 0, 0]",0
-552595740,MultiverseMarbles,0,GAME_OVER,34,33,2,314,1,Recommended_4,1,2,2,Recommended_4_pushVictoryHeuristic,Recommended_4,1.0,-1.0,Recommended_4_pushVictoryHeuristic,10,10,TwoSides.txt,Move 1 marble by 1 space in any direction.,Push a column of marbles by 1 space in any direction,Pushed out marbles are removed from play,"You can push opposing marbles if you use an even number of marbles (2, 4 or 6). Do not split your column while pushing the opponent.",Occupy 1 goal of each color.,Recommended_4_pushVictoryHeuristic,Recommended_4,[],[],[],[],1
2039106432,MultiverseMarbles,0,GAME_OVER,107,106,2,315,2,Recommended_4,2,1,1,Recommended_4_pushVictoryHeuristic,Recommended_4,-1.0,1.0,Recommended_4_pushVictoryHeuristic,10,9,TwoSides.txt,Move 1 marble by 1 space in any direction.,Push a column of marbles by 1 space in any direction,Pushed out marbles are removed from play,"You can push your opposing marbles if you use an uneven number of marbles (1, 3 or 5). Do not split your column while pushing the opponent.",Occupy 3 non-neighbouring goals.,Recommended_4_pushVictoryHeuristic,Recommended_4,[0],[],[0],[],0
-1102067937,MultiverseMarbles,0,GAME_OVER,165,164,2,316,2,Recommended_4,2,1,1,Recommended_4_pushVictoryHeuristic,Recommended_4,-1.0,1.0,Recommended_4_pushVictoryHeuristic,9,4,TwoSides.txt,Move 1 marble by up to 3 spaces in any direction in a straight line.,Push a column of marbles by 1 space in any direction,Pushed out marbles return to the center. Remove any pre-existing marble.,You can push opposing marbles if you use more or equal marbles. Do not split your column while pushing the opponent.,Occupy all goals of your color.,Recommended_4_pushVictoryHeuristic,Recommended_4,"[1, 1, 1, 1, 1, 1, 1]",[],"[1, 1, 1, 1, 1, 1, 1, 1, 1]",[0],0
676317676,MultiverseMarbles,0,GAME_OVER,73,72,2,317,2,Recommended_4,2,1,1,Recommended_4_pushVictoryHeuristic,Recommended_4,-1.0,1.0,Recommended_4_pushVictoryHeuristic,10,8,TwoSides.txt,Jump over 1 marble or blocker or move a marble by 1 space in any direction,Push a column of marbles by 1 space in any direction,"Pushed out marbles return to the center, if it is free. Else they are removed.","You can push opposing marbles if you use an even number of marbles (2, 4 or 6). Do not split your column while pushing the opponent.",Occupy all goals of your color.,Recommended_4_pushVictoryHeuristic,Recommended_4,"[0, 1]",[],"[0, 0, 1, 1, 1, 1]",[],0
-1751082050,MultiverseMarbles,0,GAME_OVER,200,200,2,318,1,Recommended_4,1,1,1,Recommended_4_pushVictoryHeuristic,Recommended_4,-3.0,-3.0,Recommended_4_pushVictoryHeuristic,10,7,TwoSides.txt,Move 1 marble by 1 space in any direction.,Push a column of marbles by 1 space in any direction,"Pushed out marbles return to the center, if it is free. Else they are removed.",You can push opposing marbles if you use equal marbles. Do not split your column while pushing the opponent.,Occupy all goals of your color.,Recommended_4_pushVictoryHeuristic,Recommended_4,"[1, 1, 1]",[],"[1, 1, 1]",[],-1
1733491472,MultiverseMarbles,0,GAME_OVER,112,111,2,319,1,Recommended_4,1,2,2,Recommended_4_pushVictoryHeuristic,Recommended_4,1.0,-1.0,Recommended_4_pushVictoryHeuristic,10,4,TwoSides.txt,Jump over 1 marble or blocker or move a marble by 1 space in any direction,Push a column of marbles by 1 space in any direction,Pushed out marbles are removed from play,You can push opposing marbles if you use more marbles.,Push out 3 opposing marbles.,Recommended_4_pushVictoryHeuristic,Recommended_4,"[0, 0, 1, 0, 1, 1]",[],"[0, 0, 1, 0, 1, 1]",[],1
587681215,MultiverseMarbles,0,GAME_OVER,115,114,2,320,2,Recommended_4,2,1,1,Recommended_4_pushVictoryHeuristic,Recommended_4,-1.0,1.0,Recommended_4_pushVictoryHeuristic,9,7,TwoSides.txt,Move 1 marble by 1 space in any direction.,Push a column of marbles by 1 space in any direction,Pushed out marbles return to the center. Remove any pre-existing marble.,You can push opposing marbles if you use more or equal marbles. Do not split your column while pushing the opponent.,Occupy all goals of your color.,Recommended_4_pushVictoryHeuristic,Recommended_4,"[0, 0, 1]",[0],"[0, 0, 0, 1, 1, 1]",[0],0
626609192,MultiverseMarbles,0,GAME_OVER,52,51,2,321,1,Recommended_4,1,2,2,Recommended_4_pushVictoryHeuristic,Recommended_4,1.0,-1.0,Recommended_4_pushVictoryHeuristic,10,9,TwoSides.txt,Move 1 marble by 1 space in any direction.,Push a column of marbles by 1 space in any direction,"Pushed out marbles return to the center, if it is free. Else they are removed.",You can push opposing marbles if you use more or equal marbles. Do not split your column while pushing the opponent.,Occupy 1 goal of each color.,Recommended_4_pushVictoryHeuristic,Recommended_4,[0],[],"[0, 0, 0]",[],1
-888672324,MultiverseMarbles,0,GAME_OVER,58,57,2,322,1,Recommended_4,1,2,2,Recommended_4_pushVictoryHeuristic,Recommended_4,1.0,-1.0,Recommended_4_pushVictoryHeuristic,9,8,TwoSides.txt,Move 1 marble exactly 2 spaces in any direction.,Push a column of marbles by 1 space in any direction,Pushed out marbles return to the center. Remove any pre-existing marble.,You can push opposing marbles if you use fewer or more marbles.,Push out 3 opposing marbles.,Recommended_4_pushVictoryHeuristic,Recommended_4,"[1, 0, 1]",[],"[1, 1, 0, 1]",[],1
-1288367568,MultiverseMarbles,0,GAME_OVER,68,67,2,323,1,Recommended_4,1,2,2,Recommended_4_pushVictoryHeuristic,Recommended_4,1.0,-1.0,Recommended_4_pushVictoryHeuristic,9,8,TwoSides.txt,Jump over 1 marble or blocker or move a marble by 1 space in any direction,Push a column of marbles by 1 space in any direction,"Pushed out marbles return to the center, if it is free. Else they are removed.",You can push opposing marbles if you use more marbles.,Push out 3 opposing marbles.,Recommended_4_pushVictoryHeuristic,Recommended_4,"[0, 0]",[0],"[0, 0, 1, 0, 1, 1]",[0],1
-641694153,MultiverseMarbles,0,GAME_OVER,15,14,2,324,2,Recommended_4,2,1,1,Recommended_4_pushVictoryHeuristic,Recommended_4,-1.0,1.0,Recommended_4_pushVictoryHeuristic,10,10,TwoSides.txt,Jump over 1 marble or blocker or move a marble by 1 space in any direction,Push a column of marbles by 1 space in any direction,Pushed out marbles are removed from play,You can push opposing marbles if you use equal marbles. Do not split your column while pushing the opponent.,Occupy 1 goal of each color.,Recommended_4_pushVictoryHeuristic,Recommended_4,[],[],[],[],0
-1742429599,MultiverseMarbles,0,GAME_OVER,25,24,2,325,2,Recommended_4,2,1,1,Recommended_4_pushVictoryHeuristic,Recommended_4,-1.0,1.0,Recommended_4_pushVictoryHeuristic,10,10,TwoSides.txt,Move 1 marble by 1 space in any direction.,Push a column of marbles by 1 space in any direction,Pushed out marbles are removed from play,You can push opposing marbles if you use fewer or equal marbles. Do not split your column while pushing the opponent.,Occupy 1 goal of each color.,Recommended_4_pushVictoryHeuristic,Recommended_4,[],[],[],[],0
-2043414184,MultiverseMarbles,0,GAME_OVER,156,155,2,326,1,Recommended_4,1,2,2,Recommended_4_pushVictoryHeuristic,Recommended_4,1.0,-1.0,Recommended_4_pushVictoryHeuristic,10,7,TwoSides.txt,Jump over 1 marble or blocker or move a marble by 1 space in any direction,Push a column of marbles by 1 space in any direction,Pushed out marbles are removed from play,You can push opposing marbles if you use equal marbles. Do not split your column while pushing the opponent.,Push out 3 opposing marbles.,Recommended_4_pushVictoryHeuristic,Recommended_4,"[1, 1, 1]",[],"[1, 1, 1]",[],1
1588882028,MultiverseMarbles,0,GAME_OVER,90,89,2,327,1,Recommended_4,1,2,2,Recommended_4_pushVictoryHeuristic,Recommended_4,1.0,-1.0,Recommended_4_pushVictoryHeuristic,10,10,TwoSides.txt,Move 1 marble by up to 3 spaces in any direction in a straight line.,Push a column of marbles by 1 space in any direction,"Pushed out marbles return to the center, if it is free. Else they are removed.",You can push opposing marbles if you use fewer or equal marbles. Do not split your column while pushing the opponent.,Occupy all goals of your color.,Recommended_4_pushVictoryHeuristic,Recommended_4,[],[],[],[],1
871662777,MultiverseMarbles,0,GAME_OVER,21,20,2,328,2,Recommended_4,2,1,1,Recommended_4_pushVictoryHeuristic,Recommended_4,-1.0,1.0,Recommended_4_pushVictoryHeuristic,10,10,TwoSides.txt,Move 1 marble exactly 2 spaces in any direction.,Push a column of marbles by 1 space in any direction,Pushed out marbles are removed from play,You can push opposing marbles if you use more marbles.,Occupy 1 goal of each color.,Recommended_4_pushVictoryHeuristic,Recommended_4,[],[],[],[],0
-1791427606,MultiverseMarbles,0,GAME_OVER,34,33,2,329,1,Recommended_4,1,2,2,Recommended_4_pushVictoryHeuristic,Recommended_4,1.0,-1.0,Recommended_4_pushVictoryHeuristic,10,8,TwoSides.txt,Move 1 marble by 1 space in any direction.,Push a column of marbles by 1 space in any direction,Pushed out marbles are removed from play,"You can push opposing marbles if you use an even number of marbles (2, 4 or 6). Do not split your column while pushing the opponent.",Occupy 1 goal of each color.,Recommended_4_pushVictoryHeuristic,Recommended_4,"[1, 1]",[],"[1, 1]",[],1
1363510825,MultiverseMarbles,0,GAME_OVER,104,103,2,330,1,Recommended_4,1,2,2,Recommended_4_pushVictoryHeuristic,Recommended_4,1.0,-1.0,Recommended_4_pushVictoryHeuristic,10,10,TwoSides.txt,Move 1 marble by 1 space in any direction.,Push a column of marbles by 1 space in any direction,Pushed out marbles return to the center. Remove any pre-existing marble.,You can push opposing marbles if you use fewer or equal marbles. Do not split your column while pushing the opponent.,Occupy 1 goal of each color.,Recommended_4_pushVictoryHeuristic,Recommended_4,[],[],[],[],1
33308118,MultiverseMarbles,0,GAME_OVER,31,30,2,331,2,Recommended_4,2,1,1,Recommended_4_pushVictoryHeuristic,Recommended_4,-1.0,1.0,Recommended_4_pushVictoryHeuristic,10,9,TwoSides.txt,Jump over 1 marble or blocker or move a marble by 1 space in any direction,Push a column of marbles by 1 space in any direction,"Pushed out marbles return to the center, if it is free. Else they are removed.","You can push your opposing marbles if you use an uneven number of marbles (1, 3 or 5). Do not split your column while pushing the opponent.",Occupy 3 non-neighbouring goals.,Recommended_4_pushVictoryHeuristic,Recommended_4,[0],[],[0],[],0
-1891042671,MultiverseMarbles,0,GAME_OVER,39,38,2,332,2,Recommended_4,2,1,1,Recommended_4_pushVictoryHeuristic,Recommended_4,-1.0,1.0,Recommended_4_pushVictoryHeuristic,10,10,TwoSides.txt,Move 1 marble exactly 2 spaces in any direction.,Push a column of marbles by 1 space in any direction,Pushed out marbles return to the center. Remove any pre-existing marble.,"You can push opposing marbles if you use an even number of marbles (2, 4 or 6). Do not split your column while pushing the opponent.",Occupy 3 non-neighbouring goals.,Recommended_4_pushVictoryHeuristic,Recommended_4,[],[],"[0, 1, 0, 0]",[],0
-784242670,MultiverseMarbles,0,GAME_OVER,28,27,2,333,1,Recommended_4,1,2,2,Recommended_4_pushVictoryHeuristic,Recommended_4,1.0,-1.0,Recommended_4_pushVictoryHeuristic,10,10,TwoSides.txt,Jump over 1 marble or blocker or move a marble by 1 space in any direction,Push a column of marbles by 1 space in any direction,Pushed out marbles return to the center. Remove any pre-existing marble.,You can push opposing marbles if you use fewer or equal marbles. Do not split your column while pushing the opponent.,Occupy 3 non-neighbouring goals.,Recommended_4_pushVictoryHeuristic,Recommended_4,[],[],[],[],1
1746059027,MultiverseMarbles,0,GAME_OVER,112,111,2,334,1,Recommended_4_ownColorVictoryHeuristic,1,2,2,Recommended_4,Recommended_4_ownColorVictoryHeuristic,1.0,-1.0,Recommended_4,9,9,TwoSides.txt,Move 1 marble exactly 2 spaces in any direction.,Push a column of marbles by 1 space in any direction,"Pushed out marbles return to the center, if it is free. Else they are removed.","You can push your opposing marbles if you use an uneven number of marbles (1, 3 or 5). Do not split your column while pushing the opponent.",Push out 3 opposing marbles.,Recommended_4,Recommended_4_ownColorVictoryHeuristic,[1],[1],"[1, 1, 1]","[1, 1]",1
1717405991,MultiverseMarbles,0,GAME_OVER,105,104,2,335,2,Recommended_4_ownColorVictoryHeuristic,2,1,1,Recommended_4,Recommended_4_ownColorVictoryHeuristic,-1.0,1.0,Recommended_4,5,8,TwoSides.txt,Move 1 marble by 1 space in any direction.,Push a column of marbles by 1 space in any direction,Pushed out marbles are removed from play,You can push opposing marbles if you use more or equal marbles. Do not split your column while pushing the opponent.,Occupy all goals of your color.,Recommended_4,Recommended_4_ownColorVictoryHeuristic,"[1, 1]","[1, 0, 0, 0, 1]","[1, 1]","[1, 0, 0, 0, 1]",0
-815598253,MultiverseMarbles,0,GAME_OVER,15,14,2,336,2,Recommended_4_ownColorVictoryHeuristic,2,1,1,Recommended_4,Recommended_4_ownColorVictoryHeuristic,-1.0,1.0,Recommended_4,10,10,TwoSides.txt,Move 1 marble by up to 3 spaces in any direction in a straight line.,Push a column of marbles by 1 space in any direction,Pushed out marbles return to the center. Remove any pre-existing marble.,"You can push your opposing marbles if you use an uneven number of marbles (1, 3 or 5). Do not split your column while pushing the opponent.",Occupy 1 goal of each color.,Recommended_4,Recommended_4_ownColorVictoryHeuristic,[],[],[],[],0
2110276287,MultiverseMarbles,0,GAME_OVER,101,100,2,337,2,Recommended_4_ownColorVictoryHeuristic,2,1,1,Recommended_4,Recommended_4_ownColorVictoryHeuristic,-1.0,1.0,Recommended_4,9,8,TwoSides.txt,Move 1 marble by up to 3 spaces in any direction in a straight line.,Push a column of marbles by 1 space in any direction,Pushed out marbles are removed from play,You can push opposing marbles if you use fewer or more marbles.,Occupy 3 non-neighbouring goals.,Recommended_4,Recommended_4_ownColorVictoryHeuristic,"[1, 1]",[0],"[1, 1]",[0],0
-2066950591,MultiverseMarbles,0,GAME_OVER,50,49,2,338,1,Recommended_4_ownColorVictoryHeuristic,1,2,2,Recommended_4,Recommended_4_ownColorVictoryHeuristic,1.0,-1.0,Recommended_4,10,10,TwoSides.txt,Jump over 1 marble or blocker or move a marble by 1 space in any direction,Push a column of marbles by 1 space in any direction,Pushed out marbles return to the center. Remove any pre-existing marble.,You can push opposing marbles if you use equal marbles. Do not split your column while pushing the opponent.,Occupy 1 goal of each color.,Recommended_4,Recommended_4_ownColorVictoryHeuristic,[],[],[],[],1
-983345474,MultiverseMarbles,0,GAME_OVER,36,35,2,339,1,Recommended_4_ownColorVictoryHeuristic,1,2,2,Recommended_4,Recommended_4_ownColorVictoryHeuristic,1.0,-1.0,Recommended_4,9,10,TwoSides.txt,Move 1 marble exactly 2 spaces in any direction.,Push a column of marbles by 1 space in any direction,"Pushed out marbles return to the center, if it is free. Else they are removed.",You can push opposing marbles if you use more marbles.,Occupy all goals of your color.,Recommended_4,Recommended_4_ownColorVictoryHeuristic,[],[1],[],"[1, 1, 1]",1
-4526276,MultiverseMarbles,0,GAME_OVER,108,107,2,340,1,Recommended_4_ownColorVictoryHeuristic,1,2,2,Recommended_4,Recommended_4_ownColorVictoryHeuristic,1.0,-1.0,Recommended_4,9,7,TwoSides.txt,Jump over 1 marble or blocker or move a marble by 1 space in any direction,Push a column of marbles by 1 space in any direction,"Pushed out marbles return to the center, if it is free. Else they are removed.",You can push opposing marbles if you use fewer or more marbles.,Occupy all goals of your color.,Recommended_4,Recommended_4_ownColorVictoryHeuristic,"[1, 1, 1]",[1],"[1, 1, 1]","[1, 1, 1, 0]",1
-216729907,MultiverseMarbles,0,GAME_OVER,200,200,2,341,1,Recommended_4_ownColorVictoryHeuristic,1,1,1,Recommended_4,Recommended_4_ownColorVictoryHeuristic,-3.0,-3.0,Recommended_4,9,10,TwoSides.txt,Move 1 marble exactly 2 spaces in any direction.,Push a column of marbles by 1 space in any direction,Pushed out marbles are removed from play,You can push opposing marbles if you use equal marbles. Do not split your column while pushing the opponent.,Push out 3 opposing marbles.,Recommended_4,Recommended_4_ownColorVictoryHeuristic,[],[0],[],[0],-1
1574719807,MultiverseMarbles,0,GAME_OVER,91,90,2,342,2,Recommended_4_ownColorVictoryHeuristic,2,1,1,Recommended_4,Recommended_4_ownColorVictoryHeuristic,-1.0,1.0,Recommended_4,6,10,TwoSides.txt,Move 1 marble by up to 3 spaces in any direction in a straight line.,Push a column of marbles by 1 space in any direction,Pushed out marbles are removed from play,You can push opposing marbles if you use more or equal marbles. Do not split your column while pushing the opponent.,Push out 3 opposing marbles.,Recommended_4,Recommended_4_ownColorVictoryHeuristic,[],"[1, 0, 0, 0]",[],"[1, 0, 0, 0]",0
-1713847478,MultiverseMarbles,0,GAME_OVER,126,125,2,343,1,Recommended_4_ownColorVictoryHeuristic,1,2,2,Recommended_4,Recommended_4_ownColorVictoryHeuristic,1.0,-1.0,Recommended_4,10,10,TwoSides.txt,Move 1 marble by up to 3 spaces in any direction in a straight line.,Push a column of marbles by 1 space in any direction,Pushed out marbles return to the center. Remove any pre-existing marble.,You can push opposing marbles if you use fewer or more marbles.,Occupy 3 non-neighbouring goals.,Recommended_4,Recommended_4_ownColorVictoryHeuristic,[],[],"[0, 1]","[1, 1, 1]",1
-1976319089,MultiverseMarbles,0,GAME_OVER,13,12,2,344,2,Recommended_4_ownColorVictoryHeuristic,2,1,1,Recommended_4,Recommended_4_ownColorVictoryHeuristic,-1.0,1.0,Recommended_4,10,10,TwoSides.txt,Move 1 marble by up to 3 spaces in any direction in a straight line.,Push a column of marbles by 1 space in any direction,Pushed out marbles are removed from play,You can push opposing marbles if you use equal marbles. Do not split your column while pushing the opponent.,Occupy 1 goal of each color.,Recommended_4,Recommended_4_ownColorVictoryHeuristic,[],[],[],[],0
-2131796781,MultiverseMarbles,0,GAME_OVER,55,54,2,345,2,Recommended_4_ownColorVictoryHeuristic,2,1,1,Recommended_4,Recommended_4_ownColorVictoryHeuristic,-1.0,1.0,Recommended_4,9,10,TwoSides.txt,Move 1 marble by 1 space in any direction.,Push a column of marbles by 1 space in any direction,Pushed out marbles are removed from play,You can push opposing marbles if you use more or equal marbles. Do not split your column while pushing the opponent.,Occupy 3 non-neighbouring goals.,Recommended_4,Recommended_4_ownColorVictoryHeuristic,[],[1],[],[1],0
1779048739,MultiverseMarbles,0,GAME_OVER,17,16,2,346,2,Recommended_4_ownColorVictoryHeuristic,2,1,1,Recommended_4,Recommended_4_ownColorVictoryHeuristic,-1.0,1.0,Recommended_4,10,10,TwoSides.txt,Jump over 1 marble or blocker or move a marble by 1 space in any direction,Push a column of marbles by 1 space in any direction,"Pushed out marbles return to the center, if it is free. Else they are removed.",You can push opposing marbles if you use equal marbles. Do not split your column while pushing the opponent.,Occupy 1 goal of each color.,Recommended_4,Recommended_4_ownColorVictoryHeuristic,[],[],[],[],0
1562152964,MultiverseMarbles,0,GAME_OVER,200,200,2,347,1,Recommended_4_ownColorVictoryHeuristic,1,1,1,Recommended_4,Recommended_4_ownColorVictoryHeuristic,-3.0,-3.0,Recommended_4,10,10,TwoSides.txt,Move 1 marble by up to 3 spaces in any direction in a straight line.,Push a column of marbles by 1 space in any direction,"Pushed out marbles return to the center, if it is free. Else they are removed.",You can push opposing marbles if you use equal marbles. Do not split your column while pushing the opponent.,Push out 3 opposing marbles.,Recommended_4,Recommended_4_ownColorVictoryHeuristic,[],[],[],[],-1
270059829,MultiverseMarbles,0,GAME_OVER,24,23,2,348,1,Recommended_4_ownColorVictoryHeuristic,1,2,2,Recommended_4,Recommended_4_ownColorVictoryHeuristic,1.0,-1.0,Recommended_4,9,10,TwoSides.txt,Jump over 1 marble or blocker or move a marble by 1 space in any direction,Push a column of marbles by 1 space in any direction,"Pushed out marbles return to the center, if it is free. Else they are removed.",You can push opposing marbles if you use more marbles.,Occupy 1 goal of each color.,Recommended_4,Recommended_4_ownColorVictoryHeuristic,[],[1],[0],"[1, 1]",1
-926384225,MultiverseMarbles,0,GAME_OVER,99,98,2,349,2,Recommended_4_ownColorVictoryHeuristic,2,1,1,Recommended_4,Recommended_4_ownColorVictoryHeuristic,-1.0,1.0,Recommended_4,4,10,TwoSides.txt,Move 1 marble by 1 space in any direction.,Push a column of marbles by 1 space in any direction,"Pushed out marbles return to the center, if it is free. Else they are removed.","You can push opposing marbles if you use an even number of marbles (2, 4 or 6). Do not split your column while pushing the opponent.",Push out 3 opposing marbles.,Recommended_4,Recommended_4_ownColorVictoryHeuristic,[],"[1, 1, 0, 1, 1, 0]",[],"[1, 1, 0, 1, 1, 1, 0, 0]",0
-1328314967,MultiverseMarbles,0,GAME_OVER,61,60,2,350,2,Recommended_4_ownColorVictoryHeuristic,2,1,1,Recommended_4,Recommended_4_ownColorVictoryHeuristic,-1.0,1.0,Recommended_4,8,9,TwoSides.txt,Move 1 marble by up to 3 spaces in any direction in a straight line.,Push a column of marbles by 1 space in any direction,Pushed out marbles are removed from play,You can push opposing marbles if you use more marbles.,Occupy 1 goal of each color.,Recommended_4,Recommended_4_ownColorVictoryHeuristic,[0],"[1, 1]",[0],"[1, 1]",0
-1794392388,MultiverseMarbles,0,GAME_OVER,139,138,2,351,2,Recommended_4_ownColorVictoryHeuristic,2,1,1,Recommended_4,Recommended_4_ownColorVictoryHeuristic,-1.0,1.0,Recommended_4,10,10,TwoSides.txt,Move 1 marble by 1 space in any direction.,Push a column of marbles by 1 space in any direction,"Pushed out marbles return to the center, if it is free. Else they are removed.",You can push opposing marbles if you use equal marbles. Do not split your column while pushing the opponent.,Occupy all goals of your color.,Recommended_4,Recommended_4_ownColorVictoryHeuristic,[],[],[],[0],0
697560613,MultiverseMarbles,0,GAME_OVER,60,59,2,352,1,Recommended_4_ownColorVictoryHeuristic,1,2,2,Recommended_4,Recommended_4_ownColorVictoryHeuristic,1.0,-1.0,Recommended_4,10,9,TwoSides.txt,Move 1 marble exactly 2 spaces in any direction.,Push a column of marbles by 1 space in any direction,Pushed out marbles return to the center. Remove any pre-existing marble.,You can push opposing marbles if you use fewer or more marbles.,Occupy all goals of your color.,Recommended_4,Recommended_4_ownColorVictoryHeuristic,[],[1],"[0, 1]","[1, 1]",1
-1554531401,MultiverseMarbles,0,GAME_OVER,81,80,2,353,2,Recommended_4_ownColorVictoryHeuristic,2,1,1,Recommended_4,Recommended_4_ownColorVictoryHeuristic,-1.0,1.0,Recommended_4,8,10,TwoSides.txt,Move 1 marble by up to 3 spaces in any direction in a straight line.,Push a column of marbles by 1 space in any direction,Pushed out marbles are removed from play,You can push opposing marbles if you use fewer or more marbles.,Occupy all goals of your color.,Recommended_4,Recommended_4_ownColorVictoryHeuristic,[],"[1, 0]",[],"[1, 0]",0
1853893906,MultiverseMarbles,0,GAME_OVER,149,148,2,354,2,Recommended_4_ownColorVictoryHeuristic,2,1,1,Recommended_4,Recommended_4_ownColorVictoryHeuristic,-1.0,1.0,Recommended_4,8,9,TwoSides.txt,Move 1 marble by 1 space in any direction.,Push a column of marbles by 1 space in any direction,Pushed out marbles return to the center. Remove any pre-existing marble.,"You can push opposing marbles if you use an even number of marbles (2, 4 or 6). Do not split your column while pushing the opponent.",Push out 3 opposing marbles.,Recommended_4,Recommended_4_ownColorVictoryHeuristic,[],"[1, 0, 0]",[],"[1, 1, 1, 0, 0, 0]",0
-1337721364,MultiverseMarbles,0,GAME_OVER,19,18,2,355,2,Recommended_4_ownColorVictoryHeuristic,2,1,1,Recommended_4,Recommended_4_ownColorVictoryHeuristic,-1.0,1.0,Recommended_4,10,10,TwoSides.txt,Move 1 marble exactly 2 spaces in any direction.,Push a column of marbles by 1 space in any direction,"Pushed out marbles return to the center, if it is free. Else they are removed.",You can push opposing marbles if you use fewer or equal marbles. Do not split your column while pushing the opponent.,Occupy 3 non-neighbouring goals.,Recommended_4,Recommended_4_ownColorVictoryHeuristic,[],[],[],[],0
-713051166,MultiverseMarbles,0,GAME_OVER,45,44,2,356,2,Recommended_4_ownColorVictoryHeuristic,2,1,1,Recommended_4,Recommended_4_ownColorVictoryHeuristic,-1.0,1.0,Recommended_4,10,10,TwoSides.txt,Jump over 1 marble or blocker or move a marble by 1 space in any direction,Push a column of marbles by 1 space in any direction,Pushed out marbles are removed from play,You can push opposing marbles if you use equal marbles. Do not split your column while pushing the opponent.,Occupy all goals of your color.,Recommended_4,Recommended_4_ownColorVictoryHeuristic,[],[],[],[],0
-1483613300,MultiverseMarbles,0,GAME_OVER,200,200,2,357,1,Recommended_4_ownColorVictoryHeuristic,1,1,1,Recommended_4,Recommended_4_ownColorVictoryHeuristic,-3.0,-3.0,Recommended_4,10,10,TwoSides.txt,Jump over 1 marble or blocker or move a marble by 1 space in any direction,Push a column of marbles by 1 space in any direction,"Pushed out marbles return to the center, if it is free. Else they are removed.",You can push opposing marbles if you use fewer or equal marbles. Do not split your column while pushing the opponent.,Push out 3 opposing marbles.,Recommended_4,Recommended_4_ownColorVictoryHeuristic,[],[],[],[],-1
-1499468216,MultiverseMarbles,0,GAME_OVER,28,27,2,358,1,Recommended_4_ownColorVictoryHeuristic,1,2,2,Recommended_4,Recommended_4_ownColorVictoryHeuristic,1.0,-1.0,Recommended_4,10,10,TwoSides.txt,Move 1 marble by 1 space in any direction.,Push a column of marbles by 1 space in any direction,"Pushed out marbles return to the center, if it is free. Else they are removed.",You can push opposing marbles if you use equal marbles. Do not split your column while pushing the opponent.,Occupy 1 goal of each color.,Recommended_4,Recommended_4_ownColorVictoryHeuristic,[],[],[],[],1
739787273,MultiverseMarbles,0,GAME_OVER,30,29,2,359,1,Recommended_4_ownColorVictoryHeuristic,1,2,2,Recommended_4,Recommended_4_ownColorVictoryHeuristic,1.0,-1.0,Recommended_4,10,10,TwoSides.txt,Jump over 1 marble or blocker or move a marble by 1 space in any direction,Push a column of marbles by 1 space in any direction,Pushed out marbles are removed from play,You can push opposing marbles if you use more marbles.,Occupy 3 non-neighbouring goals.,Recommended_4,Recommended_4_ownColorVictoryHeuristic,[],[],[],[],1
-1782714297,MultiverseMarbles,0,GAME_OVER,23,22,2,360,2,Recommended_4_ownColorVictoryHeuristic,2,1,1,Recommended_4,Recommended_4_ownColorVictoryHeuristic,-1.0,1.0,Recommended_4,10,8,TwoSides.txt,Move 1 marble by 1 space in any direction.,Push a column of marbles by 1 space in any direction,Pushed out marbles return to the center. Remove any pre-existing marble.,You can push opposing marbles if you use more or equal marbles. Do not split your column while pushing the opponent.,Occupy 1 goal of each color.,Recommended_4,Recommended_4_ownColorVictoryHeuristic,[0],[0],"[0, 0]",[0],0
-646364434,MultiverseMarbles,0,GAME_OVER,101,100,2,361,2,Recommended_4_ownColorVictoryHeuristic,2,1,1,Recommended_4,Recommended_4_ownColorVictoryHeuristic,-1.0,1.0,Recommended_4,10,10,TwoSides.txt,Move 1 marble by up to 3 spaces in any direction in a straight line.,Push a column of marbles by 1 space in any direction,"Pushed out marbles return to the center, if it is free. Else they are removed.",You can push opposing marbles if you use equal marbles. Do not split your column while pushing the opponent.,Occupy all goals of your color.,Recommended_4,Recommended_4_ownColorVictoryHeuristic,[],[],[],[],0
1084719429,MultiverseMarbles,0,GAME_OVER,153,152,2,362,2,Recommended_4_ownColorVictoryHeuristic,2,1,1,Recommended_4,Recommended_4_ownColorVictoryHeuristic,-1.0,1.0,Recommended_4,10,10,TwoSides.txt,Move 1 marble exactly 2 spaces in any direction.,Push a column of marbles by 1 space in any direction,"Pushed out marbles return to the center, if it is free. Else they are removed.",You can push opposing marbles if you use fewer or equal marbles. Do not split your column while pushing the opponent.,Occupy 3 non-neighbouring goals.,Recommended_4,Recommended_4_ownColorVictoryHeuristic,[],[],[1],[],0
1160060956,MultiverseMarbles,0,GAME_OVER,200,200,2,363,1,Recommended_4_ownColorVictoryHeuristic,1,1,1,Recommended_4,Recommended_4_ownColorVictoryHeuristic,-3.0,-3.0,Recommended_4,10,9,TwoSides.txt,Move 1 marble exactly 2 spaces in any direction.,Push a column of marbles by 1 space in any direction,Pushed out marbles return to the center. Remove any pre-existing marble.,"You can push your opposing marbles if you use an uneven number of marbles (1, 3 or 5). Do not split your column while pushing the opponent.",Occupy 3 non-neighbouring goals.,Recommended_4,Recommended_4_ownColorVictoryHeuristic,[],[1],"[0, 0]","[1, 1]",-1
-1070377338,MultiverseMarbles,0,GAME_OVER,99,98,2,364,2,Recommended_4_ownColorVictoryHeuristic,2,1,1,Recommended_4,Recommended_4_ownColorVictoryHeuristic,-1.0,1.0,Recommended_4,5,10,TwoSides.txt,Jump over 1 marble or blocker or move a marble by 1 space in any direction,Push a column of marbles by 1 space in any direction,"Pushed out marbles return to the center, if it is free. Else they are removed.","You can push opposing marbles if you use an even number of marbles (2, 4 or 6). Do not split your column while pushing the opponent.",Push out 3 opposing marbles.,Recommended_4,Recommended_4_ownColorVictoryHeuristic,[],"[1, 0, 0, 1, 0]",[],"[1, 0, 0, 1, 0]",0
-369041982,MultiverseMarbles,0,GAME_OVER,67,66,2,365,2,Recommended_4_ownColorVictoryHeuristic,2,1,1,Recommended_4,Recommended_4_ownColorVictoryHeuristic,-1.0,1.0,Recommended_4,8,10,TwoSides.txt,Move 1 marble exactly 2 spaces in any direction.,Push a column of marbles by 1 space in any direction,"Pushed out marbles return to the center, if it is free. Else they are removed.",You can push opposing marbles if you use more or equal marbles. Do not split your column while pushing the opponent.,Occupy all goals of your color.,Recommended_4,Recommended_4_ownColorVictoryHeuristic,[],"[1, 1]",[],"[1, 1, 1, 0]",0
1140185526,MultiverseMarbles,0,GAME_OVER,34,33,2,366,1,Recommended_4_ownColorVictoryHeuristic,1,2,2,Recommended_4,Recommended_4_ownColorVictoryHeuristic,1.0,-1.0,Recommended_4,10,10,TwoSides.txt,Jump over 1 marble or blocker or move a marble by 1 space in any direction,Push a column of marbles by 1 space in any direction,"Pushed out marbles return to the center, if it is free. Else they are removed.",You can push opposing marbles if you use fewer or more marbles.,Occupy 1 goal of each color.,Recommended_4,Recommended_4_ownColorVictoryHeuristic,[],[],[],[1],1
473415057,MultiverseMarbles,0,GAME_OVER,54,53,2,367,1,Recommended_4_ownColorVictoryHeuristic,1,2,2,Recommended_4,Recommended_4_ownColorVictoryHeuristic,1.0,-1.0,Recommended_4,10,10,TwoSides.txt,Move 1 marble by up to 3 spaces in any direction in a straight line.,Push a column of marbles by 1 space in any direction,Pushed out marbles return to the center. Remove any pre-existing marble.,You can push opposing marbles if you use equal marbles. Do not split your column while pushing the opponent.,Occupy 3 non-neighbouring goals.,Recommended_4,Recommended_4_ownColorVictoryHeuristic,[],[],[],[],1
-1610347411,MultiverseMarbles,0,GAME_OVER,200,200,2,368,1,Recommended_4_ownColorVictoryHeuristic,1,1,1,Recommended_4,Recommended_4_ownColorVictoryHeuristic,-3.0,-3.0,Recommended_4,10,10,TwoSides.txt,Move 1 marble by 1 space in any direction.,Push a column of marbles by 1 space in any direction,Pushed out marbles are removed from play,You can push opposing marbles if you use fewer or equal marbles. Do not split your column while pushing the opponent.,Push out 3 opposing marbles.,Recommended_4,Recommended_4_ownColorVictoryHeuristic,[],[],[],[],-1
1587725811,MultiverseMarbles,0,GAME_OVER,39,38,2,369,2,Recommended_4_ownColorVictoryHeuristic,2,1,1,Recommended_4,Recommended_4_ownColorVictoryHeuristic,-1.0,1.0,Recommended_4,8,9,TwoSides.txt,Jump over 1 marble or blocker or move a marble by 1 space in any direction,Push a column of marbles by 1 space in any direction,Pushed out marbles are removed from play,You can push opposing marbles if you use more marbles.,Occupy 3 non-neighbouring goals.,Recommended_4,Recommended_4_ownColorVictoryHeuristic,[0],"[1, 1]",[0],"[1, 1]",0
-1593702437,MultiverseMarbles,0,GAME_OVER,26,25,2,370,1,Recommended_4_ownColorVictoryHeuristic,1,2,2,Recommended_4,Recommended_4_ownColorVictoryHeuristic,1.0,-1.0,Recommended_4,8,7,TwoSides.txt,Move 1 marble exactly 2 spaces in any direction.,Push a column of marbles by 1 space in any direction,Pushed out marbles return to the center. Remove any pre-existing marble.,"You can push opposing marbles if you use an even number of marbles (2, 4 or 6). Do not split your column while pushing the opponent.",Occupy 1 goal of each color.,Recommended_4,Recommended_4_ownColorVictoryHeuristic,"[0, 0]","[1, 1, 1]","[0, 0, 0, 0]","[1, 1, 1, 1]",1
-1592563377,MultiverseMarbles,0,GAME_OVER,200,200,2,371,1,Recommended_4_ownColorVictoryHeuristic,1,1,1,Recommended_4,Recommended_4_ownColorVictoryHeuristic,-3.0,-3.0,Recommended_4,10,10,TwoSides.txt,Move 1 marble exactly 2 spaces in any direction.,Push a column of marbles by 1 space in any direction,"Pushed out marbles return to the center, if it is free. Else they are removed.",You can push opposing marbles if you use equal marbles. Do not split your column while pushing the opponent.,Push out 3 opposing marbles.,Recommended_4,Recommended_4_ownColorVictoryHeuristic,[],[],[],[],-1
1772998635,MultiverseMarbles,0,GAME_OVER,77,76,2,372,2,Recommended_4_ownColorVictoryHeuristic,2,1,1,Recommended_4,Recommended_4_ownColorVictoryHeuristic,-1.0,1.0,Recommended_4,10,10,TwoSides.txt,Move 1 marble by 1 space in any direction.,Push a column of marbles by 1 space in any direction,Pushed out marbles are removed from play,You can push opposing marbles if you use fewer or equal marbles. Do not split your column while pushing the opponent.,Occupy 1 goal of each color.,Recommended_4,Recommended_4_ownColorVictoryHeuristic,[],[],[],[],0
199677094,MultiverseMarbles,0,GAME_OVER,55,54,2,373,2,Recommended_4_ownColorVictoryHeuristic,2,1,1,Recommended_4,Recommended_4_ownColorVictoryHeuristic,-1.0,1.0,Recommended_4,9,10,TwoSides.txt,Move 1 marble by up to 3 spaces in any direction in a straight line.,Push a column of marbles by 1 space in any direction,Pushed out marbles are removed from play,"You can push your opposing marbles if you use an uneven number of marbles (1, 3 or 5). Do not split your column while pushing the opponent.",Occupy all goals of your color.,Recommended_4,Recommended_4_ownColorVictoryHeuristic,[],[0],[],[0],0
923517872,MultiverseMarbles,0,GAME_OVER,42,41,2,374,1,Recommended_4_ownColorVictoryHeuristic,1,2,2,Recommended_4,Recommended_4_ownColorVictoryHeuristic,1.0,-1.0,Recommended_4,9,9,TwoSides.txt,Move 1 marble exactly 2 spaces in any direction.,Push a column of marbles by 1 space in any direction,Pushed out marbles return to the center. Remove any pre-existing marble.,You can push opposing marbles if you use more or equal marbles. Do not split your column while pushing the opponent.,Occupy all goals of your color.,Recommended_4,Recommended_4_ownColorVictoryHeuristic,"[0, 1]",[],"[0, 1]","[1, 1, 1]",1
416231944,MultiverseMarbles,0,GAME_OVER,148,147,2,375,1,Recommended_4_ownColorVictoryHeuristic,1,2,2,Recommended_4,Recommended_4_ownColorVictoryHeuristic,1.0,-1.0,Recommended_4,8,8,TwoSides.txt,Move 1 marble by up to 3 spaces in any direction in a straight line.,Push a column of marbles by 1 space in any direction,"Pushed out marbles return to the center, if it is free. Else they are removed.",You can push opposing marbles if you use more marbles.,Push out 3 opposing marbles.,Recommended_4,Recommended_4_ownColorVictoryHeuristic,"[1, 1]","[1, 0]","[1, 1, 1]","[1, 1, 1, 1, 0]",1
-211783469,MultiverseMarbles,0,GAME_OVER,108,107,2,376,2,Recommended_4_ownColorVictoryHeuristic,2,1,1,Recommended_4,Recommended_4_ownColorVictoryHeuristic,-1.0,1.0,Recommended_4,9,10,TwoSides.txt,Move 1 marble exactly 2 spaces in any direction.,Push a column of marbles by 1 space in any direction,Pushed out marbles are removed from play,You can push opposing marbles if you use fewer or equal marbles. Do not split your column while pushing the opponent.,Occupy 3 non-neighbouring goals.,Recommended_4,Recommended_4_ownColorVictoryHeuristic,[],[1],[],[1],0
1227133617,MultiverseMarbles,0,GAME_OVER,16,15,2,377,1,Recommended_4_ownColorVictoryHeuristic,1,2,2,Recommended_4,Recommended_4_ownColorVictoryHeuristic,1.0,-1.0,Recommended_4,10,9,TwoSides.txt,Move 1 marble exactly 2 spaces in any direction.,Push a column of marbles by 1 space in any direction,Pushed out marbles are removed from play,You can push opposing marbles if you use more marbles.,Occupy 3 non-neighbouring goals.,Recommended_4,Recommended_4_ownColorVictoryHeuristic,[0],[],[0],[],1
1588004433,MultiverseMarbles,0,GAME_OVER,71,70,2,378,2,Recommended_4_ownColorVictoryHeuristic,2,1,1,Recommended_4,Recommended_4_ownColorVictoryHeuristic,-1.0,1.0,Recommended_4,5,10,TwoSides.txt,Jump over 1 marble or blocker or move a marble by 1 space in any direction,Push a column of marbles by 1 space in any direction,Pushed out marbles are removed from play,"You can push opposing marbles if you use an even number of marbles (2, 4 or 6). Do not split your column while pushing the opponent.",Occupy all goals of your color.,Recommended_4,Recommended_4_ownColorVictoryHeuristic,[],"[1, 0, 1, 1, 0]",[],"[1, 0, 1, 1, 0]",0
-1488581167,MultiverseMarbles,0,GAME_OVER,73,72,2,379,2,Recommended_4_ownColorVictoryHeuristic,2,1,1,Recommended_4,Recommended_4_ownColorVictoryHeuristic,-1.0,1.0,Recommended_4,7,9,TwoSides.txt,Move 1 marble by up to 3 spaces in any direction in a straight line.,Push a column of marbles by 1 space in any direction,Pushed out marbles are removed from play,You can push opposing marbles if you use more or equal marbles. Do not split your column while pushing the opponent.,Occupy all goals of your color.,Recommended_4,Recommended_4_ownColorVictoryHeuristic,[1],"[1, 1, 1]",[1],"[1, 1, 1]",0
-776101153,MultiverseMarbles,0,GAME_OVER,99,98,2,380,2,Recommended_4_ownColorVictoryHeuristic,2,1,1,Recommended_4,Recommended_4_ownColorVictoryHeuristic,-1.0,1.0,Recommended_4,10,10,TwoSides.txt,Jump over 1 marble or blocker or move a marble by 1 space in any direction,Push a column of marbles by 1 space in any direction,Pushed out marbles return to the center. Remove any pre-existing marble.,You can push opposing marbles if you use equal marbles. Do not split your column while pushing the opponent.,Occupy all goals of your color.,Recommended_4,Recommended_4_ownColorVictoryHeuristic,[],[],[],[],0
-1735443380,MultiverseMarbles,0,GAME_OVER,47,46,2,381,2,Recommended_4_ownColorVictoryHeuristic,2,1,1,Recommended_4,Recommended_4_ownColorVictoryHeuristic,-1.0,1.0,Recommended_4,10,10,TwoSides.txt,Move 1 marble by up to 3 spaces in any direction in a straight line.,Push a column of marbles by 1 space in any direction,Pushed out marbles return to the center. Remove any pre-existing marble.,You can push opposing marbles if you use fewer or equal marbles. Do not split your column while pushing the opponent.,Occupy 3 non-neighbouring goals.,Recommended_4,Recommended_4_ownColorVictoryHeuristic,[],[],[],[],0
-1004710502,MultiverseMarbles,0,GAME_OVER,133,132,2,382,2,Recommended_4_ownColorVictoryHeuristic,2,1,1,Recommended_4,Recommended_4_ownColorVictoryHeuristic,-1.0,1.0,Recommended_4,10,10,TwoSides.txt,Move 1 marble by up to 3 spaces in any direction in a straight line.,Push a column of marbles by 1 space in any direction,Pushed out marbles are removed from play,"You can push your opposing marbles if you use an uneven number of marbles (1, 3 or 5). Do not split your column while pushing the opponent.",Occupy 3 non-neighbouring goals.,Recommended_4,Recommended_4_ownColorVictoryHeuristic,[],[],[],[],0
-1482070284,MultiverseMarbles,0,GAME_OVER,35,34,2,383,2,Recommended_4_ownColorVictoryHeuristic,2,1,1,Recommended_4,Recommended_4_ownColorVictoryHeuristic,-1.0,1.0,Recommended_4,9,10,TwoSides.txt,Move 1 marble by 1 space in any direction.,Push a column of marbles by 1 space in any direction,Pushed out marbles return to the center. Remove any pre-existing marble.,You can push opposing marbles if you use fewer or more marbles.,Occupy 1 goal of each color.,Recommended_4,Recommended_4_ownColorVictoryHeuristic,[0],[],[0],[1],0
1681222646,MultiverseMarbles,0,GAME_OVER,200,200,2,384,1,Recommended_4_ownColorVictoryHeuristic,1,1,1,Recommended_4,Recommended_4_ownColorVictoryHeuristic,-3.0,-3.0,Recommended_4,9,10,TwoSides.txt,Move 1 marble exactly 2 spaces in any direction.,Push a column of marbles by 1 space in any direction,"Pushed out marbles return to the center, if it is free. Else they are removed.","You can push your opposing marbles if you use an uneven number of marbles (1, 3 or 5). Do not split your column while pushing the opponent.",Push out 3 opposing marbles.,Recommended_4,Recommended_4_ownColorVictoryHeuristic,[],[1],[],"[1, 0, 1]",-1
-1806578679,MultiverseMarbles,0,GAME_OVER,101,100,2,385,2,Recommended_4_ownColorVictoryHeuristic,2,1,1,Recommended_4,Recommended_4_ownColorVictoryHeuristic,-1.0,1.0,Recommended_4,10,10,TwoSides.txt,Jump over 1 marble or blocker or move a marble by 1 space in any direction,Push a column of marbles by 1 space in any direction,"Pushed out marbles return to the center, if it is free. Else they are removed.",You can push opposing marbles if you use fewer or equal marbles. Do not split your column while pushing the opponent.,Occupy all goals of your color.,Recommended_4,Recommended_4_ownColorVictoryHeuristic,[],[],[],[],0
1059431949,MultiverseMarbles,0,GAME_OVER,77,76,2,386,2,Recommended_4_ownColorVictoryHeuristic,2,1,1,Recommended_4,Recommended_4_ownColorVictoryHeuristic,-1.0,1.0,Recommended_4,5,8,TwoSides.txt,Move 1 marble by 1 space in any direction.,Push a column of marbles by 1 space in any direction,Pushed out marbles are removed from play,You can push opposing marbles if you use more or equal marbles. Do not split your column while pushing the opponent.,Occupy all goals of your color.,Recommended_4,Recommended_4_ownColorVictoryHeuristic,"[1, 0]","[1, 1, 1, 0, 0]","[1, 0]","[1, 1, 1, 0, 0]",0
-1326505467,MultiverseMarbles,0,GAME_OVER,69,68,2,387,2,Recommended_4_ownColorVictoryHeuristic,2,1,1,Recommended_4,Recommended_4_ownColorVictoryHeuristic,-1.0,1.0,Recommended_4,9,8,TwoSides.txt,Move 1 marble by up to 3 spaces in any direction in a straight line.,Push a column of marbles by 1 space in any direction,Pushed out marbles are removed from play,You can push opposing marbles if you use more or equal marbles. Do not split your column while pushing the opponent.,Occupy 1 goal of each color.,Recommended_4,Recommended_4_ownColorVictoryHeuristic,"[0, 1]",[1],"[0, 1]",[1],0
-2084261199,MultiverseMarbles,0,GAME_OVER,13,12,2,388,2,Recommended_4_ownColorVictoryHeuristic,2,1,1,Recommended_4,Recommended_4_ownColorVictoryHeuristic,-1.0,1.0,Recommended_4,10,10,TwoSides.txt,Jump over 1 marble or blocker or move a marble by 1 space in any direction,Push a column of marbles by 1 space in any direction,Pushed out marbles are removed from play,You can push opposing marbles if you use fewer or equal marbles. Do not split your column while pushing the opponent.,Occupy 1 goal of each color.,Recommended_4,Recommended_4_ownColorVictoryHeuristic,[],[],[],[],0
1668038913,MultiverseMarbles,0,GAME_OVER,104,103,2,389,1,Recommended_4_ownColorVictoryHeuristic,1,2,2,Recommended_4,Recommended_4_ownColorVictoryHeuristic,1.0,-1.0,Recommended_4,5,8,TwoSides.txt,Move 1 marble exactly 2 spaces in any direction.,Push a column of marbles by 1 space in any direction,"Pushed out marbles return to the center, if it is free. Else they are removed.",You can push opposing marbles if you use more or equal marbles. Do not split your column while pushing the opponent.,Push out 3 opposing marbles.,Recommended_4,Recommended_4_ownColorVictoryHeuristic,"[1, 1]","[1, 1, 0, 1, 0]","[1, 1, 1]","[1, 1, 1, 0, 1, 0]",1
840824568,MultiverseMarbles,0,GAME_OVER,112,111,2,390,1,Recommended_4_ownColorVictoryHeuristic,1,2,2,Recommended_4,Recommended_4_ownColorVictoryHeuristic,1.0,-1.0,Recommended_4,10,7,TwoSides.txt,Move 1 marble by 1 space in any direction.,Push a column of marbles by 1 space in any direction,"Pushed out marbles return to the center, if it is free. Else they are removed.",You can push opposing marbles if you use fewer or more marbles.,Push out 3 opposing marbles.,Recommended_4,Recommended_4_ownColorVictoryHeuristic,"[1, 1, 1]",[],"[1, 1, 1]",[0],1
215052595,MultiverseMarbles,0,GAME_OVER,18,17,2,391,1,Recommended_4_ownColorVictoryHeuristic,1,2,2,Recommended_4,Recommended_4_ownColorVictoryHeuristic,1.0,-1.0,Recommended_4,9,10,TwoSides.txt,Move 1 marble exactly 2 spaces in any direction.,Push a column of marbles by 1 space in any direction,Pushed out marbles return to the center. Remove any pre-existing marble.,You can push opposing marbles if you use more or equal marbles. Do not split your column while pushing the opponent.,Occupy 1 goal of each color.,Recommended_4,Recommended_4_ownColorVictoryHeuristic,[],[1],[],"[1, 1]",1
-1355828965,MultiverseMarbles,0,GAME_OVER,111,110,2,392,2,Recommended_4_ownColorVictoryHeuristic,2,1,1,Recommended_4,Recommended_4_ownColorVictoryHeuristic,-1.0,1.0,Recommended_4,7,10,TwoSides.txt,Jump over 1 marble or blocker or move a marble by 1 space in any direction,Push a column of marbles by 1 space in any direction,Pushed out marbles are removed from play,You can push opposing marbles if you use equal marbles. Do not split your column while pushing the opponent.,Push out 3 opposing marbles.,Recommended_4,Recommended_4_ownColorVictoryHeuristic,[],"[0, 0, 0]",[],"[0, 0, 0]",0
-698182577,MultiverseMarbles,0,GAME_OVER,37,36,2,393,2,Recommended_4_ownColorVictoryHeuristic,2,1,1,Recommended_4,Recommended_4_ownColorVictoryHeuristic,-1.0,1.0,Recommended_4,10,10,TwoSides.txt,Move 1 marble by up to 3 spaces in any direction in a straight line.,Push a column of marbles by 1 space in any direction,Pushed out marbles return to the center. Remove any pre-existing marble.,You can push opposing marbles if you use more or equal marbles. Do not split your column while pushing the opponent.,Occupy 3 non-neighbouring goals.,Recommended_4,Recommended_4_ownColorVictoryHeuristic,[],[],[],[],0
-805303081,MultiverseMarbles,0,GAME_OVER,145,144,2,394,2,Recommended_4_ownColorVictoryHeuristic,2,1,1,Recommended_4,Recommended_4_ownColorVictoryHeuristic,-1.0,1.0,Recommended_4,2,10,TwoSides.txt,Move 1 marble by up to 3 spaces in any direction in a straight line.,Push a column of marbles by 1 space in any direction,Pushed out marbles are removed from play,You can push opposing marbles if you use more or equal marbles. Do not split your column while pushing the opponent.,Push out 3 opposing marbles.,Recommended_4,Recommended_4_ownColorVictoryHeuristic,[],"[1, 1, 1, 1, 0, 1, 0, 0]",[],"[1, 1, 1, 1, 0, 1, 0, 0]",0
-324532001,MultiverseMarbles,0,GAME_OVER,59,58,2,395,2,Recommended_4_ownColorVictoryHeuristic,2,1,1,Recommended_4,Recommended_4_ownColorVictoryHeuristic,-1.0,1.0,Recommended_4,10,10,TwoSides.txt,Move 1 marble by 1 space in any direction.,Push a column of marbles by 1 space in any direction,Pushed out marbles return to the center. Remove any pre-existing marble.,You can push opposing marbles if you use more marbles.,Occupy 1 goal of each color.,Recommended_4,Recommended_4_ownColorVictoryHeuristic,[],[],[0],[1],0
-2127933512,MultiverseMarbles,0,GAME_OVER,101,100,2,396,2,Recommended_4_ownColorVictoryHeuristic,2,1,1,Recommended_4,Recommended_4_ownColorVictoryHeuristic,-1.0,1.0,Recommended_4,9,10,TwoSides.txt,Jump over 1 marble or blocker or move a marble by 1 space in any direction,Push a column of marbles by 1 space in any direction,"Pushed out marbles return to the center, if it is free. Else they are removed.",You can push opposing marbles if you use fewer or equal marbles. Do not split your column while pushing the opponent.,Push out 3 opposing marbles.,Recommended_4,Recommended_4_ownColorVictoryHeuristic,[],[0],[],"[0, 0, 0]",0
1474367938,MultiverseMarbles,0,GAME_OVER,21,20,2,397,2,Recommended_4_ownColorVictoryHeuristic,2,1,1,Recommended_4,Recommended_4_ownColorVictoryHeuristic,-1.0,1.0,Recommended_4,10,10,TwoSides.txt,Move 1 marble exactly 2 spaces in any direction.,Push a column of marbles by 1 space in any direction,"Pushed out marbles return to the center, if it is free. Else they are removed.",You can push opposing marbles if you use equal marbles. Do not split your column while pushing the opponent.,Occupy 3 non-neighbouring goals.,Recommended_4,Recommended_4_ownColorVictoryHeuristic,[],[],[],[],0
402451958,MultiverseMarbles,0,GAME_OVER,13,12,2,398,2,Recommended_4_ownColorVictoryHeuristic,2,1,1,Recommended_4,Recommended_4_ownColorVictoryHeuristic,-1.0,1.0,Recommended_4,8,10,TwoSides.txt,Move 1 marble by up to 3 spaces in any direction in a straight line.,Push a column of marbles by 1 space in any direction,"Pushed out marbles return to the center, if it is free. Else they are removed.",You can push opposing marbles if you use more marbles.,Occupy 1 goal of each color.,Recommended_4,Recommended_4_ownColorVictoryHeuristic,[],"[1, 1]",[0],"[1, 1]",0
1539803506,MultiverseMarbles,0,GAME_OVER,200,200,2,399,1,Recommended_4_ownColorVictoryHeuristic,1,1,1,Recommended_4,Recommended_4_ownColorVictoryHeuristic,-3.0,-3.0,Recommended_4,10,10,TwoSides.txt,Move 1 marble by up to 3 spaces in any direction in a straight line.,Push a column of marbles by 1 space in any direction,"Pushed out marbles return to the center, if it is free. Else they are removed.",You can push opposing marbles if you use fewer or equal marbles. Do not split your column while pushing the opponent.,Push out 3 opposing marbles.,Recommended_4,Recommended_4_ownColorVictoryHeuristic,[],[],[],[],-1
58502344,MultiverseMarbles,0,GAME_OVER,15,14,2,400,2,Recommended_4_ownColorVictoryHeuristic,2,1,1,Recommended_4,Recommended_4_ownColorVictoryHeuristic,-1.0,1.0,Recommended_4,10,10,TwoSides.txt,Move 1 marble exactly 2 spaces in any direction.,Push a column of marbles by 1 space in any direction,Pushed out marbles return to the center. Remove any pre-existing marble.,You can push opposing marbles if you use equal marbles. Do not split your column while pushing the opponent.,Occupy 1 goal of each color.,Recommended_4,Recommended_4_ownColorVictoryHeuristic,[],[],[],[],0
-813627443,MultiverseMarbles,0,GAME_OVER,63,62,2,401,2,Recommended_4_ownColorVictoryHeuristic,2,1,1,Recommended_4,Recommended_4_ownColorVictoryHeuristic,-1.0,1.0,Recommended_4,10,10,TwoSides.txt,Jump over 1 marble or blocker or move a marble by 1 space in any direction,Push a column of marbles by 1 space in any direction,"Pushed out marbles return to the center, if it is free. Else they are removed.",You can push opposing marbles if you use more marbles.,Occupy all goals of your color.,Recommended_4,Recommended_4_ownColorVictoryHeuristic,[],[],[],[],0
-431946406,MultiverseMarbles,0,GAME_OVER,48,47,2,402,1,Recommended_4_ownColorVictoryHeuristic,1,2,2,Recommended_4,Recommended_4_ownColorVictoryHeuristic,1.0,-1.0,Recommended_4,8,9,TwoSides.txt,Move 1 marble by 1 space in any direction.,Push a column of marbles by 1 space in any direction,Pushed out marbles return to the center. Remove any pre-existing marble.,You can push opposing marbles if you use more marbles.,Occupy 3 non-neighbouring goals.,Recommended_4,Recommended_4_ownColorVictoryHeuristic,[1],"[1, 1]",[1],"[1, 1, 1]",1
2089628267,MultiverseMarbles,0,GAME_OVER,66,65,2,403,1,Recommended_4_ownColorVictoryHeuristic,1,2,2,Recommended_4,Recommended_4_ownColorVictoryHeuristic,1.0,-1.0,Recommended_4,10,10,TwoSides.txt,Jump over 1 marble or blocker or move a marble by 1 space in any direction,Push a column of marbles by 1 space in any direction,Pushed out marbles return to the center. Remove any pre-existing marble.,You can push opposing marbles if you use fewer or more marbles.,Occupy all goals of your color.,Recommended_4,Recommended_4_ownColorVictoryHeuristic,[],[],[1],[1],1
-1638771764,MultiverseMarbles,0,GAME_OVER,97,96,2,404,2,Recommended_4_ownColorVictoryHeuristic,2,1,1,Recommended_4,Recommended_4_ownColorVictoryHeuristic,-1.0,1.0,Recommended_4,9,9,TwoSides.txt,Move 1 marble by 1 space in any direction.,Push a column of marbles by 1 space in any direction,Pushed out marbles return to the center. Remove any pre-existing marble.,You can push opposing marbles if you use fewer or more marbles.,Push out 3 opposing marbles.,Recommended_4,Recommended_4_ownColorVictoryHeuristic,[],"[0, 0]",[1],"[1, 0, 1, 0, 0]",0
1477706434,MultiverseMarbles,0,GAME_OVER,44,43,2,405,1,Recommended_4_ownColorVictoryHeuristic,1,2,2,Recommended_4,Recommended_4_ownColorVictoryHeuristic,1.0,-1.0,Recommended_4,9,8,TwoSides.txt,Move 1 marble exactly 2 spaces in any direction.,Push a column of marbles by 1 space in any direction,Pushed out marbles return to the center. Remove any pre-existing marble.,You can push opposing marbles if you use more marbles.,Occupy all goals of your color.,Recommended_4,Recommended_4_ownColorVictoryHeuristic,"[0, 0]",[1],"[0, 0, 0]","[1, 1]",1
-719515679,MultiverseMarbles,0,GAME_OVER,200,200,2,406,1,Recommended_4_ownColorVictoryHeuristic,1,1,1,Recommended_4,Recommended_4_ownColorVictoryHeuristic,-3.0,-3.0,Recommended_4,9,10,TwoSides.txt,Move 1 marble by up to 3 spaces in any direction in a straight line.,Push a column of marbles by 1 space in any direction,Pushed out marbles are removed from play,You can push opposing marbles if you use fewer or equal marbles. Do not split your column while pushing the opponent.,Push out 3 opposing marbles.,Recommended_4,Recommended_4_ownColorVictoryHeuristic,[],[1],[],[1],-1
17445558,MultiverseMarbles,0,GAME_OVER,23,22,2,407,2,Recommended_4_ownColorVictoryHeuristic,2,1,1,Recommended_4,Recommended_4_ownColorVictoryHeuristic,-1.0,1.0,Recommended_4,10,10,TwoSides.txt,Move 1 marble by up to 3 spaces in any direction in a straight line.,Push a column of marbles by 1 space in any direction,Pushed out marbles are removed from play,"You can push opposing marbles if you use an even number of marbles (2, 4 or 6). Do not split your column while pushing the opponent.",Occupy 1 goal of each color.,Recommended_4,Recommended_4_ownColorVictoryHeuristic,[],[],[],[],0
1220995401,MultiverseMarbles,0,GAME_OVER,42,41,2,408,1,Recommended_4_ownColorVictoryHeuristic,1,2,2,Recommended_4,Recommended_4_ownColorVictoryHeuristic,1.0,-1.0,Recommended_4,10,10,TwoSides.txt,Move 1 marble exactly 2 spaces in any direction.,Push a column of marbles by 1 space in any direction,Pushed out marbles are removed from play,You can push opposing marbles if you use equal marbles. Do not split your column while pushing the opponent.,Occupy 3 non-neighbouring goals.,Recommended_4,Recommended_4_ownColorVictoryHeuristic,[],[],[],[],1
-1635055809,MultiverseMarbles,0,GAME_OVER,74,73,2,409,1,Recommended_4_ownColorVictoryHeuristic,1,2,2,Recommended_4,Recommended_4_ownColorVictoryHeuristic,1.0,-1.0,Recommended_4,9,10,TwoSides.txt,Jump over 1 marble or blocker or move a marble by 1 space in any direction,Push a column of marbles by 1 space in any direction,Pushed out marbles are removed from play,You can push opposing marbles if you use more marbles.,Occupy all goals of your color.,Recommended_4,Recommended_4_ownColorVictoryHeuristic,[],[0],[],[0],1
-554813528,MultiverseMarbles,0,GAME_OVER,200,200,2,410,1,Recommended_4_ownColorVictoryHeuristic,1,1,1,Recommended_4,Recommended_4_ownColorVictoryHeuristic,-3.0,-3.0,Recommended_4,10,10,TwoSides.txt,Jump over 1 marble or blocker or move a marble by 1 space in any direction,Push a column of marbles by 1 space in any direction,Pushed out marbles are removed from play,You can push opposing marbles if you use equal marbles. Do not split your column while pushing the opponent.,Push out 3 opposing marbles.,Recommended_4,Recommended_4_ownColorVictoryHeuristic,[],[],[],[],-1
-1683805628,MultiverseMarbles,0,GAME_OVER,17,16,2,411,2,Recommended_4_ownColorVictoryHeuristic,2,1,1,Recommended_4,Recommended_4_ownColorVictoryHeuristic,-1.0,1.0,Recommended_4,10,10,TwoSides.txt,Move 1 marble by up to 3 spaces in any direction in a straight line.,Push a column of marbles by 1 space in any direction,Pushed out marbles return to the center. Remove any pre-existing marble.,"You can push your opposing marbles if you use an uneven number of marbles (1, 3 or 5). Do not split your column while pushing the opponent.",Occupy 1 goal of each color.,Recommended_4,Recommended_4_ownColorVictoryHeuristic,[],[],[0],[],0
-1750380853,MultiverseMarbles,0,GAME_OVER,41,40,2,412,2,Recommended_4_ownColorVictoryHeuristic,2,1,1,Recommended_4,Recommended_4_ownColorVictoryHeuristic,-1.0,1.0,Recommended_4,7,10,TwoSides.txt,Move 1 marble by up to 3 spaces in any direction in a straight line.,Push a column of marbles by 1 space in any direction,Pushed out marbles are removed from play,You can push opposing marbles if you use more or equal marbles. Do not split your column while pushing the opponent.,Occupy all goals of your color.,Recommended_4,Recommended_4_ownColorVictoryHeuristic,[],"[1, 1, 1]",[],"[1, 1, 1]",0
-168656920,MultiverseMarbles,0,GAME_OVER,95,94,2,413,2,Recommended_4_ownColorVictoryHeuristic,2,1,1,Recommended_4,Recommended_4_ownColorVictoryHeuristic,-1.0,1.0,Recommended_4,6,10,TwoSides.txt,Move 1 marble by 1 space in any direction.,Push a column of marbles by 1 space in any direction,"Pushed out marbles return to the center, if it is free. Else they are removed.","You can push opposing marbles if you use an even number of marbles (2, 4 or 6). Do not split your column while pushing the opponent.",Occupy all goals of your color.,Recommended_4,Recommended_4_ownColorVictoryHeuristic,[],"[1, 1, 1, 0]",[],"[1, 1, 1, 0, 0]",0
1910636972,MultiverseMarbles,0,GAME_OVER,57,56,2,414,2,Recommended_4_ownColorVictoryHeuristic,2,1,1,Recommended_4,Recommended_4_ownColorVictoryHeuristic,-1.0,1.0,Recommended_4,8,9,TwoSides.txt,Move 1 marble by up to 3 spaces in any direction in a straight line.,Push a column of marbles by 1 space in any direction,Pushed out marbles return to the center. Remove any pre-existing marble.,You can push opposing marbles if you use more marbles.,Push out 3 opposing marbles.,Recommended_4,Recommended_4_ownColorVictoryHeuristic,[],"[1, 0, 0]",[],"[1, 0, 0, 0]",0
-1137856297,MultiverseMarbles,0,GAME_OVER,39,38,2,415,2,Recommended_4_ownColorVictoryHeuristic,2,1,1,Recommended_4,Recommended_4_ownColorVictoryHeuristic,-1.0,1.0,Recommended_4,10,10,TwoSides.txt,Move 1 marble by up to 3 spaces in any direction in a straight line.,Push a column of marbles by 1 space in any direction,"Pushed out marbles return to the center, if it is free. Else they are removed.",You can push opposing marbles if you use fewer or more marbles.,Occupy 3 non-neighbouring goals.,Recommended_4,Recommended_4_ownColorVictoryHeuristic,[],[],[],[0],0
-307592404,MultiverseMarbles,0,GAME_OVER,86,85,2,416,1,Recommended_4_ownColorVictoryHeuristic,1,2,2,Recommended_4,Recommended_4_ownColorVictoryHeuristic,1.0,-1.0,Recommended_4,8,9,TwoSides.txt,Move 1 marble by 1 space in any direction.,Push a column of marbles by 1 space in any direction,Pushed out marbles return to the center. Remove any pre-existing marble.,You can push opposing marbles if you use more or equal marbles. Do not split your column while pushing the opponent.,Occupy all goals of your color.,Recommended_4,Recommended_4_ownColorVictoryHeuristic,[],"[1, 1, 0]","[1, 1]","[1, 1, 0, 1]",1
-1353526698,MultiverseMarbles,0,GAME_OVER,113,112,2,417,2,Recommended_4_ownColorVictoryHeuristic,2,1,1,Recommended_4,Recommended_4_ownColorVictoryHeuristic,-1.0,1.0,Recommended_4,10,10,TwoSides.txt,Move 1 marble by 1 space in any direction.,Push a column of marbles by 1 space in any direction,Pushed out marbles are removed from play,You can push opposing marbles if you use fewer or equal marbles. Do not split your column while pushing the opponent.,Occupy 3 non-neighbouring goals.,Recommended_4,Recommended_4_ownColorVictoryHeuristic,[],[],[],[],0
-1990659661,MultiverseMarbles,0,GAME_OVER,56,55,2,418,1,Recommended_4_ownColorVictoryHeuristic,1,2,2,Recommended_4,Recommended_4_ownColorVictoryHeuristic,1.0,-1.0,Recommended_4,10,9,TwoSides.txt,Jump over 1 marble or blocker or move a marble by 1 space in any direction,Push a column of marbles by 1 space in any direction,"Pushed out marbles return to the center, if it is free. Else they are removed.",You can push opposing marbles if you use fewer or more marbles.,Occupy 3 non-neighbouring goals.,Recommended_4,Recommended_4_ownColorVictoryHeuristic,[1],[],"[1, 0, 1]",[],1
-866191843,MultiverseMarbles,0,GAME_OVER,73,72,2,419,2,Recommended_4_ownColorVictoryHeuristic,2,1,1,Recommended_4,Recommended_4_ownColorVictoryHeuristic,-1.0,1.0,Recommended_4,6,10,TwoSides.txt,Move 1 marble exactly 2 spaces in any direction.,Push a column of marbles by 1 space in any direction,Pushed out marbles are removed from play,You can push opposing marbles if you use fewer or more marbles.,Push out 3 opposing marbles.,Recommended_4,Recommended_4_ownColorVictoryHeuristic,[],"[1, 0, 0, 0]",[],"[1, 0, 0, 0]",0
-2069511402,MultiverseMarbles,0,GAME_OVER,29,28,2,420,2,Recommended_4_ownColorVictoryHeuristic,2,1,1,Recommended_4,Recommended_4_ownColorVictoryHeuristic,-1.0,1.0,Recommended_4,10,10,TwoSides.txt,Move 1 marble by up to 3 spaces in any direction in a straight line.,Push a column of marbles by 1 space in any direction,Pushed out marbles are removed from play,"You can push your opposing marbles if you use an uneven number of marbles (1, 3 or 5). Do not split your column while pushing the opponent.",Occupy 1 goal of each color.,Recommended_4,Recommended_4_ownColorVictoryHeuristic,[],[],[],[],0
1288752974,MultiverseMarbles,0,GAME_OVER,124,123,2,421,1,Recommended_4_ownColorVictoryHeuristic,1,2,2,Recommended_4,Recommended_4_ownColorVictoryHeuristic,1.0,-1.0,Recommended_4,10,9,TwoSides.txt,Move 1 marble by up to 3 spaces in any direction in a straight line.,Push a column of marbles by 1 space in any direction,Pushed out marbles return to the center. Remove any pre-existing marble.,"You can push opposing marbles if you use an even number of marbles (2, 4 or 6). Do not split your column while pushing the opponent.",Occupy 3 non-neighbouring goals.,Recommended_4,Recommended_4_ownColorVictoryHeuristic,[1],[],"[1, 1]","[1, 0]",1
527763564,MultiverseMarbles,0,GAME_OVER,39,38,2,422,2,Recommended_4_ownColorVictoryHeuristic,2,1,1,Recommended_4,Recommended_4_ownColorVictoryHeuristic,-1.0,1.0,Recommended_4,10,10,TwoSides.txt,Jump over 1 marble or blocker or move a marble by 1 space in any direction,Push a column of marbles by 1 space in any direction,Pushed out marbles return to the center. Remove any pre-existing marble.,"You can push your opposing marbles if you use an uneven number of marbles (1, 3 or 5). Do not split your column while pushing the opponent.",Occupy 3 non-neighbouring goals.,Recommended_4,Recommended_4_ownColorVictoryHeuristic,[],[],[],[],0
268160768,MultiverseMarbles,0,GAME_OVER,107,106,2,423,2,Recommended_4_ownColorVictoryHeuristic,2,1,1,Recommended_4,Recommended_4_ownColorVictoryHeuristic,-1.0,1.0,Recommended_4,8,10,TwoSides.txt,Move 1 marble exactly 2 spaces in any direction.,Push a column of marbles by 1 space in any direction,"Pushed out marbles return to the center, if it is free. Else they are removed.",You can push opposing marbles if you use fewer or equal marbles. Do not split your column while pushing the opponent.,Push out 3 opposing marbles.,Recommended_4,Recommended_4_ownColorVictoryHeuristic,[],"[0, 0]",[],"[0, 0, 0]",0
798207429,MultiverseMarbles,0,GAME_OVER,30,29,2,424,1,Recommended_4_ownColorVictoryHeuristic,1,2,2,Recommended_4,Recommended_4_ownColorVictoryHeuristic,1.0,-1.0,Recommended_4,9,10,TwoSides.txt,Move 1 marble by up to 3 spaces in any direction in a straight line.,Push a column of marbles by 1 space in any direction,Pushed out marbles return to the center. Remove any pre-existing marble.,"You can push opposing marbles if you use an even number of marbles (2, 4 or 6). Do not split your column while pushing the opponent.",Occupy 1 goal of each color.,Recommended_4,Recommended_4_ownColorVictoryHeuristic,[],[1],[],"[1, 0, 1]",1
1701343797,MultiverseMarbles,0,GAME_OVER,64,63,2,425,1,Recommended_4_ownColorVictoryHeuristic,1,2,2,Recommended_4,Recommended_4_ownColorVictoryHeuristic,1.0,-1.0,Recommended_4,9,10,TwoSides.txt,Jump over 1 marble or blocker or move a marble by 1 space in any direction,Push a column of marbles by 1 space in any direction,Pushed out marbles are removed from play,You can push opposing marbles if you use more marbles.,Occupy all goals of your color.,Recommended_4,Recommended_4_ownColorVictoryHeuristic,[],[1],[],[1],1
42958805,MultiverseMarbles,0,GAME_OVER,29,28,2,426,2,Recommended_4_ownColorVictoryHeuristic,2,1,1,Recommended_4,Recommended_4_ownColorVictoryHeuristic,-1.0,1.0,Recommended_4,10,9,TwoSides.txt,Jump over 1 marble or blocker or move a marble by 1 space in any direction,Push a column of marbles by 1 space in any direction,Pushed out marbles return to the center. Remove any pre-existing marble.,You can push opposing marbles if you use more or equal marbles. Do not split your column while pushing the opponent.,Occupy 1 goal of each color.,Recommended_4,Recommended_4_ownColorVictoryHeuristic,[0],[],"[0, 0]",[],0
-1284783044,MultiverseMarbles,0,GAME_OVER,47,46,2,427,2,Recommended_4_ownColorVictoryHeuristic,2,1,1,Recommended_4,Recommended_4_ownColorVictoryHeuristic,-1.0,1.0,Recommended_4,10,10,TwoSides.txt,Move 1 marble by 1 space in any direction.,Push a column of marbles by 1 space in any direction,"Pushed out marbles return to the center, if it is free. Else they are removed.",You can push opposing marbles if you use fewer or equal marbles. Do not split your column while pushing the opponent.,Occupy 1 goal of each color.,Recommended_4,Recommended_4_ownColorVictoryHeuristic,[],[],[],[],0
1990619665,MultiverseMarbles,0,GAME_OVER,44,43,2,428,1,Recommended_4_ownColorVictoryHeuristic,1,2,2,Recommended_4,Recommended_4_ownColorVictoryHeuristic,1.0,-1.0,Recommended_4,10,10,TwoSides.txt,Move 1 marble by up to 3 spaces in any direction in a straight line.,Push a column of marbles by 1 space in any direction,Pushed out marbles return to the center. Remove any pre-existing marble.,You can push opposing marbles if you use more marbles.,Occupy 1 goal of each color.,Recommended_4,Recommended_4_ownColorVictoryHeuristic,[],[],[],[],1
-447765565,MultiverseMarbles,0,GAME_OVER,191,190,2,429,2,Recommended_4_ownColorVictoryHeuristic,2,1,1,Recommended_4,Recommended_4_ownColorVictoryHeuristic,-1.0,1.0,Recommended_4,8,10,TwoSides.txt,Move 1 marble by 1 space in any direction.,Push a column of marbles by 1 space in any direction,Pushed out marbles return to the center. Remove any pre-existing marble.,"You can push your opposing marbles if you use an uneven number of marbles (1, 3 or 5). Do not split your column while pushing the opponent.",Push out 3 opposing marbles.,Recommended_4,Recommended_4_ownColorVictoryHeuristic,[],"[0, 0]",[],"[0, 0, 0]",0
-1876727332,MultiverseMarbles,0,GAME_OVER,45,44,2,430,2,Recommended_4_ownColorVictoryHeuristic,2,1,1,Recommended_4,Recommended_4_ownColorVictoryHeuristic,-1.0,1.0,Recommended_4,10,10,TwoSides.txt,Move 1 marble exactly 2 spaces in any direction.,Push a column of marbles by 1 space in any direction,"Pushed out marbles return to the center, if it is free. Else they are removed.",You can push opposing marbles if you use fewer or more marbles.,Occupy all goals of your color.,Recommended_4,Recommended_4_ownColorVictoryHeuristic,[],[],[],"[1, 1]",0
-1554647503,MultiverseMarbles,0,GAME_OVER,61,60,2,431,2,Recommended_4_ownColorVictoryHeuristic,2,1,1,Recommended_4,Recommended_4_ownColorVictoryHeuristic,-1.0,1.0,Recommended_4,8,10,TwoSides.txt,Move 1 marble exactly 2 spaces in any direction.,Push a column of marbles by 1 space in any direction,Pushed out marbles return to the center. Remove any pre-existing marble.,You can push opposing marbles if you use more marbles.,Occupy 3 non-neighbouring goals.,Recommended_4,Recommended_4_ownColorVictoryHeuristic,[0],[0],"[1, 0]","[1, 1, 1, 1, 0]",0
960055211,MultiverseMarbles,0,GAME_OVER,75,74,2,432,2,Recommended_4_ownColorVictoryHeuristic,2,1,1,Recommended_4,Recommended_4_ownColorVictoryHeuristic,-1.0,1.0,Recommended_4,8,10,TwoSides.txt,Jump over 1 marble or blocker or move a marble by 1 space in any direction,Push a column of marbles by 1 space in any direction,"Pushed out marbles return to the center, if it is free. Else they are removed.","You can push opposing marbles if you use an even number of marbles (2, 4 or 6). Do not split your column while pushing the opponent.",Occupy all goals of your color.,Recommended_4,Recommended_4_ownColorVictoryHeuristic,[],"[1, 1]",[],"[1, 1, 1, 0]",0
498463735,MultiverseMarbles,0,GAME_OVER,16,15,2,433,1,Recommended_4_ownColorVictoryHeuristic,1,2,2,Recommended_4,Recommended_4_ownColorVictoryHeuristic,1.0,-1.0,Recommended_4,10,10,TwoSides.txt,Move 1 marble exactly 2 spaces in any direction.,Push a column of marbles by 1 space in any direction,"Pushed out marbles return to the center, if it is free. Else they are removed.",You can push opposing marbles if you use more or equal marbles. Do not split your column while pushing the opponent.,Occupy 3 non-neighbouring goals.,Recommended_4,Recommended_4_ownColorVictoryHeuristic,[],[],[],[],1
-1351543479,MultiverseMarbles,0,GAME_OVER,34,33,2,434,1,Recommended_4_ownColorVictoryHeuristic,1,2,2,Recommended_4,Recommended_4_ownColorVictoryHeuristic,1.0,-1.0,Recommended_4,9,10,TwoSides.txt,Jump over 1 marble or blocker or move a marble by 1 space in any direction,Push a column of marbles by 1 space in any direction,"Pushed out marbles return to the center, if it is free. Else they are removed.","You can push opposing marbles if you use an even number of marbles (2, 4 or 6). Do not split your column while pushing the opponent.",Occupy 1 goal of each color.,Recommended_4,Recommended_4_ownColorVictoryHeuristic,[],[1],[],"[1, 1]",1
-888673798,MultiverseMarbles,0,GAME_OVER,47,46,2,435,2,Recommended_4_ownColorVictoryHeuristic,2,1,1,Recommended_4,Recommended_4_ownColorVictoryHeuristic,-1.0,1.0,Recommended_4,7,9,TwoSides.txt,Move 1 marble by 1 space in any direction.,Push a column of marbles by 1 space in any direction,Pushed out marbles are removed from play,"You can push opposing marbles if you use an even number of marbles (2, 4 or 6). Do not split your column while pushing the opponent.",Push out 3 opposing marbles.,Recommended_4,Recommended_4_ownColorVictoryHeuristic,[1],"[0, 0, 0]",[1],"[0, 0, 0]",0
38123686,MultiverseMarbles,0,GAME_OVER,129,128,2,436,2,Recommended_4_ownColorVictoryHeuristic,2,1,1,Recommended_4,Recommended_4_ownColorVictoryHeuristic,-1.0,1.0,Recommended_4,10,9,TwoSides.txt,Move 1 marble by 1 space in any direction.,Push a column of marbles by 1 space in any direction,Pushed out marbles are removed from play,You can push opposing marbles if you use fewer or equal marbles. Do not split your column while pushing the opponent.,Occupy 1 goal of each color.,Recommended_4,Recommended_4_ownColorVictoryHeuristic,[1],[],[1],[],0
1483833162,MultiverseMarbles,0,GAME_OVER,30,29,2,437,1,Recommended_4_ownColorVictoryHeuristic,1,2,2,Recommended_4,Recommended_4_ownColorVictoryHeuristic,1.0,-1.0,Recommended_4,10,10,TwoSides.txt,Jump over 1 marble or blocker or move a marble by 1 space in any direction,Push a column of marbles by 1 space in any direction,Pushed out marbles return to the center. Remove any pre-existing marble.,You can push opposing marbles if you use equal marbles. Do not split your column while pushing the opponent.,Occupy 1 goal of each color.,Recommended_4,Recommended_4_ownColorVictoryHeuristic,[],[],[],[],1
1811438810,MultiverseMarbles,0,GAME_OVER,39,38,2,438,2,Recommended_4_ownColorVictoryHeuristic,2,1,1,Recommended_4,Recommended_4_ownColorVictoryHeuristic,-1.0,1.0,Recommended_4,4,9,TwoSides.txt,Move 1 marble by 1 space in any direction.,Push a column of marbles by 1 space in any direction,Pushed out marbles are removed from play,You can push opposing marbles if you use more or equal marbles. Do not split your column while pushing the opponent.,Occupy 1 goal of each color.,Recommended_4,Recommended_4_ownColorVictoryHeuristic,[1],"[1, 1, 0, 0, 0, 0]",[1],"[1, 1, 0, 0, 0, 0]",0
-355232835,MultiverseMarbles,0,GAME_OVER,12,11,2,439,1,Recommended_4_ownColorVictoryHeuristic,1,2,2,Recommended_4,Recommended_4_ownColorVictoryHeuristic,1.0,-1.0,Recommended_4,10,10,TwoSides.txt,Move 1 marble exactly 2 spaces in any direction.,Push a column of marbles by 1 space in any direction,"Pushed out marbles return to the center, if it is free. Else they are removed.",You can push opposing marbles if you use fewer or equal marbles. Do not split your column while pushing the opponent.,Occupy 1 goal of each color.,Recommended_4,Recommended_4_ownColorVictoryHeuristic,[],[],[],[],1
690323257,MultiverseMarbles,0,GAME_OVER,31,30,2,440,2,Recommended_4_ownColorVictoryHeuristic,2,1,1,Recommended_4,Recommended_4_ownColorVictoryHeuristic,-1.0,1.0,Recommended_4,10,10,TwoSides.txt,Jump over 1 marble or blocker or move a marble by 1 space in any direction,Push a column of marbles by 1 space in any direction,"Pushed out marbles return to the center, if it is free. Else they are removed.",You can push opposing marbles if you use more marbles.,Occupy 3 non-neighbouring goals.,Recommended_4,Recommended_4_ownColorVictoryHeuristic,[],[],[],[1],0
1618506535,MultiverseMarbles,0,GAME_OVER,99,98,2,441,2,Recommended_4_ownColorVictoryHeuristic,2,1,1,Recommended_4,Recommended_4_ownColorVictoryHeuristic,-1.0,1.0,Recommended_4,8,10,TwoSides.txt,Jump over 1 marble or blocker or move a marble by 1 space in any direction,Push a column of marbles by 1 space in any direction,"Pushed out marbles return to the center, if it is free. Else they are removed.",You can push opposing marbles if you use fewer or equal marbles. Do not split your column while pushing the opponent.,Occupy all goals of your color.,Recommended_4,Recommended_4_ownColorVictoryHeuristic,[],"[0, 0]",[],"[0, 0, 0]",0
-249150289,MultiverseMarbles,0,GAME_OVER,89,88,2,442,2,Recommended_4_ownColorVictoryHeuristic,2,1,1,Recommended_4,Recommended_4_ownColorVictoryHeuristic,-1.0,1.0,Recommended_4,3,10,TwoSides.txt,Move 1 marble exactly 2 spaces in any direction.,Push a column of marbles by 1 space in any direction,Pushed out marbles are removed from play,"You can push opposing marbles if you use an even number of marbles (2, 4 or 6). Do not split your column while pushing the opponent.",Occupy all goals of your color.,Recommended_4,Recommended_4_ownColorVictoryHeuristic,[],"[1, 1, 1, 1, 1, 0, 1]",[],"[1, 1, 1, 1, 1, 0, 1]",0
-1936510396,MultiverseMarbles,0,GAME_OVER,19,18,2,443,2,Recommended_4_ownColorVictoryHeuristic,2,1,1,Recommended_4,Recommended_4_ownColorVictoryHeuristic,-1.0,1.0,Recommended_4,10,10,TwoSides.txt,Move 1 marble exactly 2 spaces in any direction.,Push a column of marbles by 1 space in any direction,Pushed out marbles are removed from play,"You can push opposing marbles if you use an even number of marbles (2, 4 or 6). Do not split your column while pushing the opponent.",Occupy 1 goal of each color.,Recommended_4,Recommended_4_ownColorVictoryHeuristic,[],[],[],[],0
695073731,MultiverseMarbles,0,GAME_OVER,99,98,2,444,2,Recommended_4_ownColorVictoryHeuristic,2,1,1,Recommended_4,Recommended_4_ownColorVictoryHeuristic,-1.0,1.0,Recommended_4,9,10,TwoSides.txt,Move 1 marble by 1 space in any direction.,Push a column of marbles by 1 space in any direction,Pushed out marbles are removed from play,You can push opposing marbles if you use fewer or equal marbles. Do not split your column while pushing the opponent.,Occupy 1 goal of each color.,Recommended_4,Recommended_4_ownColorVictoryHeuristic,[],[0],[],[0],0
1510598041,MultiverseMarbles,0,GAME_OVER,119,118,2,445,2,Recommended_4_ownColorVictoryHeuristic,2,1,1,Recommended_4,Recommended_4_ownColorVictoryHeuristic,-1.0,1.0,Recommended_4,10,10,TwoSides.txt,Move 1 marble exactly 2 spaces in any direction.,Push a column of marbles by 1 space in any direction,Pushed out marbles return to the center. Remove any pre-existing marble.,"You can push your opposing marbles if you use an uneven number of marbles (1, 3 or 5). Do not split your column while pushing the opponent.",Occupy 1 goal of each color.,Recommended_4,Recommended_4_ownColorVictoryHeuristic,[],[],[0],[1],0
930384360,MultiverseMarbles,0,GAME_OVER,30,29,2,446,1,Recommended_4_ownColorVictoryHeuristic,1,2,2,Recommended_4,Recommended_4_ownColorVictoryHeuristic,1.0,-1.0,Recommended_4,9,9,TwoSides.txt,Jump over 1 marble or blocker or move a marble by 1 space in any direction,Push a column of marbles by 1 space in any direction,Pushed out marbles return to the center. Remove any pre-existing marble.,You can push opposing marbles if you use more or equal marbles. Do not split your column while pushing the opponent.,Occupy 1 goal of each color.,Recommended_4,Recommended_4_ownColorVictoryHeuristic,"[0, 0]",[],"[0, 1, 0]",[],1
-1202270260,MultiverseMarbles,0,GAME_OVER,28,27,2,447,1,Recommended_4_ownColorVictoryHeuristic,1,2,2,Recommended_4,Recommended_4_ownColorVictoryHeuristic,1.0,-1.0,Recommended_4,10,10,TwoSides.txt,Move 1 marble by up to 3 spaces in any direction in a straight line.,Push a column of marbles by 1 space in any direction,"Pushed out marbles return to the center, if it is free. Else they are removed.",You can push opposing marbles if you use fewer or more marbles.,Occupy 1 goal of each color.,Recommended_4,Recommended_4_ownColorVictoryHeuristic,[],[],[0],[1],1
234784526,MultiverseMarbles,0,GAME_OVER,28,27,2,448,1,Recommended_4_ownColorVictoryHeuristic,1,2,2,Recommended_4,Recommended_4_ownColorVictoryHeuristic,1.0,-1.0,Recommended_4,10,10,TwoSides.txt,Move 1 marble exactly 2 spaces in any direction.,Push a column of marbles by 1 space in any direction,"Pushed out marbles return to the center, if it is free. Else they are removed.",You can push opposing marbles if you use more marbles.,Occupy all goals of your color.,Recommended_4,Recommended_4_ownColorVictoryHeuristic,[],[],[],[1],1
73397318,MultiverseMarbles,0,GAME_OVER,107,106,2,449,2,Recommended_4_ownColorVictoryHeuristic,2,1,1,Recommended_4,Recommended_4_ownColorVictoryHeuristic,-1.0,1.0,Recommended_4,8,9,TwoSides.txt,Move 1 marble by up to 3 spaces in any direction in a straight line.,Push a column of marbles by 1 space in any direction,Pushed out marbles return to the center. Remove any pre-existing marble.,"You can push opposing marbles if you use an even number of marbles (2, 4 or 6). Do not split your column while pushing the opponent.",Occupy all goals of your color.,Recommended_4,Recommended_4_ownColorVictoryHeuristic,"[0, 0]",[0],"[0, 0, 0]","[1, 1, 0, 0]",0
637536396,MultiverseMarbles,0,GAME_OVER,45,44,2,450,2,Recommended_4_ownColorVictoryHeuristic,2,1,1,Recommended_4,Recommended_4_ownColorVictoryHeuristic,-1.0,1.0,Recommended_4,8,10,TwoSides.txt,Move 1 marble exactly 2 spaces in any direction.,Push a column of marbles by 1 space in any direction,Pushed out marbles return to the center. Remove any pre-existing marble.,You can push opposing marbles if you use more marbles.,Occupy 3 non-neighbouring goals.,Recommended_4,Recommended_4_ownColorVictoryHeuristic,[0],[0],"[0, 0]","[1, 1, 1, 1, 0]",0
120093725,MultiverseMarbles,0,GAME_OVER,89,88,2,451,2,Recommended_4_ownColorVictoryHeuristic,2,1,1,Recommended_4,Recommended_4_ownColorVictoryHeuristic,-1.0,1.0,Recommended_4,8,10,TwoSides.txt,Move 1 marble by up to 3 spaces in any direction in a straight line.,Push a column of marbles by 1 space in any direction,Pushed out marbles return to the center. Remove any pre-existing marble.,"You can push opposing marbles if you use an even number of marbles (2, 4 or 6). Do not split your column while pushing the opponent.",Occupy 1 goal of each color.,Recommended_4,Recommended_4_ownColorVictoryHeuristic,[0],[0],"[0, 0]","[0, 0]",0
-1658116905,MultiverseMarbles,0,GAME_OVER,200,200,2,452,1,Recommended_4_ownColorVictoryHeuristic,1,1,1,Recommended_4,Recommended_4_ownColorVictoryHeuristic,-3.0,-3.0,Recommended_4,10,9,TwoSides.txt,Move 1 marble by up to 3 spaces in any direction in a straight line.,Push a column of marbles by 1 space in any direction,Pushed out marbles return to the center. Remove any pre-existing marble.,You can push opposing marbles if you use fewer or equal marbles. Do not split your column while pushing the opponent.,Push out 3 opposing marbles.,Recommended_4,Recommended_4_ownColorVictoryHeuristic,[1],[],"[1, 1]",[],-1
-303014245,MultiverseMarbles,0,GAME_OVER,92,91,2,453,1,Recommended_4_ownColorVictoryHeuristic,1,2,2,Recommended_4,Recommended_4_ownColorVictoryHeuristic,1.0,-1.0,Recommended_4,5,7,TwoSides.txt,Move 1 marble by 1 space in any direction.,Push a column of marbles by 1 space in any direction,Pushed out marbles are removed from play,You can push opposing marbles if you use fewer or more marbles.,Push out 3 opposing marbles.,Recommended_4,Recommended_4_ownColorVictoryHeuristic,"[1, 1, 1]","[1, 1, 1, 0, 1]","[1, 1, 1]","[1, 1, 1, 0, 1]",1
478485420,MultiverseMarbles,0,GAME_OVER,53,52,2,454,2,Recommended_4_ownColorVictoryHeuristic,2,1,1,Recommended_4,Recommended_4_ownColorVictoryHeuristic,-1.0,1.0,Recommended_4,8,10,TwoSides.txt,Jump over 1 marble or blocker or move a marble by 1 space in any direction,Push a column of marbles by 1 space in any direction,"Pushed out marbles return to the center, if it is free. Else they are removed.","You can push opposing marbles if you use an even number of marbles (2, 4 or 6). Do not split your column while pushing the opponent.",Occupy 1 goal of each color.,Recommended_4,Recommended_4_ownColorVictoryHeuristic,[],"[1, 0]",[],"[1, 1, 0]",0
-82734118,MultiverseMarbles,0,GAME_OVER,125,124,2,455,2,Recommended_4_ownColorVictoryHeuristic,2,1,1,Recommended_4,Recommended_4_ownColorVictoryHeuristic,-1.0,1.0,Recommended_4,3,10,TwoSides.txt,Move 1 marble exactly 2 spaces in any direction.,Push a column of marbles by 1 space in any direction,Pushed out marbles are removed from play,"You can push opposing marbles if you use an even number of marbles (2, 4 or 6). Do not split your column while pushing the opponent.",Push out 3 opposing marbles.,Recommended_4,Recommended_4_ownColorVictoryHeuristic,[],"[1, 0, 1, 1, 0, 1, 0]",[],"[1, 0, 1, 1, 0, 1, 0]",0
713120397,MultiverseMarbles,0,GAME_OVER,24,23,2,456,1,Recommended_4_ownColorVictoryHeuristic,1,2,2,Recommended_4,Recommended_4_ownColorVictoryHeuristic,1.0,-1.0,Recommended_4,10,10,TwoSides.txt,Move 1 marble by up to 3 spaces in any direction in a straight line.,Push a column of marbles by 1 space in any direction,Pushed out marbles return to the center. Remove any pre-existing marble.,"You can push your opposing marbles if you use an uneven number of marbles (1, 3 or 5). Do not split your column while pushing the opponent.",Occupy 3 non-neighbouring goals.,Recommended_4,Recommended_4_ownColorVictoryHeuristic,[],[],[],[],1
-1830809784,MultiverseMarbles,0,GAME_OVER,200,200,2,457,1,Recommended_4_ownColorVictoryHeuristic,1,1,1,Recommended_4,Recommended_4_ownColorVictoryHeuristic,-3.0,-3.0,Recommended_4,9,10,TwoSides.txt,Move 1 marble by up to 3 spaces in any direction in a straight line.,Push a column of marbles by 1 space in any direction,Pushed out marbles are removed from play,"You can push your opposing marbles if you use an uneven number of marbles (1, 3 or 5). Do not split your column while pushing the opponent.",Push out 3 opposing marbles.,Recommended_4,Recommended_4_ownColorVictoryHeuristic,[],[1],[],[1],-1
117398471,MultiverseMarbles,0,GAME_OVER,23,22,2,458,2,Recommended_4_ownColorVictoryHeuristic,2,1,1,Recommended_4,Recommended_4_ownColorVictoryHeuristic,-1.0,1.0,Recommended_4,8,10,TwoSides.txt,Move 1 marble by 1 space in any direction.,Push a column of marbles by 1 space in any direction,"Pushed out marbles return to the center, if it is free. Else they are removed.","You can push opposing marbles if you use an even number of marbles (2, 4 or 6). Do not split your column while pushing the opponent.",Push out 3 opposing marbles.,Recommended_4,Recommended_4_ownColorVictoryHeuristic,[],"[0, 0]",[],"[0, 0, 1, 0]",0
459057434,MultiverseMarbles,0,GAME_OVER,87,86,2,459,2,Recommended_4_ownColorVictoryHeuristic,2,1,1,Recommended_4,Recommended_4_ownColorVictoryHeuristic,-1.0,1.0,Recommended_4,10,10,TwoSides.txt,Jump over 1 marble or blocker or move a marble by 1 space in any direction,Push a column of marbles by 1 space in any direction,Pushed out marbles return to the center. Remove any pre-existing marble.,You can push opposing marbles if you use fewer or more marbles.,Occupy 3 non-neighbouring goals.,Recommended_4,Recommended_4_ownColorVictoryHeuristic,[],[],[1],[1],0
-1774375335,MultiverseMarbles,0,GAME_OVER,39,38,2,460,2,Recommended_4_ownColorVictoryHeuristic,2,1,1,Recommended_4,Recommended_4_ownColorVictoryHeuristic,-1.0,1.0,Recommended_4,9,9,TwoSides.txt,Move 1 marble exactly 2 spaces in any direction.,Push a column of marbles by 1 space in any direction,Pushed out marbles return to the center. Remove any pre-existing marble.,You can push opposing marbles if you use more marbles.,Occupy 3 non-neighbouring goals.,Recommended_4,Recommended_4_ownColorVictoryHeuristic,[0],[1],"[0, 0]","[1, 1, 1]",0
-828290833,MultiverseMarbles,0,GAME_OVER,45,44,2,461,2,Recommended_4_ownColorVictoryHeuristic,2,1,1,Recommended_4,Recommended_4_ownColorVictoryHeuristic,-1.0,1.0,Recommended_4,9,10,TwoSides.txt,Move 1 marble by 1 space in any direction.,Push a column of marbles by 1 space in any direction,Pushed out marbles are removed from play,"You can push opposing marbles if you use an even number of marbles (2, 4 or 6). Do not split your column while pushing the opponent.",Occupy 3 non-neighbouring goals.,Recommended_4,Recommended_4_ownColorVictoryHeuristic,[],[1],[],[1],0
672948080,MultiverseMarbles,0,GAME_OVER,45,44,2,462,2,Recommended_4_ownColorVictoryHeuristic,2,1,1,Recommended_4,Recommended_4_ownColorVictoryHeuristic,-1.0,1.0,Recommended_4,10,10,TwoSides.txt,Move 1 marble by 1 space in any direction.,Push a column of marbles by 1 space in any direction,Pushed out marbles return to the center. Remove any pre-existing marble.,"You can push your opposing marbles if you use an uneven number of marbles (1, 3 or 5). Do not split your column while pushing the opponent.",Occupy 1 goal of each color.,Recommended_4,Recommended_4_ownColorVictoryHeuristic,[],[],[],[],0
263512374,MultiverseMarbles,0,GAME_OVER,49,48,2,463,2,Recommended_4_ownColorVictoryHeuristic,2,1,1,Recommended_4,Recommended_4_ownColorVictoryHeuristic,-1.0,1.0,Recommended_4,10,10,TwoSides.txt,Jump over 1 marble or blocker or move a marble by 1 space in any direction,Push a column of marbles by 1 space in any direction,Pushed out marbles return to the center. Remove any pre-existing marble.,You can push opposing marbles if you use more marbles.,Occupy all goals of your color.,Recommended_4,Recommended_4_ownColorVictoryHeuristic,[],[],[],[1],0
1600164446,MultiverseMarbles,0,GAME_OVER,99,98,2,464,2,Recommended_4_ownColorVictoryHeuristic,2,1,1,Recommended_4,Recommended_4_ownColorVictoryHeuristic,-1.0,1.0,Recommended_4,9,9,TwoSides.txt,Move 1 marble exactly 2 spaces in any direction.,Push a column of marbles by 1 space in any direction,Pushed out marbles return to the center. Remove any pre-existing marble.,"You can push your opposing marbles if you use an uneven number of marbles (1, 3 or 5). Do not split your column while pushing the opponent.",Occupy all goals of your color.,Recommended_4,Recommended_4_ownColorVictoryHeuristic,[],"[1, 0]",[],"[1, 1, 0]",0
1962633751,MultiverseMarbles,0,GAME_OVER,167,166,2,465,2,Recommended_4_ownColorVictoryHeuristic,2,1,1,Recommended_4,Recommended_4_ownColorVictoryHeuristic,-1.0,1.0,Recommended_4,10,10,TwoSides.txt,Move 1 marble by 1 space in any direction.,Push a column of marbles by 1 space in any direction,Pushed out marbles are removed from play,You can push opposing marbles if you use fewer or equal marbles. Do not split your column while pushing the opponent.,Occupy all goals of your color.,Recommended_4,Recommended_4_ownColorVictoryHeuristic,[],[],[],[],0
2022138414,MultiverseMarbles,0,GAME_OVER,48,47,2,466,1,Recommended_4_ownColorVictoryHeuristic,1,2,2,Recommended_4,Recommended_4_ownColorVictoryHeuristic,1.0,-1.0,Recommended_4,9,10,TwoSides.txt,Move 1 marble by up to 3 spaces in any direction in a straight line.,Push a column of marbles by 1 space in any direction,Pushed out marbles return to the center. Remove any pre-existing marble.,You can push opposing marbles if you use more marbles.,Occupy 3 non-neighbouring goals.,Recommended_4,Recommended_4_ownColorVictoryHeuristic,[],[1],[],"[1, 1]",1
-1115890716,MultiverseMarbles,0,GAME_OVER,45,44,2,467,2,Recommended_4_ownColorVictoryHeuristic,2,1,1,Recommended_4,Recommended_4_ownColorVictoryHeuristic,-1.0,1.0,Recommended_4,7,9,TwoSides.txt,Move 1 marble exactly 2 spaces in any direction.,Push a column of marbles by 1 space in any direction,"Pushed out marbles return to the center, if it is free. Else they are removed.","You can push opposing marbles if you use an even number of marbles (2, 4 or 6). Do not split your column while pushing the opponent.",Occupy 1 goal of each color.,Recommended_4,Recommended_4_ownColorVictoryHeuristic,[0],"[1, 1, 1]","[0, 1, 0]","[1, 1, 1]",0
-1816149951,MultiverseMarbles,0,GAME_OVER,65,64,2,468,2,Recommended_4_ownColorVictoryHeuristic,2,1,1,Recommended_4,Recommended_4_ownColorVictoryHeuristic,-1.0,1.0,Recommended_4,9,9,TwoSides.txt,Move 1 marble by 1 space in any direction.,Push a column of marbles by 1 space in any direction,Pushed out marbles return to the center. Remove any pre-existing marble.,You can push opposing marbles if you use fewer or more marbles.,Occupy 3 non-neighbouring goals.,Recommended_4,Recommended_4_ownColorVictoryHeuristic,[],"[1, 1]",[0],"[1, 1, 0, 0]",0
2000059494,MultiverseMarbles,0,GAME_OVER,41,40,2,469,2,Recommended_4_ownColorVictoryHeuristic,2,1,1,Recommended_4,Recommended_4_ownColorVictoryHeuristic,-1.0,1.0,Recommended_4,8,8,TwoSides.txt,Move 1 marble exactly 2 spaces in any direction.,Push a column of marbles by 1 space in any direction,Pushed out marbles are removed from play,You can push opposing marbles if you use more marbles.,Occupy all goals of your color.,Recommended_4,Recommended_4_ownColorVictoryHeuristic,"[0, 0]","[1, 1]","[0, 0]","[1, 1]",0
-1190267485,MultiverseMarbles,0,GAME_OVER,13,12,2,470,2,Recommended_4_ownColorVictoryHeuristic,2,1,1,Recommended_4,Recommended_4_ownColorVictoryHeuristic,-1.0,1.0,Recommended_4,10,10,TwoSides.txt,Move 1 marble exactly 2 spaces in any direction.,Push a column of marbles by 1 space in any direction,"Pushed out marbles return to the center, if it is free. Else they are removed.",You can push opposing marbles if you use fewer or equal marbles. Do not split your column while pushing the opponent.,Occupy 1 goal of each color.,Recommended_4,Recommended_4_ownColorVictoryHeuristic,[],[],[],[],0
2110027652,MultiverseMarbles,0,GAME_OVER,68,67,2,471,1,Recommended_4_ownColorVictoryHeuristic,1,2,2,Recommended_4,Recommended_4_ownColorVictoryHeuristic,1.0,-1.0,Recommended_4,8,10,TwoSides.txt,Jump over 1 marble or blocker or move a marble by 1 space in any direction,Push a column of marbles by 1 space in any direction,Pushed out marbles are removed from play,You can push opposing marbles if you use more or equal marbles. Do not split your column while pushing the opponent.,Occupy all goals of your color.,Recommended_4,Recommended_4_ownColorVictoryHeuristic,[],"[1, 1]",[],"[1, 1]",1
1836665067,MultiverseMarbles,0,GAME_OVER,23,22,2,472,2,Recommended_4_ownColorVictoryHeuristic,2,1,1,Recommended_4,Recommended_4_ownColorVictoryHeuristic,-1.0,1.0,Recommended_4,10,9,TwoSides.txt,Move 1 marble exactly 2 spaces in any direction.,Push a column of marbles by 1 space in any direction,Pushed out marbles are removed from play,"You can push opposing marbles if you use an even number of marbles (2, 4 or 6). Do not split your column while pushing the opponent.",Occupy 1 goal of each color.,Recommended_4,Recommended_4_ownColorVictoryHeuristic,[1],[],[1],[],0
1326711567,MultiverseMarbles,0,GAME_OVER,27,26,2,473,2,Recommended_4_ownColorVictoryHeuristic,2,1,1,Recommended_4,Recommended_4_ownColorVictoryHeuristic,-1.0,1.0,Recommended_4,8,10,TwoSides.txt,Move 1 marble by 1 space in any direction.,Push a column of marbles by 1 space in any direction,"Pushed out marbles return to the center, if it is free. Else they are removed.",You can push opposing marbles if you use fewer or more marbles.,Occupy 1 goal of each color.,Recommended_4,Recommended_4_ownColorVictoryHeuristic,[],"[1, 1]",[],"[1, 1, 0]",0
1929126127,MultiverseMarbles,0,GAME_OVER,45,44,2,474,2,Recommended_4_ownColorVictoryHeuristic,2,1,1,Recommended_4,Recommended_4_ownColorVictoryHeuristic,-1.0,1.0,Recommended_4,9,10,TwoSides.txt,Move 1 marble by 1 space in any direction.,Push a column of marbles by 1 space in any direction,Pushed out marbles return to the center. Remove any pre-existing marble.,You can push opposing marbles if you use more or equal marbles. Do not split your column while pushing the opponent.,Occupy 1 goal of each color.,Recommended_4,Recommended_4_ownColorVictoryHeuristic,[],[0],[0],"[1, 0]",0
-1327102278,MultiverseMarbles,0,GAME_OVER,19,18,2,475,2,Recommended_4_ownColorVictoryHeuristic,2,1,1,Recommended_4,Recommended_4_ownColorVictoryHeuristic,-1.0,1.0,Recommended_4,9,9,TwoSides.txt,Move 1 marble exactly 2 spaces in any direction.,Push a column of marbles by 1 space in any direction,Pushed out marbles return to the center. Remove any pre-existing marble.,"You can push your opposing marbles if you use an uneven number of marbles (1, 3 or 5). Do not split your column while pushing the opponent.",Occupy 1 goal of each color.,Recommended_4,Recommended_4_ownColorVictoryHeuristic,[0],[1],[0],[1],0
662232205,MultiverseMarbles,0,GAME_OVER,111,110,2,476,2,Recommended_4_ownColorVictoryHeuristic,2,1,1,Recommended_4,Recommended_4_ownColorVictoryHeuristic,-1.0,1.0,Recommended_4,10,10,TwoSides.txt,Move 1 marble by up to 3 spaces in any direction in a straight line.,Push a column of marbles by 1 space in any direction,Pushed out marbles are removed from play,You can push opposing marbles if you use equal marbles. Do not split your column while pushing the opponent.,Occupy 3 non-neighbouring goals.,Recommended_4,Recommended_4_ownColorVictoryHeuristic,[],[],[],[],0
-706626424,MultiverseMarbles,0,GAME_OVER,64,63,2,477,1,Recommended_4_ownColorVictoryHeuristic,1,2,2,Recommended_4,Recommended_4_ownColorVictoryHeuristic,1.0,-1.0,Recommended_4,9,10,TwoSides.txt,Move 1 marble exactly 2 spaces in any direction.,Push a column of marbles by 1 space in any direction,"Pushed out marbles return to the center, if it is free. Else they are removed.","You can push opposing marbles if you use an even number of marbles (2, 4 or 6). Do not split your column while pushing the opponent.",Occupy all goals of your color.,Recommended_4,Recommended_4_ownColorVictoryHeuristic,[],[1],"[1, 0]","[1, 1, 0, 1]",1
252744278,MultiverseMarbles,0,GAME_OVER,15,14,2,478,2,Recommended_4_ownColorVictoryHeuristic,2,1,1,Recommended_4,Recommended_4_ownColorVictoryHeuristic,-1.0,1.0,Recommended_4,9,10,TwoSides.txt,Move 1 marble by up to 3 spaces in any direction in a straight line.,Push a column of marbles by 1 space in any direction,"Pushed out marbles return to the center, if it is free. Else they are removed.","You can push your opposing marbles if you use an uneven number of marbles (1, 3 or 5). Do not split your column while pushing the opponent.",Occupy 3 non-neighbouring goals.,Recommended_4,Recommended_4_ownColorVictoryHeuristic,[],[1],[0],"[1, 1]",0
-464991428,MultiverseMarbles,0,GAME_OVER,46,45,2,479,1,Recommended_4_ownColorVictoryHeuristic,1,2,2,Recommended_4,Recommended_4_ownColorVictoryHeuristic,1.0,-1.0,Recommended_4,10,8,TwoSides.txt,Move 1 marble exactly 2 spaces in any direction.,Push a column of marbles by 1 space in any direction,Pushed out marbles return to the center. Remove any pre-existing marble.,You can push opposing marbles if you use more or equal marbles. Do not split your column while pushing the opponent.,Push out 3 opposing marbles.,Recommended_4,Recommended_4_ownColorVictoryHeuristic,"[1, 1]",[],"[1, 1, 1]",[1],1
-552595740,MultiverseMarbles,0,GAME_OVER,40,39,2,480,1,Recommended_4_ownColorVictoryHeuristic,1,2,2,Recommended_4,Recommended_4_ownColorVictoryHeuristic,1.0,-1.0,Recommended_4,9,8,TwoSides.txt,Move 1 marble by 1 space in any direction.,Push a column of marbles by 1 space in any direction,Pushed out marbles are removed from play,"You can push opposing marbles if you use an even number of marbles (2, 4 or 6). Do not split your column while pushing the opponent.",Occupy 1 goal of each color.,Recommended_4,Recommended_4_ownColorVictoryHeuristic,"[1, 1]",[1],"[1, 1]",[1],1
2039106432,MultiverseMarbles,0,GAME_OVER,105,104,2,481,2,Recommended_4_ownColorVictoryHeuristic,2,1,1,Recommended_4,Recommended_4_ownColorVictoryHeuristic,-1.0,1.0,Recommended_4,7,10,TwoSides.txt,Move 1 marble by 1 space in any direction.,Push a column of marbles by 1 space in any direction,Pushed out marbles are removed from play,"You can push your opposing marbles if you use an uneven number of marbles (1, 3 or 5). Do not split your column while pushing the opponent.",Occupy 3 non-neighbouring goals.,Recommended_4,Recommended_4_ownColorVictoryHeuristic,[],"[0, 1, 1]",[],"[0, 1, 1]",0
-1102067937,MultiverseMarbles,0,GAME_OVER,99,98,2,482,2,Recommended_4_ownColorVictoryHeuristic,2,1,1,Recommended_4,Recommended_4_ownColorVictoryHeuristic,-1.0,1.0,Recommended_4,9,9,TwoSides.txt,Move 1 marble by up to 3 spaces in any direction in a straight line.,Push a column of marbles by 1 space in any direction,Pushed out marbles return to the center. Remove any pre-existing marble.,You can push opposing marbles if you use more or equal marbles. Do not split your column while pushing the opponent.,Occupy all goals of your color.,Recommended_4,Recommended_4_ownColorVictoryHeuristic,[0],[1],"[0, 0]","[1, 1]",0
676317676,MultiverseMarbles,0,GAME_OVER,84,83,2,483,1,Recommended_4_ownColorVictoryHeuristic,1,2,2,Recommended_4,Recommended_4_ownColorVictoryHeuristic,1.0,-1.0,Recommended_4,9,10,TwoSides.txt,Jump over 1 marble or blocker or move a marble by 1 space in any direction,Push a column of marbles by 1 space in any direction,"Pushed out marbles return to the center, if it is free. Else they are removed.","You can push opposing marbles if you use an even number of marbles (2, 4 or 6). Do not split your column while pushing the opponent.",Occupy all goals of your color.,Recommended_4,Recommended_4_ownColorVictoryHeuristic,[],[1],[],[1],1
-1751082050,MultiverseMarbles,0,GAME_OVER,200,200,2,484,1,Recommended_4_ownColorVictoryHeuristic,1,1,1,Recommended_4,Recommended_4_ownColorVictoryHeuristic,-3.0,-3.0,Recommended_4,9,10,TwoSides.txt,Move 1 marble by 1 space in any direction.,Push a column of marbles by 1 space in any direction,"Pushed out marbles return to the center, if it is free. Else they are removed.",You can push opposing marbles if you use equal marbles. Do not split your column while pushing the opponent.,Occupy all goals of your color.,Recommended_4,Recommended_4_ownColorVictoryHeuristic,[],[0],[],[0],-1
1733491472,MultiverseMarbles,0,GAME_OVER,191,190,2,485,2,Recommended_4_ownColorVictoryHeuristic,2,1,1,Recommended_4,Recommended_4_ownColorVictoryHeuristic,-1.0,1.0,Recommended_4,3,10,TwoSides.txt,Jump over 1 marble or blocker or move a marble by 1 space in any direction,Push a column of marbles by 1 space in any direction,Pushed out marbles are removed from play,You can push opposing marbles if you use more marbles.,Push out 3 opposing marbles.,Recommended_4,Recommended_4_ownColorVictoryHeuristic,[],"[1, 1, 1, 0, 1, 0, 0]",[],"[1, 1, 1, 0, 1, 0, 0]",0
587681215,MultiverseMarbles,0,GAME_OVER,117,116,2,486,2,Recommended_4_ownColorVictoryHeuristic,2,1,1,Recommended_4,Recommended_4_ownColorVictoryHeuristic,-1.0,1.0,Recommended_4,9,9,TwoSides.txt,Move 1 marble by 1 space in any direction.,Push a column of marbles by 1 space in any direction,Pushed out marbles return to the center. Remove any pre-existing marble.,You can push opposing marbles if you use more or equal marbles. Do not split your column while pushing the opponent.,Occupy all goals of your color.,Recommended_4,Recommended_4_ownColorVictoryHeuristic,[1],[1],[1],"[1, 1, 1, 1]",0
626609192,MultiverseMarbles,0,GAME_OVER,108,107,2,487,1,Recommended_4_ownColorVictoryHeuristic,1,2,2,Recommended_4,Recommended_4_ownColorVictoryHeuristic,1.0,-1.0,Recommended_4,10,10,TwoSides.txt,Move 1 marble by 1 space in any direction.,Push a column of marbles by 1 space in any direction,"Pushed out marbles return to the center, if it is free. Else they are removed.",You can push opposing marbles if you use more or equal marbles. Do not split your column while pushing the opponent.,Occupy 1 goal of each color.,Recommended_4,Recommended_4_ownColorVictoryHeuristic,[],[],[1],"[1, 1]",1
-888672324,MultiverseMarbles,0,GAME_OVER,138,137,2,488,1,Recommended_4_ownColorVictoryHeuristic,1,2,2,Recommended_4,Recommended_4_ownColorVictoryHeuristic,1.0,-1.0,Recommended_4,7,8,TwoSides.txt,Move 1 marble exactly 2 spaces in any direction.,Push a column of marbles by 1 space in any direction,Pushed out marbles return to the center. Remove any pre-existing marble.,You can push opposing marbles if you use fewer or more marbles.,Push out 3 opposing marbles.,Recommended_4,Recommended_4_ownColorVictoryHeuristic,"[0, 1]","[1, 1, 0]","[1, 1, 0, 1]","[1, 1, 1, 0]",1
-1288367568,MultiverseMarbles,0,GAME_OVER,49,48,2,489,2,Recommended_4_ownColorVictoryHeuristic,2,1,1,Recommended_4,Recommended_4_ownColorVictoryHeuristic,-1.0,1.0,Recommended_4,9,10,TwoSides.txt,Jump over 1 marble or blocker or move a marble by 1 space in any direction,Push a column of marbles by 1 space in any direction,"Pushed out marbles return to the center, if it is free. Else they are removed.",You can push opposing marbles if you use more marbles.,Push out 3 opposing marbles.,Recommended_4,Recommended_4_ownColorVictoryHeuristic,[],[0],[],"[1, 0, 0, 1, 0]",0
-641694153,MultiverseMarbles,0,GAME_OVER,21,20,2,490,2,Recommended_4_ownColorVictoryHeuristic,2,1,1,Recommended_4,Recommended_4_ownColorVictoryHeuristic,-1.0,1.0,Recommended_4,10,10,TwoSides.txt,Jump over 1 marble or blocker or move a marble by 1 space in any direction,Push a column of marbles by 1 space in any direction,Pushed out marbles are removed from play,You can push opposing marbles if you use equal marbles. Do not split your column while pushing the opponent.,Occupy 1 goal of each color.,Recommended_4,Recommended_4_ownColorVictoryHeuristic,[],[],[],[],0
-1742429599,MultiverseMarbles,0,GAME_OVER,61,60,2,491,2,Recommended_4_ownColorVictoryHeuristic,2,1,1,Recommended_4,Recommended_4_ownColorVictoryHeuristic,-1.0,1.0,Recommended_4,10,10,TwoSides.txt,Move 1 marble by 1 space in any direction.,Push a column of marbles by 1 space in any direction,Pushed out marbles are removed from play,You can push opposing marbles if you use fewer or equal marbles. Do not split your column while pushing the opponent.,Occupy 1 goal of each color.,Recommended_4,Recommended_4_ownColorVictoryHeuristic,[],[],[],[],0
-2043414184,MultiverseMarbles,0,GAME_OVER,200,200,2,492,1,Recommended_4_ownColorVictoryHeuristic,1,1,1,Recommended_4,Recommended_4_ownColorVictoryHeuristic,-3.0,-3.0,Recommended_4,10,10,TwoSides.txt,Jump over 1 marble or blocker or move a marble by 1 space in any direction,Push a column of marbles by 1 space in any direction,Pushed out marbles are removed from play,You can push opposing marbles if you use equal marbles. Do not split your column while pushing the opponent.,Push out 3 opposing marbles.,Recommended_4,Recommended_4_ownColorVictoryHeuristic,[],[],[],[],-1
1588882028,MultiverseMarbles,0,GAME_OVER,56,55,2,493,1,Recommended_4_ownColorVictoryHeuristic,1,2,2,Recommended_4,Recommended_4_ownColorVictoryHeuristic,1.0,-1.0,Recommended_4,10,10,TwoSides.txt,Move 1 marble by up to 3 spaces in any direction in a straight line.,Push a column of marbles by 1 space in any direction,"Pushed out marbles return to the center, if it is free. Else they are removed.",You can push opposing marbles if you use fewer or equal marbles. Do not split your column while pushing the opponent.,Occupy all goals of your color.,Recommended_4,Recommended_4_ownColorVictoryHeuristic,[],[],[],[],1
871662777,MultiverseMarbles,0,GAME_OVER,25,24,2,494,2,Recommended_4_ownColorVictoryHeuristic,2,1,1,Recommended_4,Recommended_4_ownColorVictoryHeuristic,-1.0,1.0,Recommended_4,9,10,TwoSides.txt,Move 1 marble exactly 2 spaces in any direction.,Push a column of marbles by 1 space in any direction,Pushed out marbles are removed from play,You can push opposing marbles if you use more marbles.,Occupy 1 goal of each color.,Recommended_4,Recommended_4_ownColorVictoryHeuristic,[],[1],[],[1],0
-1791427606,MultiverseMarbles,0,GAME_OVER,27,26,2,495,2,Recommended_4_ownColorVictoryHeuristic,2,1,1,Recommended_4,Recommended_4_ownColorVictoryHeuristic,-1.0,1.0,Recommended_4,7,10,TwoSides.txt,Move 1 marble by 1 space in any direction.,Push a column of marbles by 1 space in any direction,Pushed out marbles are removed from play,"You can push opposing marbles if you use an even number of marbles (2, 4 or 6). Do not split your column while pushing the opponent.",Occupy 1 goal of each color.,Recommended_4,Recommended_4_ownColorVictoryHeuristic,[],"[1, 1, 0]",[],"[1, 1, 0]",0
1363510825,MultiverseMarbles,0,GAME_OVER,85,84,2,496,2,Recommended_4_ownColorVictoryHeuristic,2,1,1,Recommended_4,Recommended_4_ownColorVictoryHeuristic,-1.0,1.0,Recommended_4,10,10,TwoSides.txt,Move 1 marble by 1 space in any direction.,Push a column of marbles by 1 space in any direction,Pushed out marbles return to the center. Remove any pre-existing marble.,You can push opposing marbles if you use fewer or equal marbles. Do not split your column while pushing the opponent.,Occupy 1 goal of each color.,Recommended_4,Recommended_4_ownColorVictoryHeuristic,[],[],[],[],0
33308118,MultiverseMarbles,0,GAME_OVER,59,58,2,497,2,Recommended_4_ownColorVictoryHeuristic,2,1,1,Recommended_4,Recommended_4_ownColorVictoryHeuristic,-1.0,1.0,Recommended_4,10,10,TwoSides.txt,Jump over 1 marble or blocker or move a marble by 1 space in any direction,Push a column of marbles by 1 space in any direction,"Pushed out marbles return to the center, if it is free. Else they are removed.","You can push your opposing marbles if you use an uneven number of marbles (1, 3 or 5). Do not split your column while pushing the opponent.",Occupy 3 non-neighbouring goals.,Recommended_4,Recommended_4_ownColorVictoryHeuristic,[],[],[],"[1, 0]",0
-1891042671,MultiverseMarbles,0,GAME_OVER,28,27,2,498,1,Recommended_4_ownColorVictoryHeuristic,1,2,2,Recommended_4,Recommended_4_ownColorVictoryHeuristic,1.0,-1.0,Recommended_4,10,10,TwoSides.txt,Move 1 marble exactly 2 spaces in any direction.,Push a column of marbles by 1 space in any direction,Pushed out marbles return to the center. Remove any pre-existing marble.,"You can push opposing marbles if you use an even number of marbles (2, 4 or 6). Do not split your column while pushing the opponent.",Occupy 3 non-neighbouring goals.,Recommended_4,Recommended_4_ownColorVictoryHeuristic,[],[],[],[1],1
-784242670,MultiverseMarbles,0,GAME_OVER,26,25,2,499,1,Recommended_4_ownColorVictoryHeuristic,1,2,2,Recommended_4,Recommended_4_ownColorVictoryHeuristic,1.0,-1.0,Recommended_4,10,10,TwoSides.txt,Jump over 1 marble or blocker or move a marble by 1 space in any direction,Push a column of marbles by 1 space in any direction,Pushed out marbles return to the center. Remove any pre-existing marble.,You can push opposing marbles if you use fewer or equal marbles. Do not split your column while pushing the opponent.,Occupy 3 non-neighbouring goals.,Recommended_4,Recommended_4_ownColorVictoryHeuristic,[],[],[],[],1
1746059027,MultiverseMarbles,0,GAME_OVER,156,155,2,500,1,Recommended_4_ownColorVictoryHeuristic,1,2,2,Recommended_4_pushVictoryHeuristic,Recommended_4_ownColorVictoryHeuristic,1.0,-1.0,Recommended_4_pushVictoryHeuristic,10,8,TwoSides.txt,Move 1 marble exactly 2 spaces in any direction.,Push a column of marbles by 1 space in any direction,"Pushed out marbles return to the center, if it is free. Else they are removed.","You can push your opposing marbles if you use an uneven number of marbles (1, 3 or 5). Do not split your column while pushing the opponent.",Push out 3 opposing marbles.,Recommended_4_pushVictoryHeuristic,Recommended_4_ownColorVictoryHeuristic,"[1, 1]",[],"[1, 1, 1]",[],1
1717405991,MultiverseMarbles,0,GAME_OVER,84,83,2,501,1,Recommended_4_ownColorVictoryHeuristic,1,2,2,Recommended_4_pushVictoryHeuristic,Recommended_4_ownColorVictoryHeuristic,1.0,-1.0,Recommended_4_pushVictoryHeuristic,10,7,TwoSides.txt,Move 1 marble by 1 space in any direction.,Push a column of marbles by 1 space in any direction,Pushed out marbles are removed from play,You can push opposing marbles if you use more or equal marbles. Do not split your column while pushing the opponent.,Occupy all goals of your color.,Recommended_4_pushVictoryHeuristic,Recommended_4_ownColorVictoryHeuristic,"[1, 1, 1]",[],"[1, 1, 1]",[],1
-815598253,MultiverseMarbles,0,GAME_OVER,23,22,2,502,2,Recommended_4_ownColorVictoryHeuristic,2,1,1,Recommended_4_pushVictoryHeuristic,Recommended_4_ownColorVictoryHeuristic,-1.0,1.0,Recommended_4_pushVictoryHeuristic,10,10,TwoSides.txt,Move 1 marble by up to 3 spaces in any direction in a straight line.,Push a column of marbles by 1 space in any direction,Pushed out marbles return to the center. Remove any pre-existing marble.,"You can push your opposing marbles if you use an uneven number of marbles (1, 3 or 5). Do not split your column while pushing the opponent.",Occupy 1 goal of each color.,Recommended_4_pushVictoryHeuristic,Recommended_4_ownColorVictoryHeuristic,[],[],[],[],0
2110276287,MultiverseMarbles,0,GAME_OVER,39,38,2,503,2,Recommended_4_ownColorVictoryHeuristic,2,1,1,Recommended_4_pushVictoryHeuristic,Recommended_4_ownColorVictoryHeuristic,-1.0,1.0,Recommended_4_pushVictoryHeuristic,9,10,TwoSides.txt,Move 1 marble by up to 3 spaces in any direction in a straight line.,Push a column of marbles by 1 space in any direction,Pushed out marbles are removed from play,You can push opposing marbles if you use fewer or more marbles.,Occupy 3 non-neighbouring goals.,Recommended_4_pushVictoryHeuristic,Recommended_4_ownColorVictoryHeuristic,[],[0],[],[0],0
-2066950591,MultiverseMarbles,0,GAME_OVER,194,193,2,504,1,Recommended_4_ownColorVictoryHeuristic,1,2,2,Recommended_4_pushVictoryHeuristic,Recommended_4_ownColorVictoryHeuristic,1.0,-1.0,Recommended_4_pushVictoryHeuristic,10,10,TwoSides.txt,Jump over 1 marble or blocker or move a marble by 1 space in any direction,Push a column of marbles by 1 space in any direction,Pushed out marbles return to the center. Remove any pre-existing marble.,You can push opposing marbles if you use equal marbles. Do not split your column while pushing the opponent.,Occupy 1 goal of each color.,Recommended_4_pushVictoryHeuristic,Recommended_4_ownColorVictoryHeuristic,[],[],[],[],1
-983345474,MultiverseMarbles,0,GAME_OVER,79,78,2,505,2,Recommended_4_ownColorVictoryHeuristic,2,1,1,Recommended_4_pushVictoryHeuristic,Recommended_4_ownColorVictoryHeuristic,-1.0,1.0,Recommended_4_pushVictoryHeuristic,9,7,TwoSides.txt,Move 1 marble exactly 2 spaces in any direction.,Push a column of marbles by 1 space in any direction,"Pushed out marbles return to the center, if it is free. Else they are removed.",You can push opposing marbles if you use more marbles.,Occupy all goals of your color.,Recommended_4_pushVictoryHeuristic,Recommended_4_ownColorVictoryHeuristic,"[1, 1, 1]",[0],"[0, 1, 1, 0, 1]",[0],0
-4526276,MultiverseMarbles,0,GAME_OVER,47,46,2,506,2,Recommended_4_ownColorVictoryHeuristic,2,1,1,Recommended_4_pushVictoryHeuristic,Recommended_4_ownColorVictoryHeuristic,-1.0,1.0,Recommended_4_pushVictoryHeuristic,10,10,TwoSides.txt,Jump over 1 marble or blocker or move a marble by 1 space in any direction,Push a column of marbles by 1 space in any direction,"Pushed out marbles return to the center, if it is free. Else they are removed.",You can push opposing marbles if you use fewer or more marbles.,Occupy all goals of your color.,Recommended_4_pushVictoryHeuristic,Recommended_4_ownColorVictoryHeuristic,[],[],[0],[],0
-216729907,MultiverseMarbles,0,GAME_OVER,184,183,2,507,1,Recommended_4_ownColorVictoryHeuristic,1,2,2,Recommended_4_pushVictoryHeuristic,Recommended_4_ownColorVictoryHeuristic,1.0,-1.0,Recommended_4_pushVictoryHeuristic,10,7,TwoSides.txt,Move 1 marble exactly 2 spaces in any direction.,Push a column of marbles by 1 space in any direction,Pushed out marbles are removed from play,You can push opposing marbles if you use equal marbles. Do not split your column while pushing the opponent.,Push out 3 opposing marbles.,Recommended_4_pushVictoryHeuristic,Recommended_4_ownColorVictoryHeuristic,"[1, 1, 1]",[],"[1, 1, 1]",[],1
1574719807,MultiverseMarbles,0,GAME_OVER,74,73,2,508,1,Recommended_4_ownColorVictoryHeuristic,1,2,2,Recommended_4_pushVictoryHeuristic,Recommended_4_ownColorVictoryHeuristic,1.0,-1.0,Recommended_4_pushVictoryHeuristic,9,7,TwoSides.txt,Move 1 marble by up to 3 spaces in any direction in a straight line.,Push a column of marbles by 1 space in any direction,Pushed out marbles are removed from play,You can push opposing marbles if you use more or equal marbles. Do not split your column while pushing the opponent.,Push out 3 opposing marbles.,Recommended_4_pushVictoryHeuristic,Recommended_4_ownColorVictoryHeuristic,"[1, 1, 1]",[0],"[1, 1, 1]",[0],1
-1713847478,MultiverseMarbles,0,GAME_OVER,66,65,2,509,1,Recommended_4_ownColorVictoryHeuristic,1,2,2,Recommended_4_pushVictoryHeuristic,Recommended_4_ownColorVictoryHeuristic,1.0,-1.0,Recommended_4_pushVictoryHeuristic,10,9,TwoSides.txt,Move 1 marble by up to 3 spaces in any direction in a straight line.,Push a column of marbles by 1 space in any direction,Pushed out marbles return to the center. Remove any pre-existing marble.,You can push opposing marbles if you use fewer or more marbles.,Occupy 3 non-neighbouring goals.,Recommended_4_pushVictoryHeuristic,Recommended_4_ownColorVictoryHeuristic,[1],[],"[1, 1]",[],1
-1976319089,MultiverseMarbles,0,GAME_OVER,16,15,2,510,1,Recommended_4_ownColorVictoryHeuristic,1,2,2,Recommended_4_pushVictoryHeuristic,Recommended_4_ownColorVictoryHeuristic,1.0,-1.0,Recommended_4_pushVictoryHeuristic,10,10,TwoSides.txt,Move 1 marble by up to 3 spaces in any direction in a straight line.,Push a column of marbles by 1 space in any direction,Pushed out marbles are removed from play,You can push opposing marbles if you use equal marbles. Do not split your column while pushing the opponent.,Occupy 1 goal of each color.,Recommended_4_pushVictoryHeuristic,Recommended_4_ownColorVictoryHeuristic,[],[],[],[],1
-2131796781,MultiverseMarbles,0,GAME_OVER,103,102,2,511,2,Recommended_4_ownColorVictoryHeuristic,2,1,1,Recommended_4_pushVictoryHeuristic,Recommended_4_ownColorVictoryHeuristic,-1.0,1.0,Recommended_4_pushVictoryHeuristic,10,7,TwoSides.txt,Move 1 marble by 1 space in any direction.,Push a column of marbles by 1 space in any direction,Pushed out marbles are removed from play,You can push opposing marbles if you use more or equal marbles. Do not split your column while pushing the opponent.,Occupy 3 non-neighbouring goals.,Recommended_4_pushVictoryHeuristic,Recommended_4_ownColorVictoryHeuristic,"[1, 1, 1]",[],"[1, 1, 1]",[],0
1779048739,MultiverseMarbles,0,GAME_OVER,24,23,2,512,1,Recommended_4_ownColorVictoryHeuristic,1,2,2,Recommended_4_pushVictoryHeuristic,Recommended_4_ownColorVictoryHeuristic,1.0,-1.0,Recommended_4_pushVictoryHeuristic,10,10,TwoSides.txt,Jump over 1 marble or blocker or move a marble by 1 space in any direction,Push a column of marbles by 1 space in any direction,"Pushed out marbles return to the center, if it is free. Else they are removed.",You can push opposing marbles if you use equal marbles. Do not split your column while pushing the opponent.,Occupy 1 goal of each color.,Recommended_4_pushVictoryHeuristic,Recommended_4_ownColorVictoryHeuristic,[],[],[],[],1
1562152964,MultiverseMarbles,0,GAME_OVER,200,200,2,513,1,Recommended_4_ownColorVictoryHeuristic,1,1,1,Recommended_4_pushVictoryHeuristic,Recommended_4_ownColorVictoryHeuristic,-3.0,-3.0,Recommended_4_pushVictoryHeuristic,10,9,TwoSides.txt,Move 1 marble by up to 3 spaces in any direction in a straight line.,Push a column of marbles by 1 space in any direction,"Pushed out marbles return to the center, if it is free. Else they are removed.",You can push opposing marbles if you use equal marbles. Do not split your column while pushing the opponent.,Push out 3 opposing marbles.,Recommended_4_pushVictoryHeuristic,Recommended_4_ownColorVictoryHeuristic,[1],[],"[1, 1]",[],-1
270059829,MultiverseMarbles,0,GAME_OVER,37,36,2,514,2,Recommended_4_ownColorVictoryHeuristic,2,1,1,Recommended_4_pushVictoryHeuristic,Recommended_4_ownColorVictoryHeuristic,-1.0,1.0,Recommended_4_pushVictoryHeuristic,10,10,TwoSides.txt,Jump over 1 marble or blocker or move a marble by 1 space in any direction,Push a column of marbles by 1 space in any direction,"Pushed out marbles return to the center, if it is free. Else they are removed.",You can push opposing marbles if you use more marbles.,Occupy 1 goal of each color.,Recommended_4_pushVictoryHeuristic,Recommended_4_ownColorVictoryHeuristic,[],[],[1],[],0
-926384225,MultiverseMarbles,0,GAME_OVER,30,29,2,515,1,Recommended_4_ownColorVictoryHeuristic,1,2,2,Recommended_4_pushVictoryHeuristic,Recommended_4_ownColorVictoryHeuristic,1.0,-1.0,Recommended_4_pushVictoryHeuristic,10,8,TwoSides.txt,Move 1 marble by 1 space in any direction.,Push a column of marbles by 1 space in any direction,"Pushed out marbles return to the center, if it is free. Else they are removed.","You can push opposing marbles if you use an even number of marbles (2, 4 or 6). Do not split your column while pushing the opponent.",Push out 3 opposing marbles.,Recommended_4_pushVictoryHeuristic,Recommended_4_ownColorVictoryHeuristic,"[1, 1]",[],"[1, 1, 1]",[],1
-1328314967,MultiverseMarbles,0,GAME_OVER,21,20,2,516,2,Recommended_4_ownColorVictoryHeuristic,2,1,1,Recommended_4_pushVictoryHeuristic,Recommended_4_ownColorVictoryHeuristic,-1.0,1.0,Recommended_4_pushVictoryHeuristic,10,8,TwoSides.txt,Move 1 marble by up to 3 spaces in any direction in a straight line.,Push a column of marbles by 1 space in any direction,Pushed out marbles are removed from play,You can push opposing marbles if you use more marbles.,Occupy 1 goal of each color.,Recommended_4_pushVictoryHeuristic,Recommended_4_ownColorVictoryHeuristic,"[1, 1]",[],"[1, 1]",[],0
-1794392388,MultiverseMarbles,0,GAME_OVER,200,200,2,517,1,Recommended_4_ownColorVictoryHeuristic,1,1,1,Recommended_4_pushVictoryHeuristic,Recommended_4_ownColorVictoryHeuristic,-3.0,-3.0,Recommended_4_pushVictoryHeuristic,10,10,TwoSides.txt,Move 1 marble by 1 space in any direction.,Push a column of marbles by 1 space in any direction,"Pushed out marbles return to the center, if it is free. Else they are removed.",You can push opposing marbles if you use equal marbles. Do not split your column while pushing the opponent.,Occupy all goals of your color.,Recommended_4_pushVictoryHeuristic,Recommended_4_ownColorVictoryHeuristic,[],[],[1],[],-1
697560613,MultiverseMarbles,0,GAME_OVER,65,64,2,518,2,Recommended_4_ownColorVictoryHeuristic,2,1,1,Recommended_4_pushVictoryHeuristic,Recommended_4_ownColorVictoryHeuristic,-1.0,1.0,Recommended_4_pushVictoryHeuristic,10,10,TwoSides.txt,Move 1 marble exactly 2 spaces in any direction.,Push a column of marbles by 1 space in any direction,Pushed out marbles return to the center. Remove any pre-existing marble.,You can push opposing marbles if you use fewer or more marbles.,Occupy all goals of your color.,Recommended_4_pushVictoryHeuristic,Recommended_4_ownColorVictoryHeuristic,[],[],[0],[0],0
-1554531401,MultiverseMarbles,0,GAME_OVER,95,94,2,519,2,Recommended_4_ownColorVictoryHeuristic,2,1,1,Recommended_4_pushVictoryHeuristic,Recommended_4_ownColorVictoryHeuristic,-1.0,1.0,Recommended_4_pushVictoryHeuristic,10,7,TwoSides.txt,Move 1 marble by up to 3 spaces in any direction in a straight line.,Push a column of marbles by 1 space in any direction,Pushed out marbles are removed from play,You can push opposing marbles if you use fewer or more marbles.,Occupy all goals of your color.,Recommended_4_pushVictoryHeuristic,Recommended_4_ownColorVictoryHeuristic,"[1, 1, 1]",[],"[1, 1, 1]",[],0
1853893906,MultiverseMarbles,0,GAME_OVER,98,97,2,520,1,Recommended_4_ownColorVictoryHeuristic,1,2,2,Recommended_4_pushVictoryHeuristic,Recommended_4_ownColorVictoryHeuristic,1.0,-1.0,Recommended_4_pushVictoryHeuristic,10,8,TwoSides.txt,Move 1 marble by 1 space in any direction.,Push a column of marbles by 1 space in any direction,Pushed out marbles return to the center. Remove any pre-existing marble.,"You can push opposing marbles if you use an even number of marbles (2, 4 or 6). Do not split your column while pushing the opponent.",Push out 3 opposing marbles.,Recommended_4_pushVictoryHeuristic,Recommended_4_ownColorVictoryHeuristic,"[1, 1]",[],"[1, 1, 1]",[],1
-1337721364,MultiverseMarbles,0,GAME_OVER,32,31,2,521,1,Recommended_4_ownColorVictoryHeuristic,1,2,2,Recommended_4_pushVictoryHeuristic,Recommended_4_ownColorVictoryHeuristic,1.0,-1.0,Recommended_4_pushVictoryHeuristic,10,10,TwoSides.txt,Move 1 marble exactly 2 spaces in any direction.,Push a column of marbles by 1 space in any direction,"Pushed out marbles return to the center, if it is free. Else they are removed.",You can push opposing marbles if you use fewer or equal marbles. Do not split your column while pushing the opponent.,Occupy 3 non-neighbouring goals.,Recommended_4_pushVictoryHeuristic,Recommended_4_ownColorVictoryHeuristic,[],[],[],[],1
-713051166,MultiverseMarbles,0,GAME_OVER,67,66,2,522,2,Recommended_4_ownColorVictoryHeuristic,2,1,1,Recommended_4_pushVictoryHeuristic,Recommended_4_ownColorVictoryHeuristic,-1.0,1.0,Recommended_4_pushVictoryHeuristic,10,9,TwoSides.txt,Jump over 1 marble or blocker or move a marble by 1 space in any direction,Push a column of marbles by 1 space in any direction,Pushed out marbles are removed from play,You can push opposing marbles if you use equal marbles. Do not split your column while pushing the opponent.,Occupy all goals of your color.,Recommended_4_pushVictoryHeuristic,Recommended_4_ownColorVictoryHeuristic,[1],[],[1],[],0
-1483613300,MultiverseMarbles,0,GAME_OVER,156,155,2,523,1,Recommended_4_ownColorVictoryHeuristic,1,2,2,Recommended_4_pushVictoryHeuristic,Recommended_4_ownColorVictoryHeuristic,1.0,-1.0,Recommended_4_pushVictoryHeuristic,10,9,TwoSides.txt,Jump over 1 marble or blocker or move a marble by 1 space in any direction,Push a column of marbles by 1 space in any direction,"Pushed out marbles return to the center, if it is free. Else they are removed.",You can push opposing marbles if you use fewer or equal marbles. Do not split your column while pushing the opponent.,Push out 3 opposing marbles.,Recommended_4_pushVictoryHeuristic,Recommended_4_ownColorVictoryHeuristic,[1],[],"[1, 1, 1]",[],1
-1499468216,MultiverseMarbles,0,GAME_OVER,196,195,2,524,1,Recommended_4_ownColorVictoryHeuristic,1,2,2,Recommended_4_pushVictoryHeuristic,Recommended_4_ownColorVictoryHeuristic,1.0,-1.0,Recommended_4_pushVictoryHeuristic,10,10,TwoSides.txt,Move 1 marble by 1 space in any direction.,Push a column of marbles by 1 space in any direction,"Pushed out marbles return to the center, if it is free. Else they are removed.",You can push opposing marbles if you use equal marbles. Do not split your column while pushing the opponent.,Occupy 1 goal of each color.,Recommended_4_pushVictoryHeuristic,Recommended_4_ownColorVictoryHeuristic,[],[],"[1, 1]",[],1
739787273,MultiverseMarbles,0,GAME_OVER,37,36,2,525,2,Recommended_4_ownColorVictoryHeuristic,2,1,1,Recommended_4_pushVictoryHeuristic,Recommended_4_ownColorVictoryHeuristic,-1.0,1.0,Recommended_4_pushVictoryHeuristic,10,10,TwoSides.txt,Jump over 1 marble or blocker or move a marble by 1 space in any direction,Push a column of marbles by 1 space in any direction,Pushed out marbles are removed from play,You can push opposing marbles if you use more marbles.,Occupy 3 non-neighbouring goals.,Recommended_4_pushVictoryHeuristic,Recommended_4_ownColorVictoryHeuristic,[],[],[],[],0
-1782714297,MultiverseMarbles,0,GAME_OVER,50,49,2,526,1,Recommended_4_ownColorVictoryHeuristic,1,2,2,Recommended_4_pushVictoryHeuristic,Recommended_4_ownColorVictoryHeuristic,1.0,-1.0,Recommended_4_pushVictoryHeuristic,10,7,TwoSides.txt,Move 1 marble by 1 space in any direction.,Push a column of marbles by 1 space in any direction,Pushed out marbles return to the center. Remove any pre-existing marble.,You can push opposing marbles if you use more or equal marbles. Do not split your column while pushing the opponent.,Occupy 1 goal of each color.,Recommended_4_pushVictoryHeuristic,Recommended_4_ownColorVictoryHeuristic,"[1, 1]",[0],"[0, 1, 1]",[0],1
-646364434,MultiverseMarbles,0,GAME_OVER,36,35,2,527,1,Recommended_4_ownColorVictoryHeuristic,1,2,2,Recommended_4_pushVictoryHeuristic,Recommended_4_ownColorVictoryHeuristic,1.0,-1.0,Recommended_4_pushVictoryHeuristic,10,10,TwoSides.txt,Move 1 marble by up to 3 spaces in any direction in a straight line.,Push a column of marbles by 1 space in any direction,"Pushed out marbles return to the center, if it is free. Else they are removed.",You can push opposing marbles if you use equal marbles. Do not split your column while pushing the opponent.,Occupy all goals of your color.,Recommended_4_pushVictoryHeuristic,Recommended_4_ownColorVictoryHeuristic,[],[],[],[],1
1084719429,MultiverseMarbles,0,GAME_OVER,57,56,2,528,2,Recommended_4_ownColorVictoryHeuristic,2,1,1,Recommended_4_pushVictoryHeuristic,Recommended_4_ownColorVictoryHeuristic,-1.0,1.0,Recommended_4_pushVictoryHeuristic,10,10,TwoSides.txt,Move 1 marble exactly 2 spaces in any direction.,Push a column of marbles by 1 space in any direction,"Pushed out marbles return to the center, if it is free. Else they are removed.",You can push opposing marbles if you use fewer or equal marbles. Do not split your column while pushing the opponent.,Occupy 3 non-neighbouring goals.,Recommended_4_pushVictoryHeuristic,Recommended_4_ownColorVictoryHeuristic,[],[],[],[],0
1160060956,MultiverseMarbles,0,GAME_OVER,41,40,2,529,2,Recommended_4_ownColorVictoryHeuristic,2,1,1,Recommended_4_pushVictoryHeuristic,Recommended_4_ownColorVictoryHeuristic,-1.0,1.0,Recommended_4_pushVictoryHeuristic,10,10,TwoSides.txt,Move 1 marble exactly 2 spaces in any direction.,Push a column of marbles by 1 space in any direction,Pushed out marbles return to the center. Remove any pre-existing marble.,"You can push your opposing marbles if you use an uneven number of marbles (1, 3 or 5). Do not split your column while pushing the opponent.",Occupy 3 non-neighbouring goals.,Recommended_4_pushVictoryHeuristic,Recommended_4_ownColorVictoryHeuristic,[],[],[1],[0],0
-1070377338,MultiverseMarbles,0,GAME_OVER,32,31,2,530,1,Recommended_4_ownColorVictoryHeuristic,1,2,2,Recommended_4_pushVictoryHeuristic,Recommended_4_ownColorVictoryHeuristic,1.0,-1.0,Recommended_4_pushVictoryHeuristic,10,7,TwoSides.txt,Jump over 1 marble or blocker or move a marble by 1 space in any direction,Push a column of marbles by 1 space in any direction,"Pushed out marbles return to the center, if it is free. Else they are removed.","You can push opposing marbles if you use an even number of marbles (2, 4 or 6). Do not split your column while pushing the opponent.",Push out 3 opposing marbles.,Recommended_4_pushVictoryHeuristic,Recommended_4_ownColorVictoryHeuristic,"[1, 1, 1]",[],"[1, 1, 1]",[],1
-369041982,MultiverseMarbles,0,GAME_OVER,55,54,2,531,2,Recommended_4_ownColorVictoryHeuristic,2,1,1,Recommended_4_pushVictoryHeuristic,Recommended_4_ownColorVictoryHeuristic,-1.0,1.0,Recommended_4_pushVictoryHeuristic,10,10,TwoSides.txt,Move 1 marble exactly 2 spaces in any direction.,Push a column of marbles by 1 space in any direction,"Pushed out marbles return to the center, if it is free. Else they are removed.",You can push opposing marbles if you use more or equal marbles. Do not split your column while pushing the opponent.,Occupy all goals of your color.,Recommended_4_pushVictoryHeuristic,Recommended_4_ownColorVictoryHeuristic,[],[],"[0, 0]",[],0
1140185526,MultiverseMarbles,0,GAME_OVER,41,40,2,532,2,Recommended_4_ownColorVictoryHeuristic,2,1,1,Recommended_4_pushVictoryHeuristic,Recommended_4_ownColorVictoryHeuristic,-1.0,1.0,Recommended_4_pushVictoryHeuristic,10,10,TwoSides.txt,Jump over 1 marble or blocker or move a marble by 1 space in any direction,Push a column of marbles by 1 space in any direction,"Pushed out marbles return to the center, if it is free. Else they are removed.",You can push opposing marbles if you use fewer or more marbles.,Occupy 1 goal of each color.,Recommended_4_pushVictoryHeuristic,Recommended_4_ownColorVictoryHeuristic,[],[],[],[],0
473415057,MultiverseMarbles,0,GAME_OVER,25,24,2,533,2,Recommended_4_ownColorVictoryHeuristic,2,1,1,Recommended_4_pushVictoryHeuristic,Recommended_4_ownColorVictoryHeuristic,-1.0,1.0,Recommended_4_pushVictoryHeuristic,10,10,TwoSides.txt,Move 1 marble by up to 3 spaces in any direction in a straight line.,Push a column of marbles by 1 space in any direction,Pushed out marbles return to the center. Remove any pre-existing marble.,You can push opposing marbles if you use equal marbles. Do not split your column while pushing the opponent.,Occupy 3 non-neighbouring goals.,Recommended_4_pushVictoryHeuristic,Recommended_4_ownColorVictoryHeuristic,[],[],[],[],0
-1610347411,MultiverseMarbles,0,GAME_OVER,200,200,2,534,1,Recommended_4_ownColorVictoryHeuristic,1,1,1,Recommended_4_pushVictoryHeuristic,Recommended_4_ownColorVictoryHeuristic,-3.0,-3.0,Recommended_4_pushVictoryHeuristic,10,8,TwoSides.txt,Move 1 marble by 1 space in any direction.,Push a column of marbles by 1 space in any direction,Pushed out marbles are removed from play,You can push opposing marbles if you use fewer or equal marbles. Do not split your column while pushing the opponent.,Push out 3 opposing marbles.,Recommended_4_pushVictoryHeuristic,Recommended_4_ownColorVictoryHeuristic,"[1, 1]",[],"[1, 1]",[],-1
1587725811,MultiverseMarbles,0,GAME_OVER,21,20,2,535,2,Recommended_4_ownColorVictoryHeuristic,2,1,1,Recommended_4_pushVictoryHeuristic,Recommended_4_ownColorVictoryHeuristic,-1.0,1.0,Recommended_4_pushVictoryHeuristic,10,10,TwoSides.txt,Jump over 1 marble or blocker or move a marble by 1 space in any direction,Push a column of marbles by 1 space in any direction,Pushed out marbles are removed from play,You can push opposing marbles if you use more marbles.,Occupy 3 non-neighbouring goals.,Recommended_4_pushVictoryHeuristic,Recommended_4_ownColorVictoryHeuristic,[],[],[],[],0
-1593702437,MultiverseMarbles,0,GAME_OVER,13,12,2,536,2,Recommended_4_ownColorVictoryHeuristic,2,1,1,Recommended_4_pushVictoryHeuristic,Recommended_4_ownColorVictoryHeuristic,-1.0,1.0,Recommended_4_pushVictoryHeuristic,10,10,TwoSides.txt,Move 1 marble exactly 2 spaces in any direction.,Push a column of marbles by 1 space in any direction,Pushed out marbles return to the center. Remove any pre-existing marble.,"You can push opposing marbles if you use an even number of marbles (2, 4 or 6). Do not split your column while pushing the opponent.",Occupy 1 goal of each color.,Recommended_4_pushVictoryHeuristic,Recommended_4_ownColorVictoryHeuristic,[],[],[0],[],0
-1592563377,MultiverseMarbles,0,GAME_OVER,200,200,2,537,1,Recommended_4_ownColorVictoryHeuristic,1,1,1,Recommended_4_pushVictoryHeuristic,Recommended_4_ownColorVictoryHeuristic,-3.0,-3.0,Recommended_4_pushVictoryHeuristic,10,10,TwoSides.txt,Move 1 marble exactly 2 spaces in any direction.,Push a column of marbles by 1 space in any direction,"Pushed out marbles return to the center, if it is free. Else they are removed.",You can push opposing marbles if you use equal marbles. Do not split your column while pushing the opponent.,Push out 3 opposing marbles.,Recommended_4_pushVictoryHeuristic,Recommended_4_ownColorVictoryHeuristic,[],[],"[1, 1]",[],-1
1772998635,MultiverseMarbles,0,GAME_OVER,66,65,2,538,1,Recommended_4_ownColorVictoryHeuristic,1,2,2,Recommended_4_pushVictoryHeuristic,Recommended_4_ownColorVictoryHeuristic,1.0,-1.0,Recommended_4_pushVictoryHeuristic,10,9,TwoSides.txt,Move 1 marble by 1 space in any direction.,Push a column of marbles by 1 space in any direction,Pushed out marbles are removed from play,You can push opposing marbles if you use fewer or equal marbles. Do not split your column while pushing the opponent.,Occupy 1 goal of each color.,Recommended_4_pushVictoryHeuristic,Recommended_4_ownColorVictoryHeuristic,[1],[],[1],[],1
199677094,MultiverseMarbles,0,GAME_OVER,200,200,2,539,1,Recommended_4_ownColorVictoryHeuristic,1,1,1,Recommended_4_pushVictoryHeuristic,Recommended_4_ownColorVictoryHeuristic,-3.0,-3.0,Recommended_4_pushVictoryHeuristic,10,10,TwoSides.txt,Move 1 marble by up to 3 spaces in any direction in a straight line.,Push a column of marbles by 1 space in any direction,Pushed out marbles are removed from play,"You can push your opposing marbles if you use an uneven number of marbles (1, 3 or 5). Do not split your column while pushing the opponent.",Occupy all goals of your color.,Recommended_4_pushVictoryHeuristic,Recommended_4_ownColorVictoryHeuristic,[],[],[],[],-1
923517872,MultiverseMarbles,0,GAME_OVER,27,26,2,540,2,Recommended_4_ownColorVictoryHeuristic,2,1,1,Recommended_4_pushVictoryHeuristic,Recommended_4_ownColorVictoryHeuristic,-1.0,1.0,Recommended_4_pushVictoryHeuristic,9,8,TwoSides.txt,Move 1 marble exactly 2 spaces in any direction.,Push a column of marbles by 1 space in any direction,Pushed out marbles return to the center. Remove any pre-existing marble.,You can push opposing marbles if you use more or equal marbles. Do not split your column while pushing the opponent.,Occupy all goals of your color.,Recommended_4_pushVictoryHeuristic,Recommended_4_ownColorVictoryHeuristic,"[1, 1]",[0],"[1, 1, 1]","[0, 0]",0
416231944,MultiverseMarbles,0,GAME_OVER,123,122,2,541,2,Recommended_4_ownColorVictoryHeuristic,2,1,1,Recommended_4_pushVictoryHeuristic,Recommended_4_ownColorVictoryHeuristic,-1.0,1.0,Recommended_4_pushVictoryHeuristic,8,9,TwoSides.txt,Move 1 marble by up to 3 spaces in any direction in a straight line.,Push a column of marbles by 1 space in any direction,"Pushed out marbles return to the center, if it is free. Else they are removed.",You can push opposing marbles if you use more marbles.,Push out 3 opposing marbles.,Recommended_4_pushVictoryHeuristic,Recommended_4_ownColorVictoryHeuristic,[0],"[0, 0]","[0, 1]","[0, 0, 0]",0
-211783469,MultiverseMarbles,0,GAME_OVER,20,19,2,542,1,Recommended_4_ownColorVictoryHeuristic,1,2,2,Recommended_4_pushVictoryHeuristic,Recommended_4_ownColorVictoryHeuristic,1.0,-1.0,Recommended_4_pushVictoryHeuristic,10,10,TwoSides.txt,Move 1 marble exactly 2 spaces in any direction.,Push a column of marbles by 1 space in any direction,Pushed out marbles are removed from play,You can push opposing marbles if you use fewer or equal marbles. Do not split your column while pushing the opponent.,Occupy 3 non-neighbouring goals.,Recommended_4_pushVictoryHeuristic,Recommended_4_ownColorVictoryHeuristic,[],[],[],[],1
1227133617,MultiverseMarbles,0,GAME_OVER,22,21,2,543,1,Recommended_4_ownColorVictoryHeuristic,1,2,2,Recommended_4_pushVictoryHeuristic,Recommended_4_ownColorVictoryHeuristic,1.0,-1.0,Recommended_4_pushVictoryHeuristic,10,9,TwoSides.txt,Move 1 marble exactly 2 spaces in any direction.,Push a column of marbles by 1 space in any direction,Pushed out marbles are removed from play,You can push opposing marbles if you use more marbles.,Occupy 3 non-neighbouring goals.,Recommended_4_pushVictoryHeuristic,Recommended_4_ownColorVictoryHeuristic,[1],[],[1],[],1
1588004433,MultiverseMarbles,0,GAME_OVER,82,81,2,544,1,Recommended_4_ownColorVictoryHeuristic,1,2,2,Recommended_4_pushVictoryHeuristic,Recommended_4_ownColorVictoryHeuristic,1.0,-1.0,Recommended_4_pushVictoryHeuristic,10,7,TwoSides.txt,Jump over 1 marble or blocker or move a marble by 1 space in any direction,Push a column of marbles by 1 space in any direction,Pushed out marbles are removed from play,"You can push opposing marbles if you use an even number of marbles (2, 4 or 6). Do not split your column while pushing the opponent.",Occupy all goals of your color.,Recommended_4_pushVictoryHeuristic,Recommended_4_ownColorVictoryHeuristic,"[1, 1, 1]",[],"[1, 1, 1]",[],1
-1488581167,MultiverseMarbles,0,GAME_OVER,51,50,2,545,2,Recommended_4_ownColorVictoryHeuristic,2,1,1,Recommended_4_pushVictoryHeuristic,Recommended_4_ownColorVictoryHeuristic,-1.0,1.0,Recommended_4_pushVictoryHeuristic,9,7,TwoSides.txt,Move 1 marble by up to 3 spaces in any direction in a straight line.,Push a column of marbles by 1 space in any direction,Pushed out marbles are removed from play,You can push opposing marbles if you use more or equal marbles. Do not split your column while pushing the opponent.,Occupy all goals of your color.,Recommended_4_pushVictoryHeuristic,Recommended_4_ownColorVictoryHeuristic,"[1, 1, 1]",[0],"[1, 1, 1]",[0],0
-776101153,MultiverseMarbles,0,GAME_OVER,200,200,2,546,1,Recommended_4_ownColorVictoryHeuristic,1,1,1,Recommended_4_pushVictoryHeuristic,Recommended_4_ownColorVictoryHeuristic,-3.0,-3.0,Recommended_4_pushVictoryHeuristic,10,10,TwoSides.txt,Jump over 1 marble or blocker or move a marble by 1 space in any direction,Push a column of marbles by 1 space in any direction,Pushed out marbles return to the center. Remove any pre-existing marble.,You can push opposing marbles if you use equal marbles. Do not split your column while pushing the opponent.,Occupy all goals of your color.,Recommended_4_pushVictoryHeuristic,Recommended_4_ownColorVictoryHeuristic,[],[],[],[],-1
-1735443380,MultiverseMarbles,0,GAME_OVER,200,199,2,547,1,Recommended_4_ownColorVictoryHeuristic,1,2,2,Recommended_4_pushVictoryHeuristic,Recommended_4_ownColorVictoryHeuristic,1.0,-1.0,Recommended_4_pushVictoryHeuristic,10,10,TwoSides.txt,Move 1 marble by up to 3 spaces in any direction in a straight line.,Push a column of marbles by 1 space in any direction,Pushed out marbles return to the center. Remove any pre-existing marble.,You can push opposing marbles if you use fewer or equal marbles. Do not split your column while pushing the opponent.,Occupy 3 non-neighbouring goals.,Recommended_4_pushVictoryHeuristic,Recommended_4_ownColorVictoryHeuristic,[],[],[1],"[0, 0]",1
-1004710502,MultiverseMarbles,0,GAME_OVER,47,46,2,548,2,Recommended_4_ownColorVictoryHeuristic,2,1,1,Recommended_4_pushVictoryHeuristic,Recommended_4_ownColorVictoryHeuristic,-1.0,1.0,Recommended_4_pushVictoryHeuristic,9,9,TwoSides.txt,Move 1 marble by up to 3 spaces in any direction in a straight line.,Push a column of marbles by 1 space in any direction,Pushed out marbles are removed from play,"You can push your opposing marbles if you use an uneven number of marbles (1, 3 or 5). Do not split your column while pushing the opponent.",Occupy 3 non-neighbouring goals.,Recommended_4_pushVictoryHeuristic,Recommended_4_ownColorVictoryHeuristic,[1],[0],[1],[0],0
-1482070284,MultiverseMarbles,0,GAME_OVER,78,77,2,549,1,Recommended_4_ownColorVictoryHeuristic,1,2,2,Recommended_4_pushVictoryHeuristic,Recommended_4_ownColorVictoryHeuristic,1.0,-1.0,Recommended_4_pushVictoryHeuristic,10,7,TwoSides.txt,Move 1 marble by 1 space in any direction.,Push a column of marbles by 1 space in any direction,Pushed out marbles return to the center. Remove any pre-existing marble.,You can push opposing marbles if you use fewer or more marbles.,Occupy 1 goal of each color.,Recommended_4_pushVictoryHeuristic,Recommended_4_ownColorVictoryHeuristic,"[0, 1, 1]",[],"[0, 1, 1, 1]",[],1
1681222646,MultiverseMarbles,0,GAME_OVER,78,77,2,550,1,Recommended_4_ownColorVictoryHeuristic,1,2,2,Recommended_4_pushVictoryHeuristic,Recommended_4_ownColorVictoryHeuristic,1.0,-1.0,Recommended_4_pushVictoryHeuristic,10,9,TwoSides.txt,Move 1 marble exactly 2 spaces in any direction.,Push a column of marbles by 1 space in any direction,"Pushed out marbles return to the center, if it is free. Else they are removed.","You can push your opposing marbles if you use an uneven number of marbles (1, 3 or 5). Do not split your column while pushing the opponent.",Push out 3 opposing marbles.,Recommended_4_pushVictoryHeuristic,Recommended_4_ownColorVictoryHeuristic,[1],[],"[1, 1, 1]",[],1
-1806578679,MultiverseMarbles,0,GAME_OVER,101,100,2,551,2,Recommended_4_ownColorVictoryHeuristic,2,1,1,Recommended_4_pushVictoryHeuristic,Recommended_4_ownColorVictoryHeuristic,-1.0,1.0,Recommended_4_pushVictoryHeuristic,10,9,TwoSides.txt,Jump over 1 marble or blocker or move a marble by 1 space in any direction,Push a column of marbles by 1 space in any direction,"Pushed out marbles return to the center, if it is free. Else they are removed.",You can push opposing marbles if you use fewer or equal marbles. Do not split your column while pushing the opponent.,Occupy all goals of your color.,Recommended_4_pushVictoryHeuristic,Recommended_4_ownColorVictoryHeuristic,[1],[],"[1, 1, 1]",[],0
1059431949,MultiverseMarbles,0,GAME_OVER,109,108,2,552,2,Recommended_4_ownColorVictoryHeuristic,2,1,1,Recommended_4_pushVictoryHeuristic,Recommended_4_ownColorVictoryHeuristic,-1.0,1.0,Recommended_4_pushVictoryHeuristic,10,5,TwoSides.txt,Move 1 marble by 1 space in any direction.,Push a column of marbles by 1 space in any direction,Pushed out marbles are removed from play,You can push opposing marbles if you use more or equal marbles. Do not split your column while pushing the opponent.,Occupy all goals of your color.,Recommended_4_pushVictoryHeuristic,Recommended_4_ownColorVictoryHeuristic,"[0, 1, 1, 1, 1]",[],"[0, 1, 1, 1, 1]",[],0
-1326505467,MultiverseMarbles,0,GAME_OVER,34,33,2,553,1,Recommended_4_ownColorVictoryHeuristic,1,2,2,Recommended_4_pushVictoryHeuristic,Recommended_4_ownColorVictoryHeuristic,1.0,-1.0,Recommended_4_pushVictoryHeuristic,10,5,TwoSides.txt,Move 1 marble by up to 3 spaces in any direction in a straight line.,Push a column of marbles by 1 space in any direction,Pushed out marbles are removed from play,You can push opposing marbles if you use more or equal marbles. Do not split your column while pushing the opponent.,Occupy 1 goal of each color.,Recommended_4_pushVictoryHeuristic,Recommended_4_ownColorVictoryHeuristic,"[0, 1, 1, 1, 1]",[],"[0, 1, 1, 1, 1]",[],1
-2084261199,MultiverseMarbles,0,GAME_OVER,17,16,2,554,2,Recommended_4_ownColorVictoryHeuristic,2,1,1,Recommended_4_pushVictoryHeuristic,Recommended_4_ownColorVictoryHeuristic,-1.0,1.0,Recommended_4_pushVictoryHeuristic,10,10,TwoSides.txt,Jump over 1 marble or blocker or move a marble by 1 space in any direction,Push a column of marbles by 1 space in any direction,Pushed out marbles are removed from play,You can push opposing marbles if you use fewer or equal marbles. Do not split your column while pushing the opponent.,Occupy 1 goal of each color.,Recommended_4_pushVictoryHeuristic,Recommended_4_ownColorVictoryHeuristic,[],[],[],[],0
1668038913,MultiverseMarbles,0,GAME_OVER,43,42,2,555,2,Recommended_4_ownColorVictoryHeuristic,2,1,1,Recommended_4_pushVictoryHeuristic,Recommended_4_ownColorVictoryHeuristic,-1.0,1.0,Recommended_4_pushVictoryHeuristic,8,9,TwoSides.txt,Move 1 marble exactly 2 spaces in any direction.,Push a column of marbles by 1 space in any direction,"Pushed out marbles return to the center, if it is free. Else they are removed.",You can push opposing marbles if you use more or equal marbles. Do not split your column while pushing the opponent.,Push out 3 opposing marbles.,Recommended_4_pushVictoryHeuristic,Recommended_4_ownColorVictoryHeuristic,[1],"[0, 0]",[1],"[0, 0, 0]",0
840824568,MultiverseMarbles,0,GAME_OVER,120,119,2,556,1,Recommended_4_ownColorVictoryHeuristic,1,2,2,Recommended_4_pushVictoryHeuristic,Recommended_4_ownColorVictoryHeuristic,1.0,-1.0,Recommended_4_pushVictoryHeuristic,9,7,TwoSides.txt,Move 1 marble by 1 space in any direction.,Push a column of marbles by 1 space in any direction,"Pushed out marbles return to the center, if it is free. Else they are removed.",You can push opposing marbles if you use fewer or more marbles.,Push out 3 opposing marbles.,Recommended_4_pushVictoryHeuristic,Recommended_4_ownColorVictoryHeuristic,"[0, 1, 1]",[0],"[1, 0, 1, 1]","[0, 0]",1
215052595,MultiverseMarbles,0,GAME_OVER,50,49,2,557,1,Recommended_4_ownColorVictoryHeuristic,1,2,2,Recommended_4_pushVictoryHeuristic,Recommended_4_ownColorVictoryHeuristic,1.0,-1.0,Recommended_4_pushVictoryHeuristic,8,7,TwoSides.txt,Move 1 marble exactly 2 spaces in any direction.,Push a column of marbles by 1 space in any direction,Pushed out marbles return to the center. Remove any pre-existing marble.,You can push opposing marbles if you use more or equal marbles. Do not split your column while pushing the opponent.,Occupy 1 goal of each color.,Recommended_4_pushVictoryHeuristic,Recommended_4_ownColorVictoryHeuristic,"[0, 0]","[1, 1, 1]","[0, 1, 0, 0, 0, 0, 1]","[1, 1, 1]",1
-1355828965,MultiverseMarbles,0,GAME_OVER,200,200,2,558,1,Recommended_4_ownColorVictoryHeuristic,1,1,1,Recommended_4_pushVictoryHeuristic,Recommended_4_ownColorVictoryHeuristic,-3.0,-3.0,Recommended_4_pushVictoryHeuristic,10,9,TwoSides.txt,Jump over 1 marble or blocker or move a marble by 1 space in any direction,Push a column of marbles by 1 space in any direction,Pushed out marbles are removed from play,You can push opposing marbles if you use equal marbles. Do not split your column while pushing the opponent.,Push out 3 opposing marbles.,Recommended_4_pushVictoryHeuristic,Recommended_4_ownColorVictoryHeuristic,[1],[],[1],[],-1
-698182577,MultiverseMarbles,0,GAME_OVER,19,18,2,559,2,Recommended_4_ownColorVictoryHeuristic,2,1,1,Recommended_4_pushVictoryHeuristic,Recommended_4_ownColorVictoryHeuristic,-1.0,1.0,Recommended_4_pushVictoryHeuristic,9,9,TwoSides.txt,Move 1 marble by up to 3 spaces in any direction in a straight line.,Push a column of marbles by 1 space in any direction,Pushed out marbles return to the center. Remove any pre-existing marble.,You can push opposing marbles if you use more or equal marbles. Do not split your column while pushing the opponent.,Occupy 3 non-neighbouring goals.,Recommended_4_pushVictoryHeuristic,Recommended_4_ownColorVictoryHeuristic,"[1, 1]",[],"[1, 1]",[],0
-805303081,MultiverseMarbles,0,GAME_OVER,70,69,2,560,1,Recommended_4_ownColorVictoryHeuristic,1,2,2,Recommended_4_pushVictoryHeuristic,Recommended_4_ownColorVictoryHeuristic,1.0,-1.0,Recommended_4_pushVictoryHeuristic,8,7,TwoSides.txt,Move 1 marble by up to 3 spaces in any direction in a straight line.,Push a column of marbles by 1 space in any direction,Pushed out marbles are removed from play,You can push opposing marbles if you use more or equal marbles. Do not split your column while pushing the opponent.,Push out 3 opposing marbles.,Recommended_4_pushVictoryHeuristic,Recommended_4_ownColorVictoryHeuristic,"[1, 1, 1]","[0, 0]","[1, 1, 1]","[0, 0]",1
-324532001,MultiverseMarbles,0,GAME_OVER,32,31,2,561,1,Recommended_4_ownColorVictoryHeuristic,1,2,2,Recommended_4_pushVictoryHeuristic,Recommended_4_ownColorVictoryHeuristic,1.0,-1.0,Recommended_4_pushVictoryHeuristic,10,8,TwoSides.txt,Move 1 marble by 1 space in any direction.,Push a column of marbles by 1 space in any direction,Pushed out marbles return to the center. Remove any pre-existing marble.,You can push opposing marbles if you use more marbles.,Occupy 1 goal of each color.,Recommended_4_pushVictoryHeuristic,Recommended_4_ownColorVictoryHeuristic,"[0, 1]",[],"[0, 0, 1, 1]",[],1
-2127933512,MultiverseMarbles,0,GAME_OVER,108,107,2,562,1,Recommended_4_ownColorVictoryHeuristic,1,2,2,Recommended_4_pushVictoryHeuristic,Recommended_4_ownColorVictoryHeuristic,1.0,-1.0,Recommended_4_pushVictoryHeuristic,10,9,TwoSides.txt,Jump over 1 marble or blocker or move a marble by 1 space in any direction,Push a column of marbles by 1 space in any direction,"Pushed out marbles return to the center, if it is free. Else they are removed.",You can push opposing marbles if you use fewer or equal marbles. Do not split your column while pushing the opponent.,Push out 3 opposing marbles.,Recommended_4_pushVictoryHeuristic,Recommended_4_ownColorVictoryHeuristic,[1],[],"[1, 1, 1]",[],1
1474367938,MultiverseMarbles,0,GAME_OVER,38,37,2,563,1,Recommended_4_ownColorVictoryHeuristic,1,2,2,Recommended_4_pushVictoryHeuristic,Recommended_4_ownColorVictoryHeuristic,1.0,-1.0,Recommended_4_pushVictoryHeuristic,10,10,TwoSides.txt,Move 1 marble exactly 2 spaces in any direction.,Push a column of marbles by 1 space in any direction,"Pushed out marbles return to the center, if it is free. Else they are removed.",You can push opposing marbles if you use equal marbles. Do not split your column while pushing the opponent.,Occupy 3 non-neighbouring goals.,Recommended_4_pushVictoryHeuristic,Recommended_4_ownColorVictoryHeuristic,[],[],[],[],1
402451958,MultiverseMarbles,0,GAME_OVER,37,36,2,564,2,Recommended_4_ownColorVictoryHeuristic,2,1,1,Recommended_4_pushVictoryHeuristic,Recommended_4_ownColorVictoryHeuristic,-1.0,1.0,Recommended_4_pushVictoryHeuristic,9,10,TwoSides.txt,Move 1 marble by up to 3 spaces in any direction in a straight line.,Push a column of marbles by 1 space in any direction,"Pushed out marbles return to the center, if it is free. Else they are removed.",You can push opposing marbles if you use more marbles.,Occupy 1 goal of each color.,Recommended_4_pushVictoryHeuristic,Recommended_4_ownColorVictoryHeuristic,[],[0],"[0, 1]",[0],0
1539803506,MultiverseMarbles,0,GAME_OVER,76,75,2,565,1,Recommended_4_ownColorVictoryHeuristic,1,2,2,Recommended_4_pushVictoryHeuristic,Recommended_4_ownColorVictoryHeuristic,1.0,-1.0,Recommended_4_pushVictoryHeuristic,10,7,TwoSides.txt,Move 1 marble by up to 3 spaces in any direction in a straight line.,Push a column of marbles by 1 space in any direction,"Pushed out marbles return to the center, if it is free. Else they are removed.",You can push opposing marbles if you use fewer or equal marbles. Do not split your column while pushing the opponent.,Push out 3 opposing marbles.,Recommended_4_pushVictoryHeuristic,Recommended_4_ownColorVictoryHeuristic,"[1, 1, 1]",[],"[1, 1, 1]",[],1
58502344,MultiverseMarbles,0,GAME_OVER,15,14,2,566,2,Recommended_4_ownColorVictoryHeuristic,2,1,1,Recommended_4_pushVictoryHeuristic,Recommended_4_ownColorVictoryHeuristic,-1.0,1.0,Recommended_4_pushVictoryHeuristic,10,10,TwoSides.txt,Move 1 marble exactly 2 spaces in any direction.,Push a column of marbles by 1 space in any direction,Pushed out marbles return to the center. Remove any pre-existing marble.,You can push opposing marbles if you use equal marbles. Do not split your column while pushing the opponent.,Occupy 1 goal of each color.,Recommended_4_pushVictoryHeuristic,Recommended_4_ownColorVictoryHeuristic,[],[],[],[],0
-813627443,MultiverseMarbles,0,GAME_OVER,78,77,2,567,1,Recommended_4_ownColorVictoryHeuristic,1,2,2,Recommended_4_pushVictoryHeuristic,Recommended_4_ownColorVictoryHeuristic,1.0,-1.0,Recommended_4_pushVictoryHeuristic,9,8,TwoSides.txt,Jump over 1 marble or blocker or move a marble by 1 space in any direction,Push a column of marbles by 1 space in any direction,"Pushed out marbles return to the center, if it is free. Else they are removed.",You can push opposing marbles if you use more marbles.,Occupy all goals of your color.,Recommended_4_pushVictoryHeuristic,Recommended_4_ownColorVictoryHeuristic,"[1, 1]",[0],"[1, 1]",[0],1
-431946406,MultiverseMarbles,0,GAME_OVER,64,63,2,568,1,Recommended_4_ownColorVictoryHeuristic,1,2,2,Recommended_4_pushVictoryHeuristic,Recommended_4_ownColorVictoryHeuristic,1.0,-1.0,Recommended_4_pushVictoryHeuristic,10,9,TwoSides.txt,Move 1 marble by 1 space in any direction.,Push a column of marbles by 1 space in any direction,Pushed out marbles return to the center. Remove any pre-existing marble.,You can push opposing marbles if you use more marbles.,Occupy 3 non-neighbouring goals.,Recommended_4_pushVictoryHeuristic,Recommended_4_ownColorVictoryHeuristic,[0],[],"[1, 0]",[],1
2089628267,MultiverseMarbles,0,GAME_OVER,82,81,2,569,1,Recommended_4_ownColorVictoryHeuristic,1,2,2,Recommended_4_pushVictoryHeuristic,Recommended_4_ownColorVictoryHeuristic,1.0,-1.0,Recommended_4_pushVictoryHeuristic,10,7,TwoSides.txt,Jump over 1 marble or blocker or move a marble by 1 space in any direction,Push a column of marbles by 1 space in any direction,Pushed out marbles return to the center. Remove any pre-existing marble.,You can push opposing marbles if you use fewer or more marbles.,Occupy all goals of your color.,Recommended_4_pushVictoryHeuristic,Recommended_4_ownColorVictoryHeuristic,"[0, 1, 1]",[],"[0, 1, 1, 1, 1]",[],1
-1638771764,MultiverseMarbles,0,GAME_OVER,42,41,2,570,1,Recommended_4_ownColorVictoryHeuristic,1,2,2,Recommended_4_pushVictoryHeuristic,Recommended_4_ownColorVictoryHeuristic,1.0,-1.0,Recommended_4_pushVictoryHeuristic,9,10,TwoSides.txt,Move 1 marble by 1 space in any direction.,Push a column of marbles by 1 space in any direction,Pushed out marbles return to the center. Remove any pre-existing marble.,You can push opposing marbles if you use fewer or more marbles.,Push out 3 opposing marbles.,Recommended_4_pushVictoryHeuristic,Recommended_4_ownColorVictoryHeuristic,[1],[],"[1, 1, 1]",[],1
1477706434,MultiverseMarbles,0,GAME_OVER,79,78,2,571,2,Recommended_4_ownColorVictoryHeuristic,2,1,1,Recommended_4_pushVictoryHeuristic,Recommended_4_ownColorVictoryHeuristic,-1.0,1.0,Recommended_4_pushVictoryHeuristic,10,10,TwoSides.txt,Move 1 marble exactly 2 spaces in any direction.,Push a column of marbles by 1 space in any direction,Pushed out marbles return to the center. Remove any pre-existing marble.,You can push opposing marbles if you use more marbles.,Occupy all goals of your color.,Recommended_4_pushVictoryHeuristic,Recommended_4_ownColorVictoryHeuristic,[],[],[1],[0],0
-719515679,MultiverseMarbles,0,GAME_OVER,200,200,2,572,1,Recommended_4_ownColorVictoryHeuristic,1,1,1,Recommended_4_pushVictoryHeuristic,Recommended_4_ownColorVictoryHeuristic,-3.0,-3.0,Recommended_4_pushVictoryHeuristic,10,8,TwoSides.txt,Move 1 marble by up to 3 spaces in any direction in a straight line.,Push a column of marbles by 1 space in any direction,Pushed out marbles are removed from play,You can push opposing marbles if you use fewer or equal marbles. Do not split your column while pushing the opponent.,Push out 3 opposing marbles.,Recommended_4_pushVictoryHeuristic,Recommended_4_ownColorVictoryHeuristic,"[1, 1]",[],"[1, 1]",[],-1
17445558,MultiverseMarbles,0,GAME_OVER,12,11,2,573,1,Recommended_4_ownColorVictoryHeuristic,1,2,2,Recommended_4_pushVictoryHeuristic,Recommended_4_ownColorVictoryHeuristic,1.0,-1.0,Recommended_4_pushVictoryHeuristic,10,10,TwoSides.txt,Move 1 marble by up to 3 spaces in any direction in a straight line.,Push a column of marbles by 1 space in any direction,Pushed out marbles are removed from play,"You can push opposing marbles if you use an even number of marbles (2, 4 or 6). Do not split your column while pushing the opponent.",Occupy 1 goal of each color.,Recommended_4_pushVictoryHeuristic,Recommended_4_ownColorVictoryHeuristic,[],[],[],[],1
1220995401,MultiverseMarbles,0,GAME_OVER,19,18,2,574,2,Recommended_4_ownColorVictoryHeuristic,2,1,1,Recommended_4_pushVictoryHeuristic,Recommended_4_ownColorVictoryHeuristic,-1.0,1.0,Recommended_4_pushVictoryHeuristic,10,10,TwoSides.txt,Move 1 marble exactly 2 spaces in any direction.,Push a column of marbles by 1 space in any direction,Pushed out marbles are removed from play,You can push opposing marbles if you use equal marbles. Do not split your column while pushing the opponent.,Occupy 3 non-neighbouring goals.,Recommended_4_pushVictoryHeuristic,Recommended_4_ownColorVictoryHeuristic,[],[],[],[],0
-1635055809,MultiverseMarbles,0,GAME_OVER,67,66,2,575,2,Recommended_4_ownColorVictoryHeuristic,2,1,1,Recommended_4_pushVictoryHeuristic,Recommended_4_ownColorVictoryHeuristic,-1.0,1.0,Recommended_4_pushVictoryHeuristic,9,8,TwoSides.txt,Jump over 1 marble or blocker or move a marble by 1 space in any direction,Push a column of marbles by 1 space in any direction,Pushed out marbles are removed from play,You can push opposing marbles if you use more marbles.,Occupy all goals of your color.,Recommended_4_pushVictoryHeuristic,Recommended_4_ownColorVictoryHeuristic,"[1, 1]",[0],"[1, 1]",[0],0
-554813528,MultiverseMarbles,0,GAME_OVER,200,200,2,576,1,Recommended_4_ownColorVictoryHeuristic,1,1,1,Recommended_4_pushVictoryHeuristic,Recommended_4_ownColorVictoryHeuristic,-3.0,-3.0,Recommended_4_pushVictoryHeuristic,10,9,TwoSides.txt,Jump over 1 marble or blocker or move a marble by 1 space in any direction,Push a column of marbles by 1 space in any direction,Pushed out marbles are removed from play,You can push opposing marbles if you use equal marbles. Do not split your column while pushing the opponent.,Push out 3 opposing marbles.,Recommended_4_pushVictoryHeuristic,Recommended_4_ownColorVictoryHeuristic,[1],[],[1],[],-1
-1683805628,MultiverseMarbles,0,GAME_OVER,19,18,2,577,2,Recommended_4_ownColorVictoryHeuristic,2,1,1,Recommended_4_pushVictoryHeuristic,Recommended_4_ownColorVictoryHeuristic,-1.0,1.0,Recommended_4_pushVictoryHeuristic,10,10,TwoSides.txt,Move 1 marble by up to 3 spaces in any direction in a straight line.,Push a column of marbles by 1 space in any direction,Pushed out marbles return to the center. Remove any pre-existing marble.,"You can push your opposing marbles if you use an uneven number of marbles (1, 3 or 5). Do not split your column while pushing the opponent.",Occupy 1 goal of each color.,Recommended_4_pushVictoryHeuristic,Recommended_4_ownColorVictoryHeuristic,[],[],[],[],0
-1750380853,MultiverseMarbles,0,GAME_OVER,67,66,2,578,2,Recommended_4_ownColorVictoryHeuristic,2,1,1,Recommended_4_pushVictoryHeuristic,Recommended_4_ownColorVictoryHeuristic,-1.0,1.0,Recommended_4_pushVictoryHeuristic,10,8,TwoSides.txt,Move 1 marble by up to 3 spaces in any direction in a straight line.,Push a column of marbles by 1 space in any direction,Pushed out marbles are removed from play,You can push opposing marbles if you use more or equal marbles. Do not split your column while pushing the opponent.,Occupy all goals of your color.,Recommended_4_pushVictoryHeuristic,Recommended_4_ownColorVictoryHeuristic,"[1, 1]",[],"[1, 1]",[],0
-168656920,MultiverseMarbles,0,GAME_OVER,61,60,2,579,2,Recommended_4_ownColorVictoryHeuristic,2,1,1,Recommended_4_pushVictoryHeuristic,Recommended_4_ownColorVictoryHeuristic,-1.0,1.0,Recommended_4_pushVictoryHeuristic,10,10,TwoSides.txt,Move 1 marble by 1 space in any direction.,Push a column of marbles by 1 space in any direction,"Pushed out marbles return to the center, if it is free. Else they are removed.","You can push opposing marbles if you use an even number of marbles (2, 4 or 6). Do not split your column while pushing the opponent.",Occupy all goals of your color.,Recommended_4_pushVictoryHeuristic,Recommended_4_ownColorVictoryHeuristic,[],[],"[1, 1]",[0],0
1910636972,MultiverseMarbles,0,GAME_OVER,72,71,2,580,1,Recommended_4_ownColorVictoryHeuristic,1,2,2,Recommended_4_pushVictoryHeuristic,Recommended_4_ownColorVictoryHeuristic,1.0,-1.0,Recommended_4_pushVictoryHeuristic,10,8,TwoSides.txt,Move 1 marble by up to 3 spaces in any direction in a straight line.,Push a column of marbles by 1 space in any direction,Pushed out marbles return to the center. Remove any pre-existing marble.,You can push opposing marbles if you use more marbles.,Push out 3 opposing marbles.,Recommended_4_pushVictoryHeuristic,Recommended_4_ownColorVictoryHeuristic,"[1, 1]",[],"[1, 1, 1]",[],1
-1137856297,MultiverseMarbles,0,GAME_OVER,31,30,2,581,2,Recommended_4_ownColorVictoryHeuristic,2,1,1,Recommended_4_pushVictoryHeuristic,Recommended_4_ownColorVictoryHeuristic,-1.0,1.0,Recommended_4_pushVictoryHeuristic,10,10,TwoSides.txt,Move 1 marble by up to 3 spaces in any direction in a straight line.,Push a column of marbles by 1 space in any direction,"Pushed out marbles return to the center, if it is free. Else they are removed.",You can push opposing marbles if you use fewer or more marbles.,Occupy 3 non-neighbouring goals.,Recommended_4_pushVictoryHeuristic,Recommended_4_ownColorVictoryHeuristic,[],[],[],[],0
-307592404,MultiverseMarbles,0,GAME_OVER,60,59,2,582,1,Recommended_4_ownColorVictoryHeuristic,1,2,2,Recommended_4_pushVictoryHeuristic,Recommended_4_ownColorVictoryHeuristic,1.0,-1.0,Recommended_4_pushVictoryHeuristic,10,9,TwoSides.txt,Move 1 marble by 1 space in any direction.,Push a column of marbles by 1 space in any direction,Pushed out marbles return to the center. Remove any pre-existing marble.,You can push opposing marbles if you use more or equal marbles. Do not split your column while pushing the opponent.,Occupy all goals of your color.,Recommended_4_pushVictoryHeuristic,Recommended_4_ownColorVictoryHeuristic,[1],[],"[0, 1]",[],1
-1353526698,MultiverseMarbles,0,GAME_OVER,22,21,2,583,1,Recommended_4_ownColorVictoryHeuristic,1,2,2,Recommended_4_pushVictoryHeuristic,Recommended_4_ownColorVictoryHeuristic,1.0,-1.0,Recommended_4_pushVictoryHeuristic,10,10,TwoSides.txt,Move 1 marble by 1 space in any direction.,Push a column of marbles by 1 space in any direction,Pushed out marbles are removed from play,You can push opposing marbles if you use fewer or equal marbles. Do not split your column while pushing the opponent.,Occupy 3 non-neighbouring goals.,Recommended_4_pushVictoryHeuristic,Recommended_4_ownColorVictoryHeuristic,[],[],[],[],1
-1990659661,MultiverseMarbles,0,GAME_OVER,36,35,2,584,1,Recommended_4_ownColorVictoryHeuristic,1,2,2,Recommended_4_pushVictoryHeuristic,Recommended_4_ownColorVictoryHeuristic,1.0,-1.0,Recommended_4_pushVictoryHeuristic,10,9,TwoSides.txt,Jump over 1 marble or blocker or move a marble by 1 space in any direction,Push a column of marbles by 1 space in any direction,"Pushed out marbles return to the center, if it is free. Else they are removed.",You can push opposing marbles if you use fewer or more marbles.,Occupy 3 non-neighbouring goals.,Recommended_4_pushVictoryHeuristic,Recommended_4_ownColorVictoryHeuristic,[1],[],[1],[],1
-866191843,MultiverseMarbles,0,GAME_OVER,60,59,2,585,1,Recommended_4_ownColorVictoryHeuristic,1,2,2,Recommended_4_pushVictoryHeuristic,Recommended_4_ownColorVictoryHeuristic,1.0,-1.0,Recommended_4_pushVictoryHeuristic,10,7,TwoSides.txt,Move 1 marble exactly 2 spaces in any direction.,Push a column of marbles by 1 space in any direction,Pushed out marbles are removed from play,You can push opposing marbles if you use fewer or more marbles.,Push out 3 opposing marbles.,Recommended_4_pushVictoryHeuristic,Recommended_4_ownColorVictoryHeuristic,"[1, 1, 1]",[],"[1, 1, 1]",[],1
-2069511402,MultiverseMarbles,0,GAME_OVER,200,200,2,586,1,Recommended_4_ownColorVictoryHeuristic,1,1,1,Recommended_4_pushVictoryHeuristic,Recommended_4_ownColorVictoryHeuristic,-3.0,-3.0,Recommended_4_pushVictoryHeuristic,10,10,TwoSides.txt,Move 1 marble by up to 3 spaces in any direction in a straight line.,Push a column of marbles by 1 space in any direction,Pushed out marbles are removed from play,"You can push your opposing marbles if you use an uneven number of marbles (1, 3 or 5). Do not split your column while pushing the opponent.",Occupy 1 goal of each color.,Recommended_4_pushVictoryHeuristic,Recommended_4_ownColorVictoryHeuristic,[],[],[],[],-1
1288752974,MultiverseMarbles,0,GAME_OVER,46,45,2,587,1,Recommended_4_ownColorVictoryHeuristic,1,2,2,Recommended_4_pushVictoryHeuristic,Recommended_4_ownColorVictoryHeuristic,1.0,-1.0,Recommended_4_pushVictoryHeuristic,10,10,TwoSides.txt,Move 1 marble by up to 3 spaces in any direction in a straight line.,Push a column of marbles by 1 space in any direction,Pushed out marbles return to the center. Remove any pre-existing marble.,"You can push opposing marbles if you use an even number of marbles (2, 4 or 6). Do not split your column while pushing the opponent.",Occupy 3 non-neighbouring goals.,Recommended_4_pushVictoryHeuristic,Recommended_4_ownColorVictoryHeuristic,[],[],[1],[],1
527763564,MultiverseMarbles,0,GAME_OVER,20,19,2,588,1,Recommended_4_ownColorVictoryHeuristic,1,2,2,Recommended_4_pushVictoryHeuristic,Recommended_4_ownColorVictoryHeuristic,1.0,-1.0,Recommended_4_pushVictoryHeuristic,10,10,TwoSides.txt,Jump over 1 marble or blocker or move a marble by 1 space in any direction,Push a column of marbles by 1 space in any direction,Pushed out marbles return to the center. Remove any pre-existing marble.,"You can push your opposing marbles if you use an uneven number of marbles (1, 3 or 5). Do not split your column while pushing the opponent.",Occupy 3 non-neighbouring goals.,Recommended_4_pushVictoryHeuristic,Recommended_4_ownColorVictoryHeuristic,[],[],[],[],1
268160768,MultiverseMarbles,0,GAME_OVER,200,200,2,589,1,Recommended_4_ownColorVictoryHeuristic,1,1,1,Recommended_4_pushVictoryHeuristic,Recommended_4_ownColorVictoryHeuristic,-3.0,-3.0,Recommended_4_pushVictoryHeuristic,10,8,TwoSides.txt,Move 1 marble exactly 2 spaces in any direction.,Push a column of marbles by 1 space in any direction,"Pushed out marbles return to the center, if it is free. Else they are removed.",You can push opposing marbles if you use fewer or equal marbles. Do not split your column while pushing the opponent.,Push out 3 opposing marbles.,Recommended_4_pushVictoryHeuristic,Recommended_4_ownColorVictoryHeuristic,"[1, 1]",[],"[1, 1]",[],-1
798207429,MultiverseMarbles,0,GAME_OVER,23,22,2,590,2,Recommended_4_ownColorVictoryHeuristic,2,1,1,Recommended_4_pushVictoryHeuristic,Recommended_4_ownColorVictoryHeuristic,-1.0,1.0,Recommended_4_pushVictoryHeuristic,10,10,TwoSides.txt,Move 1 marble by up to 3 spaces in any direction in a straight line.,Push a column of marbles by 1 space in any direction,Pushed out marbles return to the center. Remove any pre-existing marble.,"You can push opposing marbles if you use an even number of marbles (2, 4 or 6). Do not split your column while pushing the opponent.",Occupy 1 goal of each color.,Recommended_4_pushVictoryHeuristic,Recommended_4_ownColorVictoryHeuristic,[],[],[0],[],0
1701343797,MultiverseMarbles,0,GAME_OVER,65,64,2,591,2,Recommended_4_ownColorVictoryHeuristic,2,1,1,Recommended_4_pushVictoryHeuristic,Recommended_4_ownColorVictoryHeuristic,-1.0,1.0,Recommended_4_pushVictoryHeuristic,9,9,TwoSides.txt,Jump over 1 marble or blocker or move a marble by 1 space in any direction,Push a column of marbles by 1 space in any direction,Pushed out marbles are removed from play,You can push opposing marbles if you use more marbles.,Occupy all goals of your color.,Recommended_4_pushVictoryHeuristic,Recommended_4_ownColorVictoryHeuristic,[0],[0],[0],[0],0
42958805,MultiverseMarbles,0,GAME_OVER,23,22,2,592,2,Recommended_4_ownColorVictoryHeuristic,2,1,1,Recommended_4_pushVictoryHeuristic,Recommended_4_ownColorVictoryHeuristic,-1.0,1.0,Recommended_4_pushVictoryHeuristic,9,10,TwoSides.txt,Jump over 1 marble or blocker or move a marble by 1 space in any direction,Push a column of marbles by 1 space in any direction,Pushed out marbles return to the center. Remove any pre-existing marble.,You can push opposing marbles if you use more or equal marbles. Do not split your column while pushing the opponent.,Occupy 1 goal of each color.,Recommended_4_pushVictoryHeuristic,Recommended_4_ownColorVictoryHeuristic,[],[0],[0],"[0, 0]",0
-1284783044,MultiverseMarbles,0,GAME_OVER,47,46,2,593,2,Recommended_4_ownColorVictoryHeuristic,2,1,1,Recommended_4_pushVictoryHeuristic,Recommended_4_ownColorVictoryHeuristic,-1.0,1.0,Recommended_4_pushVictoryHeuristic,10,10,TwoSides.txt,Move 1 marble by 1 space in any direction.,Push a column of marbles by 1 space in any direction,"Pushed out marbles return to the center, if it is free. Else they are removed.",You can push opposing marbles if you use fewer or equal marbles. Do not split your column while pushing the opponent.,Occupy 1 goal of each color.,Recommended_4_pushVictoryHeuristic,Recommended_4_ownColorVictoryHeuristic,[],[],[],[],0
1990619665,MultiverseMarbles,0,GAME_OVER,25,24,2,594,2,Recommended_4_ownColorVictoryHeuristic,2,1,1,Recommended_4_pushVictoryHeuristic,Recommended_4_ownColorVictoryHeuristic,-1.0,1.0,Recommended_4_pushVictoryHeuristic,9,9,TwoSides.txt,Move 1 marble by up to 3 spaces in any direction in a straight line.,Push a column of marbles by 1 space in any direction,Pushed out marbles return to the center. Remove any pre-existing marble.,You can push opposing marbles if you use more marbles.,Occupy 1 goal of each color.,Recommended_4_pushVictoryHeuristic,Recommended_4_ownColorVictoryHeuristic,[0],[0],[0],"[0, 0]",0
-447765565,MultiverseMarbles,0,GAME_OVER,136,135,2,595,1,Recommended_4_ownColorVictoryHeuristic,1,2,2,Recommended_4_pushVictoryHeuristic,Recommended_4_ownColorVictoryHeuristic,1.0,-1.0,Recommended_4_pushVictoryHeuristic,10,9,TwoSides.txt,Move 1 marble by 1 space in any direction.,Push a column of marbles by 1 space in any direction,Pushed out marbles return to the center. Remove any pre-existing marble.,"You can push your opposing marbles if you use an uneven number of marbles (1, 3 or 5). Do not split your column while pushing the opponent.",Push out 3 opposing marbles.,Recommended_4_pushVictoryHeuristic,Recommended_4_ownColorVictoryHeuristic,[1],[],"[1, 1, 1]",[],1
-1876727332,MultiverseMarbles,0,GAME_OVER,61,60,2,596,2,Recommended_4_ownColorVictoryHeuristic,2,1,1,Recommended_4_pushVictoryHeuristic,Recommended_4_ownColorVictoryHeuristic,-1.0,1.0,Recommended_4_pushVictoryHeuristic,9,7,TwoSides.txt,Move 1 marble exactly 2 spaces in any direction.,Push a column of marbles by 1 space in any direction,"Pushed out marbles return to the center, if it is free. Else they are removed.",You can push opposing marbles if you use fewer or more marbles.,Occupy all goals of your color.,Recommended_4_pushVictoryHeuristic,Recommended_4_ownColorVictoryHeuristic,"[1, 1, 1]",[0],"[1, 1, 1, 1]",[0],0
-1554647503,MultiverseMarbles,0,GAME_OVER,31,30,2,597,2,Recommended_4_ownColorVictoryHeuristic,2,1,1,Recommended_4_pushVictoryHeuristic,Recommended_4_ownColorVictoryHeuristic,-1.0,1.0,Recommended_4_pushVictoryHeuristic,10,10,TwoSides.txt,Move 1 marble exactly 2 spaces in any direction.,Push a column of marbles by 1 space in any direction,Pushed out marbles return to the center. Remove any pre-existing marble.,You can push opposing marbles if you use more marbles.,Occupy 3 non-neighbouring goals.,Recommended_4_pushVictoryHeuristic,Recommended_4_ownColorVictoryHeuristic,[],[],[1],[],0
960055211,MultiverseMarbles,0,GAME_OVER,83,82,2,598,2,Recommended_4_ownColorVictoryHeuristic,2,1,1,Recommended_4_pushVictoryHeuristic,Recommended_4_ownColorVictoryHeuristic,-1.0,1.0,Recommended_4_pushVictoryHeuristic,10,9,TwoSides.txt,Jump over 1 marble or blocker or move a marble by 1 space in any direction,Push a column of marbles by 1 space in any direction,"Pushed out marbles return to the center, if it is free. Else they are removed.","You can push opposing marbles if you use an even number of marbles (2, 4 or 6). Do not split your column while pushing the opponent.",Occupy all goals of your color.,Recommended_4_pushVictoryHeuristic,Recommended_4_ownColorVictoryHeuristic,[1],[],"[0, 0, 1, 1, 1]",[],0
498463735,MultiverseMarbles,0,GAME_OVER,25,24,2,599,2,Recommended_4_ownColorVictoryHeuristic,2,1,1,Recommended_4_pushVictoryHeuristic,Recommended_4_ownColorVictoryHeuristic,-1.0,1.0,Recommended_4_pushVictoryHeuristic,10,10,TwoSides.txt,Move 1 marble exactly 2 spaces in any direction.,Push a column of marbles by 1 space in any direction,"Pushed out marbles return to the center, if it is free. Else they are removed.",You can push opposing marbles if you use more or equal marbles. Do not split your column while pushing the opponent.,Occupy 3 non-neighbouring goals.,Recommended_4_pushVictoryHeuristic,Recommended_4_ownColorVictoryHeuristic,[],[],[],[],0
-1351543479,MultiverseMarbles,0,GAME_OVER,32,31,2,600,1,Recommended_4_ownColorVictoryHeuristic,1,2,2,Recommended_4_pushVictoryHeuristic,Recommended_4_ownColorVictoryHeuristic,1.0,-1.0,Recommended_4_pushVictoryHeuristic,10,9,TwoSides.txt,Jump over 1 marble or blocker or move a marble by 1 space in any direction,Push a column of marbles by 1 space in any direction,"Pushed out marbles return to the center, if it is free. Else they are removed.","You can push opposing marbles if you use an even number of marbles (2, 4 or 6). Do not split your column while pushing the opponent.",Occupy 1 goal of each color.,Recommended_4_pushVictoryHeuristic,Recommended_4_ownColorVictoryHeuristic,[1],[],[1],[],1
-888673798,MultiverseMarbles,0,GAME_OVER,128,127,2,601,1,Recommended_4_ownColorVictoryHeuristic,1,2,2,Recommended_4_pushVictoryHeuristic,Recommended_4_ownColorVictoryHeuristic,1.0,-1.0,Recommended_4_pushVictoryHeuristic,10,7,TwoSides.txt,Move 1 marble by 1 space in any direction.,Push a column of marbles by 1 space in any direction,Pushed out marbles are removed from play,"You can push opposing marbles if you use an even number of marbles (2, 4 or 6). Do not split your column while pushing the opponent.",Push out 3 opposing marbles.,Recommended_4_pushVictoryHeuristic,Recommended_4_ownColorVictoryHeuristic,"[1, 1, 1]",[],"[1, 1, 1]",[],1
38123686,MultiverseMarbles,0,GAME_OVER,92,91,2,602,1,Recommended_4_ownColorVictoryHeuristic,1,2,2,Recommended_4_pushVictoryHeuristic,Recommended_4_ownColorVictoryHeuristic,1.0,-1.0,Recommended_4_pushVictoryHeuristic,9,10,TwoSides.txt,Move 1 marble by 1 space in any direction.,Push a column of marbles by 1 space in any direction,Pushed out marbles are removed from play,You can push opposing marbles if you use fewer or equal marbles. Do not split your column while pushing the opponent.,Occupy 1 goal of each color.,Recommended_4_pushVictoryHeuristic,Recommended_4_ownColorVictoryHeuristic,[],[0],[],[0],1
1483833162,MultiverseMarbles,0,GAME_OVER,51,50,2,603,2,Recommended_4_ownColorVictoryHeuristic,2,1,1,Recommended_4_pushVictoryHeuristic,Recommended_4_ownColorVictoryHeuristic,-1.0,1.0,Recommended_4_pushVictoryHeuristic,10,10,TwoSides.txt,Jump over 1 marble or blocker or move a marble by 1 space in any direction,Push a column of marbles by 1 space in any direction,Pushed out marbles return to the center. Remove any pre-existing marble.,You can push opposing marbles if you use equal marbles. Do not split your column while pushing the opponent.,Occupy 1 goal of each color.,Recommended_4_pushVictoryHeuristic,Recommended_4_ownColorVictoryHeuristic,[],[],[],[],0
1811438810,MultiverseMarbles,0,GAME_OVER,34,33,2,604,1,Recommended_4_ownColorVictoryHeuristic,1,2,2,Recommended_4_pushVictoryHeuristic,Recommended_4_ownColorVictoryHeuristic,1.0,-1.0,Recommended_4_pushVictoryHeuristic,10,9,TwoSides.txt,Move 1 marble by 1 space in any direction.,Push a column of marbles by 1 space in any direction,Pushed out marbles are removed from play,You can push opposing marbles if you use more or equal marbles. Do not split your column while pushing the opponent.,Occupy 1 goal of each color.,Recommended_4_pushVictoryHeuristic,Recommended_4_ownColorVictoryHeuristic,[1],[],[1],[],1
-355232835,MultiverseMarbles,0,GAME_OVER,16,15,2,605,1,Recommended_4_ownColorVictoryHeuristic,1,2,2,Recommended_4_pushVictoryHeuristic,Recommended_4_ownColorVictoryHeuristic,1.0,-1.0,Recommended_4_pushVictoryHeuristic,10,10,TwoSides.txt,Move 1 marble exactly 2 spaces in any direction.,Push a column of marbles by 1 space in any direction,"Pushed out marbles return to the center, if it is free. Else they are removed.",You can push opposing marbles if you use fewer or equal marbles. Do not split your column while pushing the opponent.,Occupy 1 goal of each color.,Recommended_4_pushVictoryHeuristic,Recommended_4_ownColorVictoryHeuristic,[],[],[],[],1
690323257,MultiverseMarbles,0,GAME_OVER,54,53,2,606,1,Recommended_4_ownColorVictoryHeuristic,1,2,2,Recommended_4_pushVictoryHeuristic,Recommended_4_ownColorVictoryHeuristic,1.0,-1.0,Recommended_4_pushVictoryHeuristic,10,8,TwoSides.txt,Jump over 1 marble or blocker or move a marble by 1 space in any direction,Push a column of marbles by 1 space in any direction,"Pushed out marbles return to the center, if it is free. Else they are removed.",You can push opposing marbles if you use more marbles.,Occupy 3 non-neighbouring goals.,Recommended_4_pushVictoryHeuristic,Recommended_4_ownColorVictoryHeuristic,"[1, 1]",[],"[1, 1]",[],1
1618506535,MultiverseMarbles,0,GAME_OVER,123,122,2,607,2,Recommended_4_ownColorVictoryHeuristic,2,1,1,Recommended_4_pushVictoryHeuristic,Recommended_4_ownColorVictoryHeuristic,-1.0,1.0,Recommended_4_pushVictoryHeuristic,10,10,TwoSides.txt,Jump over 1 marble or blocker or move a marble by 1 space in any direction,Push a column of marbles by 1 space in any direction,"Pushed out marbles return to the center, if it is free. Else they are removed.",You can push opposing marbles if you use fewer or equal marbles. Do not split your column while pushing the opponent.,Occupy all goals of your color.,Recommended_4_pushVictoryHeuristic,Recommended_4_ownColorVictoryHeuristic,[],[],[],[],0
-249150289,MultiverseMarbles,0,GAME_OVER,47,46,2,608,2,Recommended_4_ownColorVictoryHeuristic,2,1,1,Recommended_4_pushVictoryHeuristic,Recommended_4_ownColorVictoryHeuristic,-1.0,1.0,Recommended_4_pushVictoryHeuristic,10,9,TwoSides.txt,Move 1 marble exactly 2 spaces in any direction.,Push a column of marbles by 1 space in any direction,Pushed out marbles are removed from play,"You can push opposing marbles if you use an even number of marbles (2, 4 or 6). Do not split your column while pushing the opponent.",Occupy all goals of your color.,Recommended_4_pushVictoryHeuristic,Recommended_4_ownColorVictoryHeuristic,[1],[],[1],[],0
-1936510396,MultiverseMarbles,0,GAME_OVER,19,18,2,609,2,Recommended_4_ownColorVictoryHeuristic,2,1,1,Recommended_4_pushVictoryHeuristic,Recommended_4_ownColorVictoryHeuristic,-1.0,1.0,Recommended_4_pushVictoryHeuristic,9,9,TwoSides.txt,Move 1 marble exactly 2 spaces in any direction.,Push a column of marbles by 1 space in any direction,Pushed out marbles are removed from play,"You can push opposing marbles if you use an even number of marbles (2, 4 or 6). Do not split your column while pushing the opponent.",Occupy 1 goal of each color.,Recommended_4_pushVictoryHeuristic,Recommended_4_ownColorVictoryHeuristic,[0],[0],[0],[0],0
695073731,MultiverseMarbles,0,GAME_OVER,200,200,2,610,1,Recommended_4_ownColorVictoryHeuristic,1,1,1,Recommended_4_pushVictoryHeuristic,Recommended_4_ownColorVictoryHeuristic,-3.0,-3.0,Recommended_4_pushVictoryHeuristic,10,10,TwoSides.txt,Move 1 marble by 1 space in any direction.,Push a column of marbles by 1 space in any direction,Pushed out marbles are removed from play,You can push opposing marbles if you use fewer or equal marbles. Do not split your column while pushing the opponent.,Occupy 1 goal of each color.,Recommended_4_pushVictoryHeuristic,Recommended_4_ownColorVictoryHeuristic,[],[],[],[],-1
1510598041,MultiverseMarbles,0,GAME_OVER,19,18,2,611,2,Recommended_4_ownColorVictoryHeuristic,2,1,1,Recommended_4_pushVictoryHeuristic,Recommended_4_ownColorVictoryHeuristic,-1.0,1.0,Recommended_4_pushVictoryHeuristic,10,10,TwoSides.txt,Move 1 marble exactly 2 spaces in any direction.,Push a column of marbles by 1 space in any direction,Pushed out marbles return to the center. Remove any pre-existing marble.,"You can push your opposing marbles if you use an uneven number of marbles (1, 3 or 5). Do not split your column while pushing the opponent.",Occupy 1 goal of each color.,Recommended_4_pushVictoryHeuristic,Recommended_4_ownColorVictoryHeuristic,[],[],[],[],0
930384360,MultiverseMarbles,0,GAME_OVER,16,15,2,612,1,Recommended_4_ownColorVictoryHeuristic,1,2,2,Recommended_4_pushVictoryHeuristic,Recommended_4_ownColorVictoryHeuristic,1.0,-1.0,Recommended_4_pushVictoryHeuristic,10,10,TwoSides.txt,Jump over 1 marble or blocker or move a marble by 1 space in any direction,Push a column of marbles by 1 space in any direction,Pushed out marbles return to the center. Remove any pre-existing marble.,You can push opposing marbles if you use more or equal marbles. Do not split your column while pushing the opponent.,Occupy 1 goal of each color.,Recommended_4_pushVictoryHeuristic,Recommended_4_ownColorVictoryHeuristic,[],[],[],[],1
-1202270260,MultiverseMarbles,0,GAME_OVER,41,40,2,613,2,Recommended_4_ownColorVictoryHeuristic,2,1,1,Recommended_4_pushVictoryHeuristic,Recommended_4_ownColorVictoryHeuristic,-1.0,1.0,Recommended_4_pushVictoryHeuristic,10,9,TwoSides.txt,Move 1 marble by up to 3 spaces in any direction in a straight line.,Push a column of marbles by 1 space in any direction,"Pushed out marbles return to the center, if it is free. Else they are removed.",You can push opposing marbles if you use fewer or more marbles.,Occupy 1 goal of each color.,Recommended_4_pushVictoryHeuristic,Recommended_4_ownColorVictoryHeuristic,[0],[],[0],[1],0
234784526,MultiverseMarbles,0,GAME_OVER,119,118,2,614,2,Recommended_4_ownColorVictoryHeuristic,2,1,1,Recommended_4_pushVictoryHeuristic,Recommended_4_ownColorVictoryHeuristic,-1.0,1.0,Recommended_4_pushVictoryHeuristic,10,5,TwoSides.txt,Move 1 marble exactly 2 spaces in any direction.,Push a column of marbles by 1 space in any direction,"Pushed out marbles return to the center, if it is free. Else they are removed.",You can push opposing marbles if you use more marbles.,Occupy all goals of your color.,Recommended_4_pushVictoryHeuristic,Recommended_4_ownColorVictoryHeuristic,"[1, 1, 1, 1, 1]",[],"[1, 1, 1, 1, 0, 1, 1, 1]",[0],0
73397318,MultiverseMarbles,0,GAME_OVER,89,88,2,615,2,Recommended_4_ownColorVictoryHeuristic,2,1,1,Recommended_4_pushVictoryHeuristic,Recommended_4_ownColorVictoryHeuristic,-1.0,1.0,Recommended_4_pushVictoryHeuristic,9,8,TwoSides.txt,Move 1 marble by up to 3 spaces in any direction in a straight line.,Push a column of marbles by 1 space in any direction,Pushed out marbles return to the center. Remove any pre-existing marble.,"You can push opposing marbles if you use an even number of marbles (2, 4 or 6). Do not split your column while pushing the opponent.",Occupy all goals of your color.,Recommended_4_pushVictoryHeuristic,Recommended_4_ownColorVictoryHeuristic,"[1, 1, 1]",[],"[1, 1, 1, 0, 1, 1]",[],0
637536396,MultiverseMarbles,0,GAME_OVER,17,16,2,616,2,Recommended_4_ownColorVictoryHeuristic,2,1,1,Recommended_4_pushVictoryHeuristic,Recommended_4_ownColorVictoryHeuristic,-1.0,1.0,Recommended_4_pushVictoryHeuristic,10,10,TwoSides.txt,Move 1 marble exactly 2 spaces in any direction.,Push a column of marbles by 1 space in any direction,Pushed out marbles return to the center. Remove any pre-existing marble.,You can push opposing marbles if you use more marbles.,Occupy 3 non-neighbouring goals.,Recommended_4_pushVictoryHeuristic,Recommended_4_ownColorVictoryHeuristic,[],[],[],[],0
120093725,MultiverseMarbles,0,GAME_OVER,21,20,2,617,2,Recommended_4_ownColorVictoryHeuristic,2,1,1,Recommended_4_pushVictoryHeuristic,Recommended_4_ownColorVictoryHeuristic,-1.0,1.0,Recommended_4_pushVictoryHeuristic,10,10,TwoSides.txt,Move 1 marble by up to 3 spaces in any direction in a straight line.,Push a column of marbles by 1 space in any direction,Pushed out marbles return to the center. Remove any pre-existing marble.,"You can push opposing marbles if you use an even number of marbles (2, 4 or 6). Do not split your column while pushing the opponent.",Occupy 1 goal of each color.,Recommended_4_pushVictoryHeuristic,Recommended_4_ownColorVictoryHeuristic,[],[],[],[],0
-1658116905,MultiverseMarbles,0,GAME_OVER,200,200,2,618,1,Recommended_4_ownColorVictoryHeuristic,1,1,1,Recommended_4_pushVictoryHeuristic,Recommended_4_ownColorVictoryHeuristic,-3.0,-3.0,Recommended_4_pushVictoryHeuristic,10,9,TwoSides.txt,Move 1 marble by up to 3 spaces in any direction in a straight line.,Push a column of marbles by 1 space in any direction,Pushed out marbles return to the center. Remove any pre-existing marble.,You can push opposing marbles if you use fewer or equal marbles. Do not split your column while pushing the opponent.,Push out 3 opposing marbles.,Recommended_4_pushVictoryHeuristic,Recommended_4_ownColorVictoryHeuristic,[1],[],"[1, 1]",[],-1
-303014245,MultiverseMarbles,0,GAME_OVER,133,132,2,619,2,Recommended_4_ownColorVictoryHeuristic,2,1,1,Recommended_4_pushVictoryHeuristic,Recommended_4_ownColorVictoryHeuristic,-1.0,1.0,Recommended_4_pushVictoryHeuristic,7,8,TwoSides.txt,Move 1 marble by 1 space in any direction.,Push a column of marbles by 1 space in any direction,Pushed out marbles are removed from play,You can push opposing marbles if you use fewer or more marbles.,Push out 3 opposing marbles.,Recommended_4_pushVictoryHeuristic,Recommended_4_ownColorVictoryHeuristic,"[1, 1]","[0, 0, 0]","[1, 1]","[0, 0, 0]",0
478485420,MultiverseMarbles,0,GAME_OVER,39,38,2,620,2,Recommended_4_ownColorVictoryHeuristic,2,1,1,Recommended_4_pushVictoryHeuristic,Recommended_4_ownColorVictoryHeuristic,-1.0,1.0,Recommended_4_pushVictoryHeuristic,9,10,TwoSides.txt,Jump over 1 marble or blocker or move a marble by 1 space in any direction,Push a column of marbles by 1 space in any direction,"Pushed out marbles return to the center, if it is free. Else they are removed.","You can push opposing marbles if you use an even number of marbles (2, 4 or 6). Do not split your column while pushing the opponent.",Occupy 1 goal of each color.,Recommended_4_pushVictoryHeuristic,Recommended_4_ownColorVictoryHeuristic,[],[0],[0],"[0, 0]",0
-82734118,MultiverseMarbles,0,GAME_OVER,32,31,2,621,1,Recommended_4_ownColorVictoryHeuristic,1,2,2,Recommended_4_pushVictoryHeuristic,Recommended_4_ownColorVictoryHeuristic,1.0,-1.0,Recommended_4_pushVictoryHeuristic,10,7,TwoSides.txt,Move 1 marble exactly 2 spaces in any direction.,Push a column of marbles by 1 space in any direction,Pushed out marbles are removed from play,"You can push opposing marbles if you use an even number of marbles (2, 4 or 6). Do not split your column while pushing the opponent.",Push out 3 opposing marbles.,Recommended_4_pushVictoryHeuristic,Recommended_4_ownColorVictoryHeuristic,"[1, 1, 1]",[],"[1, 1, 1]",[],1
713120397,MultiverseMarbles,0,GAME_OVER,41,40,2,622,2,Recommended_4_ownColorVictoryHeuristic,2,1,1,Recommended_4_pushVictoryHeuristic,Recommended_4_ownColorVictoryHeuristic,-1.0,1.0,Recommended_4_pushVictoryHeuristic,10,8,TwoSides.txt,Move 1 marble by up to 3 spaces in any direction in a straight line.,Push a column of marbles by 1 space in any direction,Pushed out marbles return to the center. Remove any pre-existing marble.,"You can push your opposing marbles if you use an uneven number of marbles (1, 3 or 5). Do not split your column while pushing the opponent.",Occupy 3 non-neighbouring goals.,Recommended_4_pushVictoryHeuristic,Recommended_4_ownColorVictoryHeuristic,"[1, 1]",[],"[0, 1, 1]",[],0
-1830809784,MultiverseMarbles,0,GAME_OVER,172,171,2,623,1,Recommended_4_ownColorVictoryHeuristic,1,2,2,Recommended_4_pushVictoryHeuristic,Recommended_4_ownColorVictoryHeuristic,1.0,-1.0,Recommended_4_pushVictoryHeuristic,8,7,TwoSides.txt,Move 1 marble by up to 3 spaces in any direction in a straight line.,Push a column of marbles by 1 space in any direction,Pushed out marbles are removed from play,"You can push your opposing marbles if you use an uneven number of marbles (1, 3 or 5). Do not split your column while pushing the opponent.",Push out 3 opposing marbles.,Recommended_4_pushVictoryHeuristic,Recommended_4_ownColorVictoryHeuristic,"[1, 1, 1]","[0, 0]","[1, 1, 1]","[0, 0]",1
117398471,MultiverseMarbles,0,GAME_OVER,148,147,2,624,1,Recommended_4_ownColorVictoryHeuristic,1,2,2,Recommended_4_pushVictoryHeuristic,Recommended_4_ownColorVictoryHeuristic,1.0,-1.0,Recommended_4_pushVictoryHeuristic,10,7,TwoSides.txt,Move 1 marble by 1 space in any direction.,Push a column of marbles by 1 space in any direction,"Pushed out marbles return to the center, if it is free. Else they are removed.","You can push opposing marbles if you use an even number of marbles (2, 4 or 6). Do not split your column while pushing the opponent.",Push out 3 opposing marbles.,Recommended_4_pushVictoryHeuristic,Recommended_4_ownColorVictoryHeuristic,"[1, 1, 1]",[],"[1, 1, 1]",[],1
459057434,MultiverseMarbles,0,GAME_OVER,36,35,2,625,1,Recommended_4_ownColorVictoryHeuristic,1,2,2,Recommended_4_pushVictoryHeuristic,Recommended_4_ownColorVictoryHeuristic,1.0,-1.0,Recommended_4_pushVictoryHeuristic,9,10,TwoSides.txt,Jump over 1 marble or blocker or move a marble by 1 space in any direction,Push a column of marbles by 1 space in any direction,Pushed out marbles return to the center. Remove any pre-existing marble.,You can push opposing marbles if you use fewer or more marbles.,Occupy 3 non-neighbouring goals.,Recommended_4_pushVictoryHeuristic,Recommended_4_ownColorVictoryHeuristic,[0],[],[0],[],1
-1774375335,MultiverseMarbles,0,GAME_OVER,40,39,2,626,1,Recommended_4_ownColorVictoryHeuristic,1,2,2,Recommended_4_pushVictoryHeuristic,Recommended_4_ownColorVictoryHeuristic,1.0,-1.0,Recommended_4_pushVictoryHeuristic,9,4,TwoSides.txt,Move 1 marble exactly 2 spaces in any direction.,Push a column of marbles by 1 space in any direction,Pushed out marbles return to the center. Remove any pre-existing marble.,You can push opposing marbles if you use more marbles.,Occupy 3 non-neighbouring goals.,Recommended_4_pushVictoryHeuristic,Recommended_4_ownColorVictoryHeuristic,"[0, 0, 0, 0, 0]","[1, 1]","[0, 0, 0, 0, 0, 0, 1]","[1, 1]",1
-828290833,MultiverseMarbles,0,GAME_OVER,40,39,2,627,1,Recommended_4_ownColorVictoryHeuristic,1,2,2,Recommended_4_pushVictoryHeuristic,Recommended_4_ownColorVictoryHeuristic,1.0,-1.0,Recommended_4_pushVictoryHeuristic,10,8,TwoSides.txt,Move 1 marble by 1 space in any direction.,Push a column of marbles by 1 space in any direction,Pushed out marbles are removed from play,"You can push opposing marbles if you use an even number of marbles (2, 4 or 6). Do not split your column while pushing the opponent.",Occupy 3 non-neighbouring goals.,Recommended_4_pushVictoryHeuristic,Recommended_4_ownColorVictoryHeuristic,"[1, 1]",[],"[1, 1]",[],1
672948080,MultiverseMarbles,0,GAME_OVER,59,58,2,628,2,Recommended_4_ownColorVictoryHeuristic,2,1,1,Recommended_4_pushVictoryHeuristic,Recommended_4_ownColorVictoryHeuristic,-1.0,1.0,Recommended_4_pushVictoryHeuristic,10,10,TwoSides.txt,Move 1 marble by 1 space in any direction.,Push a column of marbles by 1 space in any direction,Pushed out marbles return to the center. Remove any pre-existing marble.,"You can push your opposing marbles if you use an uneven number of marbles (1, 3 or 5). Do not split your column while pushing the opponent.",Occupy 1 goal of each color.,Recommended_4_pushVictoryHeuristic,Recommended_4_ownColorVictoryHeuristic,[],[],[],[],0
263512374,MultiverseMarbles,0,GAME_OVER,47,46,2,629,2,Recommended_4_ownColorVictoryHeuristic,2,1,1,Recommended_4_pushVictoryHeuristic,Recommended_4_ownColorVictoryHeuristic,-1.0,1.0,Recommended_4_pushVictoryHeuristic,9,9,TwoSides.txt,Jump over 1 marble or blocker or move a marble by 1 space in any direction,Push a column of marbles by 1 space in any direction,Pushed out marbles return to the center. Remove any pre-existing marble.,You can push opposing marbles if you use more marbles.,Occupy all goals of your color.,Recommended_4_pushVictoryHeuristic,Recommended_4_ownColorVictoryHeuristic,[0],[0],[0],[0],0
1600164446,MultiverseMarbles,0,GAME_OVER,97,96,2,630,2,Recommended_4_ownColorVictoryHeuristic,2,1,1,Recommended_4_pushVictoryHeuristic,Recommended_4_ownColorVictoryHeuristic,-1.0,1.0,Recommended_4_pushVictoryHeuristic,9,10,TwoSides.txt,Move 1 marble exactly 2 spaces in any direction.,Push a column of marbles by 1 space in any direction,Pushed out marbles return to the center. Remove any pre-existing marble.,"You can push your opposing marbles if you use an uneven number of marbles (1, 3 or 5). Do not split your column while pushing the opponent.",Occupy all goals of your color.,Recommended_4_pushVictoryHeuristic,Recommended_4_ownColorVictoryHeuristic,[0],[],"[0, 1, 0]",[],0
1962633751,MultiverseMarbles,0,GAME_OVER,184,183,2,631,1,Recommended_4_ownColorVictoryHeuristic,1,2,2,Recommended_4_pushVictoryHeuristic,Recommended_4_ownColorVictoryHeuristic,1.0,-1.0,Recommended_4_pushVictoryHeuristic,10,8,TwoSides.txt,Move 1 marble by 1 space in any direction.,Push a column of marbles by 1 space in any direction,Pushed out marbles are removed from play,You can push opposing marbles if you use fewer or equal marbles. Do not split your column while pushing the opponent.,Occupy all goals of your color.,Recommended_4_pushVictoryHeuristic,Recommended_4_ownColorVictoryHeuristic,"[1, 1]",[],"[1, 1]",[],1
2022138414,MultiverseMarbles,0,GAME_OVER,27,26,2,632,2,Recommended_4_ownColorVictoryHeuristic,2,1,1,Recommended_4_pushVictoryHeuristic,Recommended_4_ownColorVictoryHeuristic,-1.0,1.0,Recommended_4_pushVictoryHeuristic,9,10,TwoSides.txt,Move 1 marble by up to 3 spaces in any direction in a straight line.,Push a column of marbles by 1 space in any direction,Pushed out marbles return to the center. Remove any pre-existing marble.,You can push opposing marbles if you use more marbles.,Occupy 3 non-neighbouring goals.,Recommended_4_pushVictoryHeuristic,Recommended_4_ownColorVictoryHeuristic,[0],[],[0],[],0
-1115890716,MultiverseMarbles,0,GAME_OVER,51,50,2,633,2,Recommended_4_ownColorVictoryHeuristic,2,1,1,Recommended_4_pushVictoryHeuristic,Recommended_4_ownColorVictoryHeuristic,-1.0,1.0,Recommended_4_pushVictoryHeuristic,8,10,TwoSides.txt,Move 1 marble exactly 2 spaces in any direction.,Push a column of marbles by 1 space in any direction,"Pushed out marbles return to the center, if it is free. Else they are removed.","You can push opposing marbles if you use an even number of marbles (2, 4 or 6). Do not split your column while pushing the opponent.",Occupy 1 goal of each color.,Recommended_4_pushVictoryHeuristic,Recommended_4_ownColorVictoryHeuristic,[],"[0, 0]","[0, 0, 1]","[0, 0]",0
-1816149951,MultiverseMarbles,0,GAME_OVER,49,48,2,634,2,Recommended_4_ownColorVictoryHeuristic,2,1,1,Recommended_4_pushVictoryHeuristic,Recommended_4_ownColorVictoryHeuristic,-1.0,1.0,Recommended_4_pushVictoryHeuristic,9,10,TwoSides.txt,Move 1 marble by 1 space in any direction.,Push a column of marbles by 1 space in any direction,Pushed out marbles return to the center. Remove any pre-existing marble.,You can push opposing marbles if you use fewer or more marbles.,Occupy 3 non-neighbouring goals.,Recommended_4_pushVictoryHeuristic,Recommended_4_ownColorVictoryHeuristic,[],[0],[0],[0],0
2000059494,MultiverseMarbles,0,GAME_OVER,53,52,2,635,2,Recommended_4_ownColorVictoryHeuristic,2,1,1,Recommended_4_pushVictoryHeuristic,Recommended_4_ownColorVictoryHeuristic,-1.0,1.0,Recommended_4_pushVictoryHeuristic,10,8,TwoSides.txt,Move 1 marble exactly 2 spaces in any direction.,Push a column of marbles by 1 space in any direction,Pushed out marbles are removed from play,You can push opposing marbles if you use more marbles.,Occupy all goals of your color.,Recommended_4_pushVictoryHeuristic,Recommended_4_ownColorVictoryHeuristic,"[0, 0]",[],"[0, 0]",[],0
-1190267485,MultiverseMarbles,0,GAME_OVER,10,9,2,636,1,Recommended_4_ownColorVictoryHeuristic,1,2,2,Recommended_4_pushVictoryHeuristic,Recommended_4_ownColorVictoryHeuristic,1.0,-1.0,Recommended_4_pushVictoryHeuristic,10,10,TwoSides.txt,Move 1 marble exactly 2 spaces in any direction.,Push a column of marbles by 1 space in any direction,"Pushed out marbles return to the center, if it is free. Else they are removed.",You can push opposing marbles if you use fewer or equal marbles. Do not split your column while pushing the opponent.,Occupy 1 goal of each color.,Recommended_4_pushVictoryHeuristic,Recommended_4_ownColorVictoryHeuristic,[],[],[],[],1
2110027652,MultiverseMarbles,0,GAME_OVER,64,63,2,637,1,Recommended_4_ownColorVictoryHeuristic,1,2,2,Recommended_4_pushVictoryHeuristic,Recommended_4_ownColorVictoryHeuristic,1.0,-1.0,Recommended_4_pushVictoryHeuristic,9,6,TwoSides.txt,Jump over 1 marble or blocker or move a marble by 1 space in any direction,Push a column of marbles by 1 space in any direction,Pushed out marbles are removed from play,You can push opposing marbles if you use more or equal marbles. Do not split your column while pushing the opponent.,Occupy all goals of your color.,Recommended_4_pushVictoryHeuristic,Recommended_4_ownColorVictoryHeuristic,"[1, 1, 1, 1]",[0],"[1, 1, 1, 1]",[0],1
1836665067,MultiverseMarbles,0,GAME_OVER,34,33,2,638,1,Recommended_4_ownColorVictoryHeuristic,1,2,2,Recommended_4_pushVictoryHeuristic,Recommended_4_ownColorVictoryHeuristic,1.0,-1.0,Recommended_4_pushVictoryHeuristic,10,9,TwoSides.txt,Move 1 marble exactly 2 spaces in any direction.,Push a column of marbles by 1 space in any direction,Pushed out marbles are removed from play,"You can push opposing marbles if you use an even number of marbles (2, 4 or 6). Do not split your column while pushing the opponent.",Occupy 1 goal of each color.,Recommended_4_pushVictoryHeuristic,Recommended_4_ownColorVictoryHeuristic,[1],[],[1],[],1
1326711567,MultiverseMarbles,0,GAME_OVER,43,42,2,639,2,Recommended_4_ownColorVictoryHeuristic,2,1,1,Recommended_4_pushVictoryHeuristic,Recommended_4_ownColorVictoryHeuristic,-1.0,1.0,Recommended_4_pushVictoryHeuristic,10,10,TwoSides.txt,Move 1 marble by 1 space in any direction.,Push a column of marbles by 1 space in any direction,"Pushed out marbles return to the center, if it is free. Else they are removed.",You can push opposing marbles if you use fewer or more marbles.,Occupy 1 goal of each color.,Recommended_4_pushVictoryHeuristic,Recommended_4_ownColorVictoryHeuristic,[],[],[],[],0
1929126127,MultiverseMarbles,0,GAME_OVER,34,33,2,640,1,Recommended_4_ownColorVictoryHeuristic,1,2,2,Recommended_4_pushVictoryHeuristic,Recommended_4_ownColorVictoryHeuristic,1.0,-1.0,Recommended_4_pushVictoryHeuristic,10,10,TwoSides.txt,Move 1 marble by 1 space in any direction.,Push a column of marbles by 1 space in any direction,Pushed out marbles return to the center. Remove any pre-existing marble.,You can push opposing marbles if you use more or equal marbles. Do not split your column while pushing the opponent.,Occupy 1 goal of each color.,Recommended_4_pushVictoryHeuristic,Recommended_4_ownColorVictoryHeuristic,[],[],[1],[],1
-1327102278,MultiverseMarbles,0,GAME_OVER,9,8,2,641,2,Recommended_4_ownColorVictoryHeuristic,2,1,1,Recommended_4_pushVictoryHeuristic,Recommended_4_ownColorVictoryHeuristic,-1.0,1.0,Recommended_4_pushVictoryHeuristic,10,10,TwoSides.txt,Move 1 marble exactly 2 spaces in any direction.,Push a column of marbles by 1 space in any direction,Pushed out marbles return to the center. Remove any pre-existing marble.,"You can push your opposing marbles if you use an uneven number of marbles (1, 3 or 5). Do not split your column while pushing the opponent.",Occupy 1 goal of each color.,Recommended_4_pushVictoryHeuristic,Recommended_4_ownColorVictoryHeuristic,[],[],[],[],0
662232205,MultiverseMarbles,0,GAME_OVER,25,24,2,642,2,Recommended_4_ownColorVictoryHeuristic,2,1,1,Recommended_4_pushVictoryHeuristic,Recommended_4_ownColorVictoryHeuristic,-1.0,1.0,Recommended_4_pushVictoryHeuristic,10,10,TwoSides.txt,Move 1 marble by up to 3 spaces in any direction in a straight line.,Push a column of marbles by 1 space in any direction,Pushed out marbles are removed from play,You can push opposing marbles if you use equal marbles. Do not split your column while pushing the opponent.,Occupy 3 non-neighbouring goals.,Recommended_4_pushVictoryHeuristic,Recommended_4_ownColorVictoryHeuristic,[],[],[],[],0
-706626424,MultiverseMarbles,0,GAME_OVER,54,53,2,643,1,Recommended_4_ownColorVictoryHeuristic,1,2,2,Recommended_4_pushVictoryHeuristic,Recommended_4_ownColorVictoryHeuristic,1.0,-1.0,Recommended_4_pushVictoryHeuristic,10,9,TwoSides.txt,Move 1 marble exactly 2 spaces in any direction.,Push a column of marbles by 1 space in any direction,"Pushed out marbles return to the center, if it is free. Else they are removed.","You can push opposing marbles if you use an even number of marbles (2, 4 or 6). Do not split your column while pushing the opponent.",Occupy all goals of your color.,Recommended_4_pushVictoryHeuristic,Recommended_4_ownColorVictoryHeuristic,[0],[],[0],[0],1
252744278,MultiverseMarbles,0,GAME_OVER,21,20,2,644,2,Recommended_4_ownColorVictoryHeuristic,2,1,1,Recommended_4_pushVictoryHeuristic,Recommended_4_ownColorVictoryHeuristic,-1.0,1.0,Recommended_4_pushVictoryHeuristic,10,10,TwoSides.txt,Move 1 marble by up to 3 spaces in any direction in a straight line.,Push a column of marbles by 1 space in any direction,"Pushed out marbles return to the center, if it is free. Else they are removed.","You can push your opposing marbles if you use an uneven number of marbles (1, 3 or 5). Do not split your column while pushing the opponent.",Occupy 3 non-neighbouring goals.,Recommended_4_pushVictoryHeuristic,Recommended_4_ownColorVictoryHeuristic,[],[],[],[],0
-464991428,MultiverseMarbles,0,GAME_OVER,56,55,2,645,1,Recommended_4_ownColorVictoryHeuristic,1,2,2,Recommended_4_pushVictoryHeuristic,Recommended_4_ownColorVictoryHeuristic,1.0,-1.0,Recommended_4_pushVictoryHeuristic,9,9,TwoSides.txt,Move 1 marble exactly 2 spaces in any direction.,Push a column of marbles by 1 space in any direction,Pushed out marbles return to the center. Remove any pre-existing marble.,You can push opposing marbles if you use more or equal marbles. Do not split your column while pushing the opponent.,Push out 3 opposing marbles.,Recommended_4_pushVictoryHeuristic,Recommended_4_ownColorVictoryHeuristic,"[1, 1]",[],"[1, 1, 1]",[],1
-552595740,MultiverseMarbles,0,GAME_OVER,50,49,2,646,1,Recommended_4_ownColorVictoryHeuristic,1,2,2,Recommended_4_pushVictoryHeuristic,Recommended_4_ownColorVictoryHeuristic,1.0,-1.0,Recommended_4_pushVictoryHeuristic,10,10,TwoSides.txt,Move 1 marble by 1 space in any direction.,Push a column of marbles by 1 space in any direction,Pushed out marbles are removed from play,"You can push opposing marbles if you use an even number of marbles (2, 4 or 6). Do not split your column while pushing the opponent.",Occupy 1 goal of each color.,Recommended_4_pushVictoryHeuristic,Recommended_4_ownColorVictoryHeuristic,[],[],[],[],1
2039106432,MultiverseMarbles,0,GAME_OVER,200,200,2,647,1,Recommended_4_ownColorVictoryHeuristic,1,1,1,Recommended_4_pushVictoryHeuristic,Recommended_4_ownColorVictoryHeuristic,-3.0,-3.0,Recommended_4_pushVictoryHeuristic,10,10,TwoSides.txt,Move 1 marble by 1 space in any direction.,Push a column of marbles by 1 space in any direction,Pushed out marbles are removed from play,"You can push your opposing marbles if you use an uneven number of marbles (1, 3 or 5). Do not split your column while pushing the opponent.",Occupy 3 non-neighbouring goals.,Recommended_4_pushVictoryHeuristic,Recommended_4_ownColorVictoryHeuristic,[],[],[],[],-1
-1102067937,MultiverseMarbles,0,GAME_OVER,81,80,2,648,2,Recommended_4_ownColorVictoryHeuristic,2,1,1,Recommended_4_pushVictoryHeuristic,Recommended_4_ownColorVictoryHeuristic,-1.0,1.0,Recommended_4_pushVictoryHeuristic,10,5,TwoSides.txt,Move 1 marble by up to 3 spaces in any direction in a straight line.,Push a column of marbles by 1 space in any direction,Pushed out marbles return to the center. Remove any pre-existing marble.,You can push opposing marbles if you use more or equal marbles. Do not split your column while pushing the opponent.,Occupy all goals of your color.,Recommended_4_pushVictoryHeuristic,Recommended_4_ownColorVictoryHeuristic,"[1, 1, 1, 1]",[0],"[1, 1, 1, 1, 1, 1]",[0],0
676317676,MultiverseMarbles,0,GAME_OVER,55,54,2,649,2,Recommended_4_ownColorVictoryHeuristic,2,1,1,Recommended_4_pushVictoryHeuristic,Recommended_4_ownColorVictoryHeuristic,-1.0,1.0,Recommended_4_pushVictoryHeuristic,10,10,TwoSides.txt,Jump over 1 marble or blocker or move a marble by 1 space in any direction,Push a column of marbles by 1 space in any direction,"Pushed out marbles return to the center, if it is free. Else they are removed.","You can push opposing marbles if you use an even number of marbles (2, 4 or 6). Do not split your column while pushing the opponent.",Occupy all goals of your color.,Recommended_4_pushVictoryHeuristic,Recommended_4_ownColorVictoryHeuristic,[],[],[1],[],0
-1751082050,MultiverseMarbles,0,GAME_OVER,174,173,2,650,1,Recommended_4_ownColorVictoryHeuristic,1,2,2,Recommended_4_pushVictoryHeuristic,Recommended_4_ownColorVictoryHeuristic,1.0,-1.0,Recommended_4_pushVictoryHeuristic,10,8,TwoSides.txt,Move 1 marble by 1 space in any direction.,Push a column of marbles by 1 space in any direction,"Pushed out marbles return to the center, if it is free. Else they are removed.",You can push opposing marbles if you use equal marbles. Do not split your column while pushing the opponent.,Occupy all goals of your color.,Recommended_4_pushVictoryHeuristic,Recommended_4_ownColorVictoryHeuristic,"[1, 1]",[],"[1, 1, 1, 1]",[],1
1733491472,MultiverseMarbles,0,GAME_OVER,58,57,2,651,1,Recommended_4_ownColorVictoryHeuristic,1,2,2,Recommended_4_pushVictoryHeuristic,Recommended_4_ownColorVictoryHeuristic,1.0,-1.0,Recommended_4_pushVictoryHeuristic,10,7,TwoSides.txt,Jump over 1 marble or blocker or move a marble by 1 space in any direction,Push a column of marbles by 1 space in any direction,Pushed out marbles are removed from play,You can push opposing marbles if you use more marbles.,Push out 3 opposing marbles.,Recommended_4_pushVictoryHeuristic,Recommended_4_ownColorVictoryHeuristic,"[1, 1, 1]",[],"[1, 1, 1]",[],1
587681215,MultiverseMarbles,0,GAME_OVER,48,47,2,652,1,Recommended_4_ownColorVictoryHeuristic,1,2,2,Recommended_4_pushVictoryHeuristic,Recommended_4_ownColorVictoryHeuristic,1.0,-1.0,Recommended_4_pushVictoryHeuristic,9,9,TwoSides.txt,Move 1 marble by 1 space in any direction.,Push a column of marbles by 1 space in any direction,Pushed out marbles return to the center. Remove any pre-existing marble.,You can push opposing marbles if you use more or equal marbles. Do not split your column while pushing the opponent.,Occupy all goals of your color.,Recommended_4_pushVictoryHeuristic,Recommended_4_ownColorVictoryHeuristic,"[1, 1]",[],"[1, 1]",[],1
626609192,MultiverseMarbles,0,GAME_OVER,15,14,2,653,2,Recommended_4_ownColorVictoryHeuristic,2,1,1,Recommended_4_pushVictoryHeuristic,Recommended_4_ownColorVictoryHeuristic,-1.0,1.0,Recommended_4_pushVictoryHeuristic,9,10,TwoSides.txt,Move 1 marble by 1 space in any direction.,Push a column of marbles by 1 space in any direction,"Pushed out marbles return to the center, if it is free. Else they are removed.",You can push opposing marbles if you use more or equal marbles. Do not split your column while pushing the opponent.,Occupy 1 goal of each color.,Recommended_4_pushVictoryHeuristic,Recommended_4_ownColorVictoryHeuristic,[],[0],[0],"[0, 0]",0
-888672324,MultiverseMarbles,0,GAME_OVER,66,65,2,654,1,Recommended_4_ownColorVictoryHeuristic,1,2,2,Recommended_4_pushVictoryHeuristic,Recommended_4_ownColorVictoryHeuristic,1.0,-1.0,Recommended_4_pushVictoryHeuristic,9,8,TwoSides.txt,Move 1 marble exactly 2 spaces in any direction.,Push a column of marbles by 1 space in any direction,Pushed out marbles return to the center. Remove any pre-existing marble.,You can push opposing marbles if you use fewer or more marbles.,Push out 3 opposing marbles.,Recommended_4_pushVictoryHeuristic,Recommended_4_ownColorVictoryHeuristic,"[0, 1, 1]",[],"[0, 0, 1, 1, 1]",[],1
-1288367568,MultiverseMarbles,0,GAME_OVER,84,83,2,655,1,Recommended_4_ownColorVictoryHeuristic,1,2,2,Recommended_4_pushVictoryHeuristic,Recommended_4_ownColorVictoryHeuristic,1.0,-1.0,Recommended_4_pushVictoryHeuristic,10,8,TwoSides.txt,Jump over 1 marble or blocker or move a marble by 1 space in any direction,Push a column of marbles by 1 space in any direction,"Pushed out marbles return to the center, if it is free. Else they are removed.",You can push opposing marbles if you use more marbles.,Push out 3 opposing marbles.,Recommended_4_pushVictoryHeuristic,Recommended_4_ownColorVictoryHeuristic,"[1, 1]",[],"[1, 1, 1]",[],1
-641694153,MultiverseMarbles,0,GAME_OVER,33,32,2,656,2,Recommended_4_ownColorVictoryHeuristic,2,1,1,Recommended_4_pushVictoryHeuristic,Recommended_4_ownColorVictoryHeuristic,-1.0,1.0,Recommended_4_pushVictoryHeuristic,10,10,TwoSides.txt,Jump over 1 marble or blocker or move a marble by 1 space in any direction,Push a column of marbles by 1 space in any direction,Pushed out marbles are removed from play,You can push opposing marbles if you use equal marbles. Do not split your column while pushing the opponent.,Occupy 1 goal of each color.,Recommended_4_pushVictoryHeuristic,Recommended_4_ownColorVictoryHeuristic,[],[],[],[],0
-1742429599,MultiverseMarbles,0,GAME_OVER,43,42,2,657,2,Recommended_4_ownColorVictoryHeuristic,2,1,1,Recommended_4_pushVictoryHeuristic,Recommended_4_ownColorVictoryHeuristic,-1.0,1.0,Recommended_4_pushVictoryHeuristic,10,10,TwoSides.txt,Move 1 marble by 1 space in any direction.,Push a column of marbles by 1 space in any direction,Pushed out marbles are removed from play,You can push opposing marbles if you use fewer or equal marbles. Do not split your column while pushing the opponent.,Occupy 1 goal of each color.,Recommended_4_pushVictoryHeuristic,Recommended_4_ownColorVictoryHeuristic,[],[],[],[],0
-2043414184,MultiverseMarbles,0,GAME_OVER,196,195,2,658,1,Recommended_4_ownColorVictoryHeuristic,1,2,2,Recommended_4_pushVictoryHeuristic,Recommended_4_ownColorVictoryHeuristic,1.0,-1.0,Recommended_4_pushVictoryHeuristic,8,7,TwoSides.txt,Jump over 1 marble or blocker or move a marble by 1 space in any direction,Push a column of marbles by 1 space in any direction,Pushed out marbles are removed from play,You can push opposing marbles if you use equal marbles. Do not split your column while pushing the opponent.,Push out 3 opposing marbles.,Recommended_4_pushVictoryHeuristic,Recommended_4_ownColorVictoryHeuristic,"[1, 1, 1]","[0, 0]","[1, 1, 1]","[0, 0]",1
1588882028,MultiverseMarbles,0,GAME_OVER,130,129,2,659,1,Recommended_4_ownColorVictoryHeuristic,1,2,2,Recommended_4_pushVictoryHeuristic,Recommended_4_ownColorVictoryHeuristic,1.0,-1.0,Recommended_4_pushVictoryHeuristic,9,9,TwoSides.txt,Move 1 marble by up to 3 spaces in any direction in a straight line.,Push a column of marbles by 1 space in any direction,"Pushed out marbles return to the center, if it is free. Else they are removed.",You can push opposing marbles if you use fewer or equal marbles. Do not split your column while pushing the opponent.,Occupy all goals of your color.,Recommended_4_pushVictoryHeuristic,Recommended_4_ownColorVictoryHeuristic,[1],[0],[1],[0],1
871662777,MultiverseMarbles,0,GAME_OVER,22,21,2,660,1,Recommended_4_ownColorVictoryHeuristic,1,2,2,Recommended_4_pushVictoryHeuristic,Recommended_4_ownColorVictoryHeuristic,1.0,-1.0,Recommended_4_pushVictoryHeuristic,10,10,TwoSides.txt,Move 1 marble exactly 2 spaces in any direction.,Push a column of marbles by 1 space in any direction,Pushed out marbles are removed from play,You can push opposing marbles if you use more marbles.,Occupy 1 goal of each color.,Recommended_4_pushVictoryHeuristic,Recommended_4_ownColorVictoryHeuristic,[],[],[],[],1
-1791427606,MultiverseMarbles,0,GAME_OVER,20,19,2,661,1,Recommended_4_ownColorVictoryHeuristic,1,2,2,Recommended_4_pushVictoryHeuristic,Recommended_4_ownColorVictoryHeuristic,1.0,-1.0,Recommended_4_pushVictoryHeuristic,10,8,TwoSides.txt,Move 1 marble by 1 space in any direction.,Push a column of marbles by 1 space in any direction,Pushed out marbles are removed from play,"You can push opposing marbles if you use an even number of marbles (2, 4 or 6). Do not split your column while pushing the opponent.",Occupy 1 goal of each color.,Recommended_4_pushVictoryHeuristic,Recommended_4_ownColorVictoryHeuristic,"[0, 1]",[],"[0, 1]",[],1
1363510825,MultiverseMarbles,0,GAME_OVER,85,84,2,662,2,Recommended_4_ownColorVictoryHeuristic,2,1,1,Recommended_4_pushVictoryHeuristic,Recommended_4_ownColorVictoryHeuristic,-1.0,1.0,Recommended_4_pushVictoryHeuristic,10,10,TwoSides.txt,Move 1 marble by 1 space in any direction.,Push a column of marbles by 1 space in any direction,Pushed out marbles return to the center. Remove any pre-existing marble.,You can push opposing marbles if you use fewer or equal marbles. Do not split your column while pushing the opponent.,Occupy 1 goal of each color.,Recommended_4_pushVictoryHeuristic,Recommended_4_ownColorVictoryHeuristic,[],[],[],[],0
33308118,MultiverseMarbles,0,GAME_OVER,47,46,2,663,2,Recommended_4_ownColorVictoryHeuristic,2,1,1,Recommended_4_pushVictoryHeuristic,Recommended_4_ownColorVictoryHeuristic,-1.0,1.0,Recommended_4_pushVictoryHeuristic,10,10,TwoSides.txt,Jump over 1 marble or blocker or move a marble by 1 space in any direction,Push a column of marbles by 1 space in any direction,"Pushed out marbles return to the center, if it is free. Else they are removed.","You can push your opposing marbles if you use an uneven number of marbles (1, 3 or 5). Do not split your column while pushing the opponent.",Occupy 3 non-neighbouring goals.,Recommended_4_pushVictoryHeuristic,Recommended_4_ownColorVictoryHeuristic,[],[],[],[],0
-1891042671,MultiverseMarbles,0,GAME_OVER,51,50,2,664,2,Recommended_4_ownColorVictoryHeuristic,2,1,1,Recommended_4_pushVictoryHeuristic,Recommended_4_ownColorVictoryHeuristic,-1.0,1.0,Recommended_4_pushVictoryHeuristic,10,9,TwoSides.txt,Move 1 marble exactly 2 spaces in any direction.,Push a column of marbles by 1 space in any direction,Pushed out marbles return to the center. Remove any pre-existing marble.,"You can push opposing marbles if you use an even number of marbles (2, 4 or 6). Do not split your column while pushing the opponent.",Occupy 3 non-neighbouring goals.,Recommended_4_pushVictoryHeuristic,Recommended_4_ownColorVictoryHeuristic,[],[0],"[0, 0]",[0],0
-784242670,MultiverseMarbles,0,GAME_OVER,40,39,2,665,1,Recommended_4_ownColorVictoryHeuristic,1,2,2,Recommended_4_pushVictoryHeuristic,Recommended_4_ownColorVictoryHeuristic,1.0,-1.0,Recommended_4_pushVictoryHeuristic,10,10,TwoSides.txt,Jump over 1 marble or blocker or move a marble by 1 space in any direction,Push a column of marbles by 1 space in any direction,Pushed out marbles return to the center. Remove any pre-existing marble.,You can push opposing marbles if you use fewer or equal marbles. Do not split your column while pushing the opponent.,Occupy 3 non-neighbouring goals.,Recommended_4_pushVictoryHeuristic,Recommended_4_ownColorVictoryHeuristic,[],[],[],[],1
1746059027,MultiverseMarbles,0,GAME_OVER,185,184,2,666,2,Recommended_4_pushVictoryHeuristic,2,1,1,Recommended_4,Recommended_4_pushVictoryHeuristic,-1.0,1.0,Recommended_4,7,10,TwoSides.txt,Move 1 marble exactly 2 spaces in any direction.,Push a column of marbles by 1 space in any direction,"Pushed out marbles return to the center, if it is free. Else they are removed.","You can push your opposing marbles if you use an uneven number of marbles (1, 3 or 5). Do not split your column while pushing the opponent.",Push out 3 opposing marbles.,Recommended_4,Recommended_4_pushVictoryHeuristic,[],"[1, 0, 0]",[],"[1, 0, 0, 0]",0
1717405991,MultiverseMarbles,0,GAME_OVER,99,98,2,667,2,Recommended_4_pushVictoryHeuristic,2,1,1,Recommended_4,Recommended_4_pushVictoryHeuristic,-1.0,1.0,Recommended_4,6,9,TwoSides.txt,Move 1 marble by 1 space in any direction.,Push a column of marbles by 1 space in any direction,Pushed out marbles are removed from play,You can push opposing marbles if you use more or equal marbles. Do not split your column while pushing the opponent.,Occupy all goals of your color.,Recommended_4,Recommended_4_pushVictoryHeuristic,[1],"[1, 0, 0, 0]",[1],"[1, 0, 0, 0]",0
-815598253,MultiverseMarbles,0,GAME_OVER,29,28,2,668,2,Recommended_4_pushVictoryHeuristic,2,1,1,Recommended_4,Recommended_4_pushVictoryHeuristic,-1.0,1.0,Recommended_4,10,10,TwoSides.txt,Move 1 marble by up to 3 spaces in any direction in a straight line.,Push a column of marbles by 1 space in any direction,Pushed out marbles return to the center. Remove any pre-existing marble.,"You can push your opposing marbles if you use an uneven number of marbles (1, 3 or 5). Do not split your column while pushing the opponent.",Occupy 1 goal of each color.,Recommended_4,Recommended_4_pushVictoryHeuristic,[],[],[],[1],0
2110276287,MultiverseMarbles,0,GAME_OVER,77,76,2,669,2,Recommended_4_pushVictoryHeuristic,2,1,1,Recommended_4,Recommended_4_pushVictoryHeuristic,-1.0,1.0,Recommended_4,6,10,TwoSides.txt,Move 1 marble by up to 3 spaces in any direction in a straight line.,Push a column of marbles by 1 space in any direction,Pushed out marbles are removed from play,You can push opposing marbles if you use fewer or more marbles.,Occupy 3 non-neighbouring goals.,Recommended_4,Recommended_4_pushVictoryHeuristic,[],"[0, 1, 0, 0]",[],"[0, 1, 0, 0]",0
-2066950591,MultiverseMarbles,0,GAME_OVER,21,20,2,670,2,Recommended_4_pushVictoryHeuristic,2,1,1,Recommended_4,Recommended_4_pushVictoryHeuristic,-1.0,1.0,Recommended_4,10,10,TwoSides.txt,Jump over 1 marble or blocker or move a marble by 1 space in any direction,Push a column of marbles by 1 space in any direction,Pushed out marbles return to the center. Remove any pre-existing marble.,You can push opposing marbles if you use equal marbles. Do not split your column while pushing the opponent.,Occupy 1 goal of each color.,Recommended_4,Recommended_4_pushVictoryHeuristic,[],[],[],[],0
-983345474,MultiverseMarbles,0,GAME_OVER,40,39,2,671,1,Recommended_4_pushVictoryHeuristic,1,2,2,Recommended_4,Recommended_4_pushVictoryHeuristic,1.0,-1.0,Recommended_4,10,10,TwoSides.txt,Move 1 marble exactly 2 spaces in any direction.,Push a column of marbles by 1 space in any direction,"Pushed out marbles return to the center, if it is free. Else they are removed.",You can push opposing marbles if you use more marbles.,Occupy all goals of your color.,Recommended_4,Recommended_4_pushVictoryHeuristic,[],[],[1],[1],1
-4526276,MultiverseMarbles,0,GAME_OVER,52,51,2,672,1,Recommended_4_pushVictoryHeuristic,1,2,2,Recommended_4,Recommended_4_pushVictoryHeuristic,1.0,-1.0,Recommended_4,10,10,TwoSides.txt,Jump over 1 marble or blocker or move a marble by 1 space in any direction,Push a column of marbles by 1 space in any direction,"Pushed out marbles return to the center, if it is free. Else they are removed.",You can push opposing marbles if you use fewer or more marbles.,Occupy all goals of your color.,Recommended_4,Recommended_4_pushVictoryHeuristic,[],[],[],[1],1
-216729907,MultiverseMarbles,0,GAME_OVER,133,132,2,673,2,Recommended_4_pushVictoryHeuristic,2,1,1,Recommended_4,Recommended_4_pushVictoryHeuristic,-1.0,1.0,Recommended_4,7,10,TwoSides.txt,Move 1 marble exactly 2 spaces in any direction.,Push a column of marbles by 1 space in any direction,Pushed out marbles are removed from play,You can push opposing marbles if you use equal marbles. Do not split your column while pushing the opponent.,Push out 3 opposing marbles.,Recommended_4,Recommended_4_pushVictoryHeuristic,[],"[0, 0, 0]",[],"[0, 0, 0]",0
1574719807,MultiverseMarbles,0,GAME_OVER,107,106,2,674,2,Recommended_4_pushVictoryHeuristic,2,1,1,Recommended_4,Recommended_4_pushVictoryHeuristic,-1.0,1.0,Recommended_4,4,9,TwoSides.txt,Move 1 marble by up to 3 spaces in any direction in a straight line.,Push a column of marbles by 1 space in any direction,Pushed out marbles are removed from play,You can push opposing marbles if you use more or equal marbles. Do not split your column while pushing the opponent.,Push out 3 opposing marbles.,Recommended_4,Recommended_4_pushVictoryHeuristic,[1],"[0, 0, 1, 1, 1, 0]",[1],"[0, 0, 1, 1, 1, 0]",0
-1713847478,MultiverseMarbles,0,GAME_OVER,99,98,2,675,2,Recommended_4_pushVictoryHeuristic,2,1,1,Recommended_4,Recommended_4_pushVictoryHeuristic,-1.0,1.0,Recommended_4,10,8,TwoSides.txt,Move 1 marble by up to 3 spaces in any direction in a straight line.,Push a column of marbles by 1 space in any direction,Pushed out marbles return to the center. Remove any pre-existing marble.,You can push opposing marbles if you use fewer or more marbles.,Occupy 3 non-neighbouring goals.,Recommended_4,Recommended_4_pushVictoryHeuristic,[],"[1, 0]",[1],"[1, 0, 1, 1]",0
-1976319089,MultiverseMarbles,0,GAME_OVER,32,31,2,676,1,Recommended_4_pushVictoryHeuristic,1,2,2,Recommended_4,Recommended_4_pushVictoryHeuristic,1.0,-1.0,Recommended_4,10,10,TwoSides.txt,Move 1 marble by up to 3 spaces in any direction in a straight line.,Push a column of marbles by 1 space in any direction,Pushed out marbles are removed from play,You can push opposing marbles if you use equal marbles. Do not split your column while pushing the opponent.,Occupy 1 goal of each color.,Recommended_4,Recommended_4_pushVictoryHeuristic,[],[],[],[],1
-2131796781,MultiverseMarbles,0,GAME_OVER,64,63,2,677,1,Recommended_4_pushVictoryHeuristic,1,2,2,Recommended_4,Recommended_4_pushVictoryHeuristic,1.0,-1.0,Recommended_4,9,9,TwoSides.txt,Move 1 marble by 1 space in any direction.,Push a column of marbles by 1 space in any direction,Pushed out marbles are removed from play,You can push opposing marbles if you use more or equal marbles. Do not split your column while pushing the opponent.,Occupy 3 non-neighbouring goals.,Recommended_4,Recommended_4_pushVictoryHeuristic,[1],[1],[1],[1],1
1779048739,MultiverseMarbles,0,GAME_OVER,23,22,2,678,2,Recommended_4_pushVictoryHeuristic,2,1,1,Recommended_4,Recommended_4_pushVictoryHeuristic,-1.0,1.0,Recommended_4,10,10,TwoSides.txt,Jump over 1 marble or blocker or move a marble by 1 space in any direction,Push a column of marbles by 1 space in any direction,"Pushed out marbles return to the center, if it is free. Else they are removed.",You can push opposing marbles if you use equal marbles. Do not split your column while pushing the opponent.,Occupy 1 goal of each color.,Recommended_4,Recommended_4_pushVictoryHeuristic,[],[],[],[],0
1562152964,MultiverseMarbles,0,GAME_OVER,131,130,2,679,2,Recommended_4_pushVictoryHeuristic,2,1,1,Recommended_4,Recommended_4_pushVictoryHeuristic,-1.0,1.0,Recommended_4,9,10,TwoSides.txt,Move 1 marble by up to 3 spaces in any direction in a straight line.,Push a column of marbles by 1 space in any direction,"Pushed out marbles return to the center, if it is free. Else they are removed.",You can push opposing marbles if you use equal marbles. Do not split your column while pushing the opponent.,Push out 3 opposing marbles.,Recommended_4,Recommended_4_pushVictoryHeuristic,[],[0],[],"[0, 0, 0]",0
270059829,MultiverseMarbles,0,GAME_OVER,19,18,2,680,2,Recommended_4_pushVictoryHeuristic,2,1,1,Recommended_4,Recommended_4_pushVictoryHeuristic,-1.0,1.0,Recommended_4,10,10,TwoSides.txt,Jump over 1 marble or blocker or move a marble by 1 space in any direction,Push a column of marbles by 1 space in any direction,"Pushed out marbles return to the center, if it is free. Else they are removed.",You can push opposing marbles if you use more marbles.,Occupy 1 goal of each color.,Recommended_4,Recommended_4_pushVictoryHeuristic,[],[],[],[],0
-926384225,MultiverseMarbles,0,GAME_OVER,77,76,2,681,2,Recommended_4_pushVictoryHeuristic,2,1,1,Recommended_4,Recommended_4_pushVictoryHeuristic,-1.0,1.0,Recommended_4,9,10,TwoSides.txt,Move 1 marble by 1 space in any direction.,Push a column of marbles by 1 space in any direction,"Pushed out marbles return to the center, if it is free. Else they are removed.","You can push opposing marbles if you use an even number of marbles (2, 4 or 6). Do not split your column while pushing the opponent.",Push out 3 opposing marbles.,Recommended_4,Recommended_4_pushVictoryHeuristic,[],[0],[],"[1, 0, 1, 0, 0]",0
-1328314967,MultiverseMarbles,0,GAME_OVER,46,45,2,682,1,Recommended_4_pushVictoryHeuristic,1,2,2,Recommended_4,Recommended_4_pushVictoryHeuristic,1.0,-1.0,Recommended_4,8,9,TwoSides.txt,Move 1 marble by up to 3 spaces in any direction in a straight line.,Push a column of marbles by 1 space in any direction,Pushed out marbles are removed from play,You can push opposing marbles if you use more marbles.,Occupy 1 goal of each color.,Recommended_4,Recommended_4_pushVictoryHeuristic,[1],"[1, 1]",[1],"[1, 1]",1
-1794392388,MultiverseMarbles,0,GAME_OVER,111,110,2,683,2,Recommended_4_pushVictoryHeuristic,2,1,1,Recommended_4,Recommended_4_pushVictoryHeuristic,-1.0,1.0,Recommended_4,10,10,TwoSides.txt,Move 1 marble by 1 space in any direction.,Push a column of marbles by 1 space in any direction,"Pushed out marbles return to the center, if it is free. Else they are removed.",You can push opposing marbles if you use equal marbles. Do not split your column while pushing the opponent.,Occupy all goals of your color.,Recommended_4,Recommended_4_pushVictoryHeuristic,[],[],[],[0],0
697560613,MultiverseMarbles,0,GAME_OVER,194,193,2,684,1,Recommended_4_pushVictoryHeuristic,1,2,2,Recommended_4,Recommended_4_pushVictoryHeuristic,1.0,-1.0,Recommended_4,5,7,TwoSides.txt,Move 1 marble exactly 2 spaces in any direction.,Push a column of marbles by 1 space in any direction,Pushed out marbles return to the center. Remove any pre-existing marble.,You can push opposing marbles if you use fewer or more marbles.,Occupy all goals of your color.,Recommended_4,Recommended_4_pushVictoryHeuristic,[1],"[1, 1, 0, 0, 0, 0, 0]",[1],"[1, 1, 0, 0, 1, 0, 1, 0, 0, 0, 0, 0]",1
-1554531401,MultiverseMarbles,0,GAME_OVER,73,72,2,685,2,Recommended_4_pushVictoryHeuristic,2,1,1,Recommended_4,Recommended_4_pushVictoryHeuristic,-1.0,1.0,Recommended_4,4,10,TwoSides.txt,Move 1 marble by up to 3 spaces in any direction in a straight line.,Push a column of marbles by 1 space in any direction,Pushed out marbles are removed from play,You can push opposing marbles if you use fewer or more marbles.,Occupy all goals of your color.,Recommended_4,Recommended_4_pushVictoryHeuristic,[],"[1, 0, 0, 1, 1, 0]",[],"[1, 0, 0, 1, 1, 0]",0
1853893906,MultiverseMarbles,0,GAME_OVER,101,100,2,686,2,Recommended_4_pushVictoryHeuristic,2,1,1,Recommended_4,Recommended_4_pushVictoryHeuristic,-1.0,1.0,Recommended_4,6,8,TwoSides.txt,Move 1 marble by 1 space in any direction.,Push a column of marbles by 1 space in any direction,Pushed out marbles return to the center. Remove any pre-existing marble.,"You can push opposing marbles if you use an even number of marbles (2, 4 or 6). Do not split your column while pushing the opponent.",Push out 3 opposing marbles.,Recommended_4,Recommended_4_pushVictoryHeuristic,[],"[1, 1, 1, 0, 1, 0]",[],"[1, 1, 1, 0, 1, 0, 0]",0
-1337721364,MultiverseMarbles,0,GAME_OVER,21,20,2,687,2,Recommended_4_pushVictoryHeuristic,2,1,1,Recommended_4,Recommended_4_pushVictoryHeuristic,-1.0,1.0,Recommended_4,10,10,TwoSides.txt,Move 1 marble exactly 2 spaces in any direction.,Push a column of marbles by 1 space in any direction,"Pushed out marbles return to the center, if it is free. Else they are removed.",You can push opposing marbles if you use fewer or equal marbles. Do not split your column while pushing the opponent.,Occupy 3 non-neighbouring goals.,Recommended_4,Recommended_4_pushVictoryHeuristic,[],[],[],[],0
-713051166,MultiverseMarbles,0,GAME_OVER,77,76,2,688,2,Recommended_4_pushVictoryHeuristic,2,1,1,Recommended_4,Recommended_4_pushVictoryHeuristic,-1.0,1.0,Recommended_4,10,10,TwoSides.txt,Jump over 1 marble or blocker or move a marble by 1 space in any direction,Push a column of marbles by 1 space in any direction,Pushed out marbles are removed from play,You can push opposing marbles if you use equal marbles. Do not split your column while pushing the opponent.,Occupy all goals of your color.,Recommended_4,Recommended_4_pushVictoryHeuristic,[],[],[],[],0
-1483613300,MultiverseMarbles,0,GAME_OVER,139,138,2,689,2,Recommended_4_pushVictoryHeuristic,2,1,1,Recommended_4,Recommended_4_pushVictoryHeuristic,-1.0,1.0,Recommended_4,8,10,TwoSides.txt,Jump over 1 marble or blocker or move a marble by 1 space in any direction,Push a column of marbles by 1 space in any direction,"Pushed out marbles return to the center, if it is free. Else they are removed.",You can push opposing marbles if you use fewer or equal marbles. Do not split your column while pushing the opponent.,Push out 3 opposing marbles.,Recommended_4,Recommended_4_pushVictoryHeuristic,[],"[0, 0]",[],"[0, 0, 0]",0
-1499468216,MultiverseMarbles,0,GAME_OVER,46,45,2,690,1,Recommended_4_pushVictoryHeuristic,1,2,2,Recommended_4,Recommended_4_pushVictoryHeuristic,1.0,-1.0,Recommended_4,10,10,TwoSides.txt,Move 1 marble by 1 space in any direction.,Push a column of marbles by 1 space in any direction,"Pushed out marbles return to the center, if it is free. Else they are removed.",You can push opposing marbles if you use equal marbles. Do not split your column while pushing the opponent.,Occupy 1 goal of each color.,Recommended_4,Recommended_4_pushVictoryHeuristic,[],[],[],[],1
739787273,MultiverseMarbles,0,GAME_OVER,60,59,2,691,1,Recommended_4_pushVictoryHeuristic,1,2,2,Recommended_4,Recommended_4_pushVictoryHeuristic,1.0,-1.0,Recommended_4,9,10,TwoSides.txt,Jump over 1 marble or blocker or move a marble by 1 space in any direction,Push a column of marbles by 1 space in any direction,Pushed out marbles are removed from play,You can push opposing marbles if you use more marbles.,Occupy 3 non-neighbouring goals.,Recommended_4,Recommended_4_pushVictoryHeuristic,[],[1],[],[1],1
-1782714297,MultiverseMarbles,0,GAME_OVER,46,45,2,692,1,Recommended_4_pushVictoryHeuristic,1,2,2,Recommended_4,Recommended_4_pushVictoryHeuristic,1.0,-1.0,Recommended_4,10,10,TwoSides.txt,Move 1 marble by 1 space in any direction.,Push a column of marbles by 1 space in any direction,Pushed out marbles return to the center. Remove any pre-existing marble.,You can push opposing marbles if you use more or equal marbles. Do not split your column while pushing the opponent.,Occupy 1 goal of each color.,Recommended_4,Recommended_4_pushVictoryHeuristic,[],[],[1],[1],1
-646364434,MultiverseMarbles,0,GAME_OVER,101,100,2,693,2,Recommended_4_pushVictoryHeuristic,2,1,1,Recommended_4,Recommended_4_pushVictoryHeuristic,-1.0,1.0,Recommended_4,9,10,TwoSides.txt,Move 1 marble by up to 3 spaces in any direction in a straight line.,Push a column of marbles by 1 space in any direction,"Pushed out marbles return to the center, if it is free. Else they are removed.",You can push opposing marbles if you use equal marbles. Do not split your column while pushing the opponent.,Occupy all goals of your color.,Recommended_4,Recommended_4_pushVictoryHeuristic,[],[0],[],"[0, 0, 0]",0
1084719429,MultiverseMarbles,0,GAME_OVER,23,22,2,694,2,Recommended_4_pushVictoryHeuristic,2,1,1,Recommended_4,Recommended_4_pushVictoryHeuristic,-1.0,1.0,Recommended_4,9,10,TwoSides.txt,Move 1 marble exactly 2 spaces in any direction.,Push a column of marbles by 1 space in any direction,"Pushed out marbles return to the center, if it is free. Else they are removed.",You can push opposing marbles if you use fewer or equal marbles. Do not split your column while pushing the opponent.,Occupy 3 non-neighbouring goals.,Recommended_4,Recommended_4_pushVictoryHeuristic,[],[0],[],"[0, 0]",0
1160060956,MultiverseMarbles,0,GAME_OVER,18,17,2,695,1,Recommended_4_pushVictoryHeuristic,1,2,2,Recommended_4,Recommended_4_pushVictoryHeuristic,1.0,-1.0,Recommended_4,10,10,TwoSides.txt,Move 1 marble exactly 2 spaces in any direction.,Push a column of marbles by 1 space in any direction,Pushed out marbles return to the center. Remove any pre-existing marble.,"You can push your opposing marbles if you use an uneven number of marbles (1, 3 or 5). Do not split your column while pushing the opponent.",Occupy 3 non-neighbouring goals.,Recommended_4,Recommended_4_pushVictoryHeuristic,[],[],[],[1],1
-1070377338,MultiverseMarbles,0,GAME_OVER,75,74,2,696,2,Recommended_4_pushVictoryHeuristic,2,1,1,Recommended_4,Recommended_4_pushVictoryHeuristic,-1.0,1.0,Recommended_4,6,10,TwoSides.txt,Jump over 1 marble or blocker or move a marble by 1 space in any direction,Push a column of marbles by 1 space in any direction,"Pushed out marbles return to the center, if it is free. Else they are removed.","You can push opposing marbles if you use an even number of marbles (2, 4 or 6). Do not split your column while pushing the opponent.",Push out 3 opposing marbles.,Recommended_4,Recommended_4_pushVictoryHeuristic,[],"[1, 1, 0, 0]",[],"[1, 1, 0, 0, 0]",0
-369041982,MultiverseMarbles,0,GAME_OVER,48,47,2,697,1,Recommended_4_pushVictoryHeuristic,1,2,2,Recommended_4,Recommended_4_pushVictoryHeuristic,1.0,-1.0,Recommended_4,7,10,TwoSides.txt,Move 1 marble exactly 2 spaces in any direction.,Push a column of marbles by 1 space in any direction,"Pushed out marbles return to the center, if it is free. Else they are removed.",You can push opposing marbles if you use more or equal marbles. Do not split your column while pushing the opponent.,Occupy all goals of your color.,Recommended_4,Recommended_4_pushVictoryHeuristic,[],"[1, 0, 1]",[],"[1, 1, 0, 1]",1
1140185526,MultiverseMarbles,0,GAME_OVER,18,17,2,698,1,Recommended_4_pushVictoryHeuristic,1,2,2,Recommended_4,Recommended_4_pushVictoryHeuristic,1.0,-1.0,Recommended_4,10,10,TwoSides.txt,Jump over 1 marble or blocker or move a marble by 1 space in any direction,Push a column of marbles by 1 space in any direction,"Pushed out marbles return to the center, if it is free. Else they are removed.",You can push opposing marbles if you use fewer or more marbles.,Occupy 1 goal of each color.,Recommended_4,Recommended_4_pushVictoryHeuristic,[],[],[],[],1
473415057,MultiverseMarbles,0,GAME_OVER,27,26,2,699,2,Recommended_4_pushVictoryHeuristic,2,1,1,Recommended_4,Recommended_4_pushVictoryHeuristic,-1.0,1.0,Recommended_4,10,10,TwoSides.txt,Move 1 marble by up to 3 spaces in any direction in a straight line.,Push a column of marbles by 1 space in any direction,Pushed out marbles return to the center. Remove any pre-existing marble.,You can push opposing marbles if you use equal marbles. Do not split your column while pushing the opponent.,Occupy 3 non-neighbouring goals.,Recommended_4,Recommended_4_pushVictoryHeuristic,[],[],[],[],0
-1610347411,MultiverseMarbles,0,GAME_OVER,113,112,2,700,2,Recommended_4_pushVictoryHeuristic,2,1,1,Recommended_4,Recommended_4_pushVictoryHeuristic,-1.0,1.0,Recommended_4,7,10,TwoSides.txt,Move 1 marble by 1 space in any direction.,Push a column of marbles by 1 space in any direction,Pushed out marbles are removed from play,You can push opposing marbles if you use fewer or equal marbles. Do not split your column while pushing the opponent.,Push out 3 opposing marbles.,Recommended_4,Recommended_4_pushVictoryHeuristic,[],"[0, 0, 0]",[],"[0, 0, 0]",0
1587725811,MultiverseMarbles,0,GAME_OVER,58,57,2,701,1,Recommended_4_pushVictoryHeuristic,1,2,2,Recommended_4,Recommended_4_pushVictoryHeuristic,1.0,-1.0,Recommended_4,8,10,TwoSides.txt,Jump over 1 marble or blocker or move a marble by 1 space in any direction,Push a column of marbles by 1 space in any direction,Pushed out marbles are removed from play,You can push opposing marbles if you use more marbles.,Occupy 3 non-neighbouring goals.,Recommended_4,Recommended_4_pushVictoryHeuristic,[],"[1, 1]",[],"[1, 1]",1
-1593702437,MultiverseMarbles,0,GAME_OVER,37,36,2,702,2,Recommended_4_pushVictoryHeuristic,2,1,1,Recommended_4,Recommended_4_pushVictoryHeuristic,-1.0,1.0,Recommended_4,9,10,TwoSides.txt,Move 1 marble exactly 2 spaces in any direction.,Push a column of marbles by 1 space in any direction,Pushed out marbles return to the center. Remove any pre-existing marble.,"You can push opposing marbles if you use an even number of marbles (2, 4 or 6). Do not split your column while pushing the opponent.",Occupy 1 goal of each color.,Recommended_4,Recommended_4_pushVictoryHeuristic,[0],[],[0],"[1, 1, 0]",0
-1592563377,MultiverseMarbles,0,GAME_OVER,161,160,2,703,2,Recommended_4_pushVictoryHeuristic,2,1,1,Recommended_4,Recommended_4_pushVictoryHeuristic,-1.0,1.0,Recommended_4,9,10,TwoSides.txt,Move 1 marble exactly 2 spaces in any direction.,Push a column of marbles by 1 space in any direction,"Pushed out marbles return to the center, if it is free. Else they are removed.",You can push opposing marbles if you use equal marbles. Do not split your column while pushing the opponent.,Push out 3 opposing marbles.,Recommended_4,Recommended_4_pushVictoryHeuristic,[],[0],[],"[0, 0, 0]",0
1772998635,MultiverseMarbles,0,GAME_OVER,75,74,2,704,2,Recommended_4_pushVictoryHeuristic,2,1,1,Recommended_4,Recommended_4_pushVictoryHeuristic,-1.0,1.0,Recommended_4,8,10,TwoSides.txt,Move 1 marble by 1 space in any direction.,Push a column of marbles by 1 space in any direction,Pushed out marbles are removed from play,You can push opposing marbles if you use fewer or equal marbles. Do not split your column while pushing the opponent.,Occupy 1 goal of each color.,Recommended_4,Recommended_4_pushVictoryHeuristic,[],"[0, 0]",[],"[0, 0]",0
199677094,MultiverseMarbles,0,GAME_OVER,103,102,2,705,2,Recommended_4_pushVictoryHeuristic,2,1,1,Recommended_4,Recommended_4_pushVictoryHeuristic,-1.0,1.0,Recommended_4,8,9,TwoSides.txt,Move 1 marble by up to 3 spaces in any direction in a straight line.,Push a column of marbles by 1 space in any direction,Pushed out marbles are removed from play,"You can push your opposing marbles if you use an uneven number of marbles (1, 3 or 5). Do not split your column while pushing the opponent.",Occupy all goals of your color.,Recommended_4,Recommended_4_pushVictoryHeuristic,[1],"[0, 1]",[1],"[0, 1]",0
923517872,MultiverseMarbles,0,GAME_OVER,64,63,2,706,1,Recommended_4_pushVictoryHeuristic,1,2,2,Recommended_4,Recommended_4_pushVictoryHeuristic,1.0,-1.0,Recommended_4,6,9,TwoSides.txt,Move 1 marble exactly 2 spaces in any direction.,Push a column of marbles by 1 space in any direction,Pushed out marbles return to the center. Remove any pre-existing marble.,You can push opposing marbles if you use more or equal marbles. Do not split your column while pushing the opponent.,Occupy all goals of your color.,Recommended_4,Recommended_4_pushVictoryHeuristic,[],"[1, 0, 0, 1, 0]",[1],"[0, 1, 0, 0, 0, 1, 0, 1]",1
416231944,MultiverseMarbles,0,GAME_OVER,83,82,2,707,2,Recommended_4_pushVictoryHeuristic,2,1,1,Recommended_4,Recommended_4_pushVictoryHeuristic,-1.0,1.0,Recommended_4,8,10,TwoSides.txt,Move 1 marble by up to 3 spaces in any direction in a straight line.,Push a column of marbles by 1 space in any direction,"Pushed out marbles return to the center, if it is free. Else they are removed.",You can push opposing marbles if you use more marbles.,Push out 3 opposing marbles.,Recommended_4,Recommended_4_pushVictoryHeuristic,[],"[1, 0]",[],"[1, 1, 0, 0, 0]",0
-211783469,MultiverseMarbles,0,GAME_OVER,200,200,2,708,1,Recommended_4_pushVictoryHeuristic,1,1,1,Recommended_4,Recommended_4_pushVictoryHeuristic,-3.0,-3.0,Recommended_4,8,10,TwoSides.txt,Move 1 marble exactly 2 spaces in any direction.,Push a column of marbles by 1 space in any direction,Pushed out marbles are removed from play,You can push opposing marbles if you use fewer or equal marbles. Do not split your column while pushing the opponent.,Occupy 3 non-neighbouring goals.,Recommended_4,Recommended_4_pushVictoryHeuristic,[],"[0, 0]",[],"[0, 0]",-1
1227133617,MultiverseMarbles,0,GAME_OVER,48,47,2,709,1,Recommended_4_pushVictoryHeuristic,1,2,2,Recommended_4,Recommended_4_pushVictoryHeuristic,1.0,-1.0,Recommended_4,7,10,TwoSides.txt,Move 1 marble exactly 2 spaces in any direction.,Push a column of marbles by 1 space in any direction,Pushed out marbles are removed from play,You can push opposing marbles if you use more marbles.,Occupy 3 non-neighbouring goals.,Recommended_4,Recommended_4_pushVictoryHeuristic,[],"[0, 1, 1]",[],"[0, 1, 1]",1
1588004433,MultiverseMarbles,0,GAME_OVER,71,70,2,710,2,Recommended_4_pushVictoryHeuristic,2,1,1,Recommended_4,Recommended_4_pushVictoryHeuristic,-1.0,1.0,Recommended_4,5,10,TwoSides.txt,Jump over 1 marble or blocker or move a marble by 1 space in any direction,Push a column of marbles by 1 space in any direction,Pushed out marbles are removed from play,"You can push opposing marbles if you use an even number of marbles (2, 4 or 6). Do not split your column while pushing the opponent.",Occupy all goals of your color.,Recommended_4,Recommended_4_pushVictoryHeuristic,[],"[0, 0, 1, 1, 0]",[],"[0, 0, 1, 1, 0]",0
-1488581167,MultiverseMarbles,0,GAME_OVER,95,94,2,711,2,Recommended_4_pushVictoryHeuristic,2,1,1,Recommended_4,Recommended_4_pushVictoryHeuristic,-1.0,1.0,Recommended_4,4,10,TwoSides.txt,Move 1 marble by up to 3 spaces in any direction in a straight line.,Push a column of marbles by 1 space in any direction,Pushed out marbles are removed from play,You can push opposing marbles if you use more or equal marbles. Do not split your column while pushing the opponent.,Occupy all goals of your color.,Recommended_4,Recommended_4_pushVictoryHeuristic,[],"[1, 1, 1, 1, 0, 0]",[],"[1, 1, 1, 1, 0, 0]",0
-776101153,MultiverseMarbles,0,GAME_OVER,93,92,2,712,2,Recommended_4_pushVictoryHeuristic,2,1,1,Recommended_4,Recommended_4_pushVictoryHeuristic,-1.0,1.0,Recommended_4,10,10,TwoSides.txt,Jump over 1 marble or blocker or move a marble by 1 space in any direction,Push a column of marbles by 1 space in any direction,Pushed out marbles return to the center. Remove any pre-existing marble.,You can push opposing marbles if you use equal marbles. Do not split your column while pushing the opponent.,Occupy all goals of your color.,Recommended_4,Recommended_4_pushVictoryHeuristic,[],[],[],[],0
-1735443380,MultiverseMarbles,0,GAME_OVER,108,107,2,713,2,Recommended_4_pushVictoryHeuristic,2,1,1,Recommended_4,Recommended_4_pushVictoryHeuristic,-1.0,1.0,Recommended_4,9,10,TwoSides.txt,Move 1 marble by up to 3 spaces in any direction in a straight line.,Push a column of marbles by 1 space in any direction,Pushed out marbles return to the center. Remove any pre-existing marble.,You can push opposing marbles if you use fewer or equal marbles. Do not split your column while pushing the opponent.,Occupy 3 non-neighbouring goals.,Recommended_4,Recommended_4_pushVictoryHeuristic,[],[1],[],[1],0
-1004710502,MultiverseMarbles,0,GAME_OVER,35,34,2,714,2,Recommended_4_pushVictoryHeuristic,2,1,1,Recommended_4,Recommended_4_pushVictoryHeuristic,-1.0,1.0,Recommended_4,8,10,TwoSides.txt,Move 1 marble by up to 3 spaces in any direction in a straight line.,Push a column of marbles by 1 space in any direction,Pushed out marbles are removed from play,"You can push your opposing marbles if you use an uneven number of marbles (1, 3 or 5). Do not split your column while pushing the opponent.",Occupy 3 non-neighbouring goals.,Recommended_4,Recommended_4_pushVictoryHeuristic,[],"[1, 0]",[],"[1, 0]",0
-1482070284,MultiverseMarbles,0,GAME_OVER,30,29,2,715,1,Recommended_4_pushVictoryHeuristic,1,2,2,Recommended_4,Recommended_4_pushVictoryHeuristic,1.0,-1.0,Recommended_4,10,10,TwoSides.txt,Move 1 marble by 1 space in any direction.,Push a column of marbles by 1 space in any direction,Pushed out marbles return to the center. Remove any pre-existing marble.,You can push opposing marbles if you use fewer or more marbles.,Occupy 1 goal of each color.,Recommended_4,Recommended_4_pushVictoryHeuristic,[],[],[],[],1
1681222646,MultiverseMarbles,0,GAME_OVER,97,96,2,716,2,Recommended_4_pushVictoryHeuristic,2,1,1,Recommended_4,Recommended_4_pushVictoryHeuristic,-1.0,1.0,Recommended_4,6,10,TwoSides.txt,Move 1 marble exactly 2 spaces in any direction.,Push a column of marbles by 1 space in any direction,"Pushed out marbles return to the center, if it is free. Else they are removed.","You can push your opposing marbles if you use an uneven number of marbles (1, 3 or 5). Do not split your column while pushing the opponent.",Push out 3 opposing marbles.,Recommended_4,Recommended_4_pushVictoryHeuristic,[],"[1, 0, 0, 0]",[],"[1, 0, 0, 0]",0
-1806578679,MultiverseMarbles,0,GAME_OVER,121,120,2,717,2,Recommended_4_pushVictoryHeuristic,2,1,1,Recommended_4,Recommended_4_pushVictoryHeuristic,-1.0,1.0,Recommended_4,10,10,TwoSides.txt,Jump over 1 marble or blocker or move a marble by 1 space in any direction,Push a column of marbles by 1 space in any direction,"Pushed out marbles return to the center, if it is free. Else they are removed.",You can push opposing marbles if you use fewer or equal marbles. Do not split your column while pushing the opponent.,Occupy all goals of your color.,Recommended_4,Recommended_4_pushVictoryHeuristic,[],[],[],[],0
1059431949,MultiverseMarbles,0,GAME_OVER,97,96,2,718,2,Recommended_4_pushVictoryHeuristic,2,1,1,Recommended_4,Recommended_4_pushVictoryHeuristic,-1.0,1.0,Recommended_4,3,8,TwoSides.txt,Move 1 marble by 1 space in any direction.,Push a column of marbles by 1 space in any direction,Pushed out marbles are removed from play,You can push opposing marbles if you use more or equal marbles. Do not split your column while pushing the opponent.,Occupy all goals of your color.,Recommended_4,Recommended_4_pushVictoryHeuristic,"[1, 1]","[1, 0, 0, 1, 1, 1, 0]","[1, 1]","[1, 0, 0, 1, 1, 1, 0]",0
-1326505467,MultiverseMarbles,0,GAME_OVER,17,16,2,719,2,Recommended_4_pushVictoryHeuristic,2,1,1,Recommended_4,Recommended_4_pushVictoryHeuristic,-1.0,1.0,Recommended_4,10,10,TwoSides.txt,Move 1 marble by up to 3 spaces in any direction in a straight line.,Push a column of marbles by 1 space in any direction,Pushed out marbles are removed from play,You can push opposing marbles if you use more or equal marbles. Do not split your column while pushing the opponent.,Occupy 1 goal of each color.,Recommended_4,Recommended_4_pushVictoryHeuristic,[],[],[],[],0
-2084261199,MultiverseMarbles,0,GAME_OVER,31,30,2,720,2,Recommended_4_pushVictoryHeuristic,2,1,1,Recommended_4,Recommended_4_pushVictoryHeuristic,-1.0,1.0,Recommended_4,10,10,TwoSides.txt,Jump over 1 marble or blocker or move a marble by 1 space in any direction,Push a column of marbles by 1 space in any direction,Pushed out marbles are removed from play,You can push opposing marbles if you use fewer or equal marbles. Do not split your column while pushing the opponent.,Occupy 1 goal of each color.,Recommended_4,Recommended_4_pushVictoryHeuristic,[],[],[],[],0
1668038913,MultiverseMarbles,0,GAME_OVER,39,38,2,721,2,Recommended_4_pushVictoryHeuristic,2,1,1,Recommended_4,Recommended_4_pushVictoryHeuristic,-1.0,1.0,Recommended_4,7,10,TwoSides.txt,Move 1 marble exactly 2 spaces in any direction.,Push a column of marbles by 1 space in any direction,"Pushed out marbles return to the center, if it is free. Else they are removed.",You can push opposing marbles if you use more or equal marbles. Do not split your column while pushing the opponent.,Push out 3 opposing marbles.,Recommended_4,Recommended_4_pushVictoryHeuristic,[],"[0, 0, 0]",[],"[0, 0, 0]",0
840824568,MultiverseMarbles,0,GAME_OVER,103,102,2,722,2,Recommended_4_pushVictoryHeuristic,2,1,1,Recommended_4,Recommended_4_pushVictoryHeuristic,-1.0,1.0,Recommended_4,5,10,TwoSides.txt,Move 1 marble by 1 space in any direction.,Push a column of marbles by 1 space in any direction,"Pushed out marbles return to the center, if it is free. Else they are removed.",You can push opposing marbles if you use fewer or more marbles.,Push out 3 opposing marbles.,Recommended_4,Recommended_4_pushVictoryHeuristic,[],"[1, 1, 0, 0, 0]",[],"[1, 1, 0, 1, 0, 0]",0
215052595,MultiverseMarbles,0,GAME_OVER,28,27,2,723,1,Recommended_4_pushVictoryHeuristic,1,2,2,Recommended_4,Recommended_4_pushVictoryHeuristic,1.0,-1.0,Recommended_4,9,10,TwoSides.txt,Move 1 marble exactly 2 spaces in any direction.,Push a column of marbles by 1 space in any direction,Pushed out marbles return to the center. Remove any pre-existing marble.,You can push opposing marbles if you use more or equal marbles. Do not split your column while pushing the opponent.,Occupy 1 goal of each color.,Recommended_4,Recommended_4_pushVictoryHeuristic,[],[1],[0],"[1, 1]",1
-1355828965,MultiverseMarbles,0,GAME_OVER,117,116,2,724,2,Recommended_4_pushVictoryHeuristic,2,1,1,Recommended_4,Recommended_4_pushVictoryHeuristic,-1.0,1.0,Recommended_4,7,10,TwoSides.txt,Jump over 1 marble or blocker or move a marble by 1 space in any direction,Push a column of marbles by 1 space in any direction,Pushed out marbles are removed from play,You can push opposing marbles if you use equal marbles. Do not split your column while pushing the opponent.,Push out 3 opposing marbles.,Recommended_4,Recommended_4_pushVictoryHeuristic,[],"[0, 0, 0]",[],"[0, 0, 0]",0
-698182577,MultiverseMarbles,0,GAME_OVER,20,19,2,725,1,Recommended_4_pushVictoryHeuristic,1,2,2,Recommended_4,Recommended_4_pushVictoryHeuristic,1.0,-1.0,Recommended_4,10,10,TwoSides.txt,Move 1 marble by up to 3 spaces in any direction in a straight line.,Push a column of marbles by 1 space in any direction,Pushed out marbles return to the center. Remove any pre-existing marble.,You can push opposing marbles if you use more or equal marbles. Do not split your column while pushing the opponent.,Occupy 3 non-neighbouring goals.,Recommended_4,Recommended_4_pushVictoryHeuristic,[],[],[],[1],1
-805303081,MultiverseMarbles,0,GAME_OVER,125,124,2,726,2,Recommended_4_pushVictoryHeuristic,2,1,1,Recommended_4,Recommended_4_pushVictoryHeuristic,-1.0,1.0,Recommended_4,1,10,TwoSides.txt,Move 1 marble by up to 3 spaces in any direction in a straight line.,Push a column of marbles by 1 space in any direction,Pushed out marbles are removed from play,You can push opposing marbles if you use more or equal marbles. Do not split your column while pushing the opponent.,Push out 3 opposing marbles.,Recommended_4,Recommended_4_pushVictoryHeuristic,[],"[1, 1, 1, 0, 0, 1, 1, 1, 0]",[],"[1, 1, 1, 0, 0, 1, 1, 1, 0]",0
-324532001,MultiverseMarbles,0,GAME_OVER,33,32,2,727,2,Recommended_4_pushVictoryHeuristic,2,1,1,Recommended_4,Recommended_4_pushVictoryHeuristic,-1.0,1.0,Recommended_4,8,10,TwoSides.txt,Move 1 marble by 1 space in any direction.,Push a column of marbles by 1 space in any direction,Pushed out marbles return to the center. Remove any pre-existing marble.,You can push opposing marbles if you use more marbles.,Occupy 1 goal of each color.,Recommended_4,Recommended_4_pushVictoryHeuristic,[],"[1, 1]",[],"[1, 1, 1]",0
-2127933512,MultiverseMarbles,0,GAME_OVER,91,90,2,728,2,Recommended_4_pushVictoryHeuristic,2,1,1,Recommended_4,Recommended_4_pushVictoryHeuristic,-1.0,1.0,Recommended_4,9,10,TwoSides.txt,Jump over 1 marble or blocker or move a marble by 1 space in any direction,Push a column of marbles by 1 space in any direction,"Pushed out marbles return to the center, if it is free. Else they are removed.",You can push opposing marbles if you use fewer or equal marbles. Do not split your column while pushing the opponent.,Push out 3 opposing marbles.,Recommended_4,Recommended_4_pushVictoryHeuristic,[],[0],[],"[0, 0, 0]",0
1474367938,MultiverseMarbles,0,GAME_OVER,10,9,2,729,1,Recommended_4_pushVictoryHeuristic,1,2,2,Recommended_4,Recommended_4_pushVictoryHeuristic,1.0,-1.0,Recommended_4,10,10,TwoSides.txt,Move 1 marble exactly 2 spaces in any direction.,Push a column of marbles by 1 space in any direction,"Pushed out marbles return to the center, if it is free. Else they are removed.",You can push opposing marbles if you use equal marbles. Do not split your column while pushing the opponent.,Occupy 3 non-neighbouring goals.,Recommended_4,Recommended_4_pushVictoryHeuristic,[],[],[],[],1
402451958,MultiverseMarbles,0,GAME_OVER,81,80,2,730,2,Recommended_4_pushVictoryHeuristic,2,1,1,Recommended_4,Recommended_4_pushVictoryHeuristic,-1.0,1.0,Recommended_4,9,9,TwoSides.txt,Move 1 marble by up to 3 spaces in any direction in a straight line.,Push a column of marbles by 1 space in any direction,"Pushed out marbles return to the center, if it is free. Else they are removed.",You can push opposing marbles if you use more marbles.,Occupy 1 goal of each color.,Recommended_4,Recommended_4_pushVictoryHeuristic,[0],[0],[0],"[1, 0, 1, 0]",0
1539803506,MultiverseMarbles,0,GAME_OVER,127,126,2,731,2,Recommended_4_pushVictoryHeuristic,2,1,1,Recommended_4,Recommended_4_pushVictoryHeuristic,-1.0,1.0,Recommended_4,9,10,TwoSides.txt,Move 1 marble by up to 3 spaces in any direction in a straight line.,Push a column of marbles by 1 space in any direction,"Pushed out marbles return to the center, if it is free. Else they are removed.",You can push opposing marbles if you use fewer or equal marbles. Do not split your column while pushing the opponent.,Push out 3 opposing marbles.,Recommended_4,Recommended_4_pushVictoryHeuristic,[],[0],[],"[0, 0, 0]",0
58502344,MultiverseMarbles,0,GAME_OVER,19,18,2,732,2,Recommended_4_pushVictoryHeuristic,2,1,1,Recommended_4,Recommended_4_pushVictoryHeuristic,-1.0,1.0,Recommended_4,10,10,TwoSides.txt,Move 1 marble exactly 2 spaces in any direction.,Push a column of marbles by 1 space in any direction,Pushed out marbles return to the center. Remove any pre-existing marble.,You can push opposing marbles if you use equal marbles. Do not split your column while pushing the opponent.,Occupy 1 goal of each color.,Recommended_4,Recommended_4_pushVictoryHeuristic,[],[],[],[],0
-813627443,MultiverseMarbles,0,GAME_OVER,108,107,2,733,1,Recommended_4_pushVictoryHeuristic,1,2,2,Recommended_4,Recommended_4_pushVictoryHeuristic,1.0,-1.0,Recommended_4,5,10,TwoSides.txt,Jump over 1 marble or blocker or move a marble by 1 space in any direction,Push a column of marbles by 1 space in any direction,"Pushed out marbles return to the center, if it is free. Else they are removed.",You can push opposing marbles if you use more marbles.,Occupy all goals of your color.,Recommended_4,Recommended_4_pushVictoryHeuristic,[],"[0, 0, 0, 1, 0]",[],"[0, 0, 0, 0, 0, 1, 0, 0]",1
-431946406,MultiverseMarbles,0,GAME_OVER,63,62,2,734,2,Recommended_4_pushVictoryHeuristic,2,1,1,Recommended_4,Recommended_4_pushVictoryHeuristic,-1.0,1.0,Recommended_4,10,8,TwoSides.txt,Move 1 marble by 1 space in any direction.,Push a column of marbles by 1 space in any direction,Pushed out marbles return to the center. Remove any pre-existing marble.,You can push opposing marbles if you use more marbles.,Occupy 3 non-neighbouring goals.,Recommended_4,Recommended_4_pushVictoryHeuristic,[],"[1, 0]",[],"[1, 0, 0]",0
2089628267,MultiverseMarbles,0,GAME_OVER,64,63,2,735,1,Recommended_4_pushVictoryHeuristic,1,2,2,Recommended_4,Recommended_4_pushVictoryHeuristic,1.0,-1.0,Recommended_4,10,10,TwoSides.txt,Jump over 1 marble or blocker or move a marble by 1 space in any direction,Push a column of marbles by 1 space in any direction,Pushed out marbles return to the center. Remove any pre-existing marble.,You can push opposing marbles if you use fewer or more marbles.,Occupy all goals of your color.,Recommended_4,Recommended_4_pushVictoryHeuristic,[],[],[],[1],1
-1638771764,MultiverseMarbles,0,GAME_OVER,97,96,2,736,2,Recommended_4_pushVictoryHeuristic,2,1,1,Recommended_4,Recommended_4_pushVictoryHeuristic,-1.0,1.0,Recommended_4,8,9,TwoSides.txt,Move 1 marble by 1 space in any direction.,Push a column of marbles by 1 space in any direction,Pushed out marbles return to the center. Remove any pre-existing marble.,You can push opposing marbles if you use fewer or more marbles.,Push out 3 opposing marbles.,Recommended_4,Recommended_4_pushVictoryHeuristic,[],"[0, 0, 1]",[],"[1, 0, 0, 1, 0]",0
1477706434,MultiverseMarbles,0,GAME_OVER,68,67,2,737,1,Recommended_4_pushVictoryHeuristic,1,2,2,Recommended_4,Recommended_4_pushVictoryHeuristic,1.0,-1.0,Recommended_4,8,9,TwoSides.txt,Move 1 marble exactly 2 spaces in any direction.,Push a column of marbles by 1 space in any direction,Pushed out marbles return to the center. Remove any pre-existing marble.,You can push opposing marbles if you use more marbles.,Occupy all goals of your color.,Recommended_4,Recommended_4_pushVictoryHeuristic,[1],"[0, 0]",[1],"[1, 0, 1, 0, 0]",1
-719515679,MultiverseMarbles,0,GAME_OVER,115,114,2,738,2,Recommended_4_pushVictoryHeuristic,2,1,1,Recommended_4,Recommended_4_pushVictoryHeuristic,-1.0,1.0,Recommended_4,7,10,TwoSides.txt,Move 1 marble by up to 3 spaces in any direction in a straight line.,Push a column of marbles by 1 space in any direction,Pushed out marbles are removed from play,You can push opposing marbles if you use fewer or equal marbles. Do not split your column while pushing the opponent.,Push out 3 opposing marbles.,Recommended_4,Recommended_4_pushVictoryHeuristic,[],"[0, 0, 0]",[],"[0, 0, 0]",0
17445558,MultiverseMarbles,0,GAME_OVER,25,24,2,739,2,Recommended_4_pushVictoryHeuristic,2,1,1,Recommended_4,Recommended_4_pushVictoryHeuristic,-1.0,1.0,Recommended_4,7,10,TwoSides.txt,Move 1 marble by up to 3 spaces in any direction in a straight line.,Push a column of marbles by 1 space in any direction,Pushed out marbles are removed from play,"You can push opposing marbles if you use an even number of marbles (2, 4 or 6). Do not split your column while pushing the opponent.",Occupy 1 goal of each color.,Recommended_4,Recommended_4_pushVictoryHeuristic,[],"[0, 0, 0]",[],"[0, 0, 0]",0
1220995401,MultiverseMarbles,0,GAME_OVER,25,24,2,740,2,Recommended_4_pushVictoryHeuristic,2,1,1,Recommended_4,Recommended_4_pushVictoryHeuristic,-1.0,1.0,Recommended_4,10,10,TwoSides.txt,Move 1 marble exactly 2 spaces in any direction.,Push a column of marbles by 1 space in any direction,Pushed out marbles are removed from play,You can push opposing marbles if you use equal marbles. Do not split your column while pushing the opponent.,Occupy 3 non-neighbouring goals.,Recommended_4,Recommended_4_pushVictoryHeuristic,[],[],[],[],0
-1635055809,MultiverseMarbles,0,GAME_OVER,65,64,2,741,2,Recommended_4_pushVictoryHeuristic,2,1,1,Recommended_4,Recommended_4_pushVictoryHeuristic,-1.0,1.0,Recommended_4,8,9,TwoSides.txt,Jump over 1 marble or blocker or move a marble by 1 space in any direction,Push a column of marbles by 1 space in any direction,Pushed out marbles are removed from play,You can push opposing marbles if you use more marbles.,Occupy all goals of your color.,Recommended_4,Recommended_4_pushVictoryHeuristic,[1],"[1, 1]",[1],"[1, 1]",0
-554813528,MultiverseMarbles,0,GAME_OVER,175,174,2,742,2,Recommended_4_pushVictoryHeuristic,2,1,1,Recommended_4,Recommended_4_pushVictoryHeuristic,-1.0,1.0,Recommended_4,7,10,TwoSides.txt,Jump over 1 marble or blocker or move a marble by 1 space in any direction,Push a column of marbles by 1 space in any direction,Pushed out marbles are removed from play,You can push opposing marbles if you use equal marbles. Do not split your column while pushing the opponent.,Push out 3 opposing marbles.,Recommended_4,Recommended_4_pushVictoryHeuristic,[],"[0, 0, 0]",[],"[0, 0, 0]",0
-1683805628,MultiverseMarbles,0,GAME_OVER,26,25,2,743,1,Recommended_4_pushVictoryHeuristic,1,2,2,Recommended_4,Recommended_4_pushVictoryHeuristic,1.0,-1.0,Recommended_4,10,10,TwoSides.txt,Move 1 marble by up to 3 spaces in any direction in a straight line.,Push a column of marbles by 1 space in any direction,Pushed out marbles return to the center. Remove any pre-existing marble.,"You can push your opposing marbles if you use an uneven number of marbles (1, 3 or 5). Do not split your column while pushing the opponent.",Occupy 1 goal of each color.,Recommended_4,Recommended_4_pushVictoryHeuristic,[],[],[],[1],1
-1750380853,MultiverseMarbles,0,GAME_OVER,49,48,2,744,2,Recommended_4_pushVictoryHeuristic,2,1,1,Recommended_4,Recommended_4_pushVictoryHeuristic,-1.0,1.0,Recommended_4,8,9,TwoSides.txt,Move 1 marble by up to 3 spaces in any direction in a straight line.,Push a column of marbles by 1 space in any direction,Pushed out marbles are removed from play,You can push opposing marbles if you use more or equal marbles. Do not split your column while pushing the opponent.,Occupy all goals of your color.,Recommended_4,Recommended_4_pushVictoryHeuristic,[1],"[1, 1]",[1],"[1, 1]",0
-168656920,MultiverseMarbles,0,GAME_OVER,105,104,2,745,2,Recommended_4_pushVictoryHeuristic,2,1,1,Recommended_4,Recommended_4_pushVictoryHeuristic,-1.0,1.0,Recommended_4,7,10,TwoSides.txt,Move 1 marble by 1 space in any direction.,Push a column of marbles by 1 space in any direction,"Pushed out marbles return to the center, if it is free. Else they are removed.","You can push opposing marbles if you use an even number of marbles (2, 4 or 6). Do not split your column while pushing the opponent.",Occupy all goals of your color.,Recommended_4,Recommended_4_pushVictoryHeuristic,[],"[1, 0, 1]",[],"[1, 0, 0, 1, 1, 1]",0
1910636972,MultiverseMarbles,0,GAME_OVER,77,76,2,746,2,Recommended_4_pushVictoryHeuristic,2,1,1,Recommended_4,Recommended_4_pushVictoryHeuristic,-1.0,1.0,Recommended_4,7,9,TwoSides.txt,Move 1 marble by up to 3 spaces in any direction in a straight line.,Push a column of marbles by 1 space in any direction,Pushed out marbles return to the center. Remove any pre-existing marble.,You can push opposing marbles if you use more marbles.,Push out 3 opposing marbles.,Recommended_4,Recommended_4_pushVictoryHeuristic,[],"[0, 0, 1, 0]",[],"[1, 0, 0, 1, 1, 0]",0
-1137856297,MultiverseMarbles,0,GAME_OVER,40,39,2,747,1,Recommended_4_pushVictoryHeuristic,1,2,2,Recommended_4,Recommended_4_pushVictoryHeuristic,1.0,-1.0,Recommended_4,10,10,TwoSides.txt,Move 1 marble by up to 3 spaces in any direction in a straight line.,Push a column of marbles by 1 space in any direction,"Pushed out marbles return to the center, if it is free. Else they are removed.",You can push opposing marbles if you use fewer or more marbles.,Occupy 3 non-neighbouring goals.,Recommended_4,Recommended_4_pushVictoryHeuristic,[],[],[],[],1
-307592404,MultiverseMarbles,0,GAME_OVER,56,55,2,748,1,Recommended_4_pushVictoryHeuristic,1,2,2,Recommended_4,Recommended_4_pushVictoryHeuristic,1.0,-1.0,Recommended_4,7,9,TwoSides.txt,Move 1 marble by 1 space in any direction.,Push a column of marbles by 1 space in any direction,Pushed out marbles return to the center. Remove any pre-existing marble.,You can push opposing marbles if you use more or equal marbles. Do not split your column while pushing the opponent.,Occupy all goals of your color.,Recommended_4,Recommended_4_pushVictoryHeuristic,[],"[0, 1, 1, 0]",[],"[0, 1, 1, 1, 0, 0]",1
-1353526698,MultiverseMarbles,0,GAME_OVER,127,126,2,749,2,Recommended_4_pushVictoryHeuristic,2,1,1,Recommended_4,Recommended_4_pushVictoryHeuristic,-1.0,1.0,Recommended_4,10,10,TwoSides.txt,Move 1 marble by 1 space in any direction.,Push a column of marbles by 1 space in any direction,Pushed out marbles are removed from play,You can push opposing marbles if you use fewer or equal marbles. Do not split your column while pushing the opponent.,Occupy 3 non-neighbouring goals.,Recommended_4,Recommended_4_pushVictoryHeuristic,[],[],[],[],0
-1990659661,MultiverseMarbles,0,GAME_OVER,45,44,2,750,2,Recommended_4_pushVictoryHeuristic,2,1,1,Recommended_4,Recommended_4_pushVictoryHeuristic,-1.0,1.0,Recommended_4,9,10,TwoSides.txt,Jump over 1 marble or blocker or move a marble by 1 space in any direction,Push a column of marbles by 1 space in any direction,"Pushed out marbles return to the center, if it is free. Else they are removed.",You can push opposing marbles if you use fewer or more marbles.,Occupy 3 non-neighbouring goals.,Recommended_4,Recommended_4_pushVictoryHeuristic,[],[1],[],[1],0
-866191843,MultiverseMarbles,0,GAME_OVER,111,110,2,751,2,Recommended_4_pushVictoryHeuristic,2,1,1,Recommended_4,Recommended_4_pushVictoryHeuristic,-1.0,1.0,Recommended_4,6,8,TwoSides.txt,Move 1 marble exactly 2 spaces in any direction.,Push a column of marbles by 1 space in any direction,Pushed out marbles are removed from play,You can push opposing marbles if you use fewer or more marbles.,Push out 3 opposing marbles.,Recommended_4,Recommended_4_pushVictoryHeuristic,"[1, 1]","[1, 0, 0, 0]","[1, 1]","[1, 0, 0, 0]",0
-2069511402,MultiverseMarbles,0,GAME_OVER,99,98,2,752,2,Recommended_4_pushVictoryHeuristic,2,1,1,Recommended_4,Recommended_4_pushVictoryHeuristic,-1.0,1.0,Recommended_4,9,9,TwoSides.txt,Move 1 marble by up to 3 spaces in any direction in a straight line.,Push a column of marbles by 1 space in any direction,Pushed out marbles are removed from play,"You can push your opposing marbles if you use an uneven number of marbles (1, 3 or 5). Do not split your column while pushing the opponent.",Occupy 1 goal of each color.,Recommended_4,Recommended_4_pushVictoryHeuristic,[0],[1],[0],[1],0
1288752974,MultiverseMarbles,0,GAME_OVER,50,49,2,753,1,Recommended_4_pushVictoryHeuristic,1,2,2,Recommended_4,Recommended_4_pushVictoryHeuristic,1.0,-1.0,Recommended_4,6,10,TwoSides.txt,Move 1 marble by up to 3 spaces in any direction in a straight line.,Push a column of marbles by 1 space in any direction,Pushed out marbles return to the center. Remove any pre-existing marble.,"You can push opposing marbles if you use an even number of marbles (2, 4 or 6). Do not split your column while pushing the opponent.",Occupy 3 non-neighbouring goals.,Recommended_4,Recommended_4_pushVictoryHeuristic,[1],"[1, 0, 0]",[1],"[1, 1, 0, 0]",1
527763564,MultiverseMarbles,0,GAME_OVER,33,32,2,754,2,Recommended_4_pushVictoryHeuristic,2,1,1,Recommended_4,Recommended_4_pushVictoryHeuristic,-1.0,1.0,Recommended_4,10,9,TwoSides.txt,Jump over 1 marble or blocker or move a marble by 1 space in any direction,Push a column of marbles by 1 space in any direction,Pushed out marbles return to the center. Remove any pre-existing marble.,"You can push your opposing marbles if you use an uneven number of marbles (1, 3 or 5). Do not split your column while pushing the opponent.",Occupy 3 non-neighbouring goals.,Recommended_4,Recommended_4_pushVictoryHeuristic,[],[1],[],[1],0
268160768,MultiverseMarbles,0,GAME_OVER,105,104,2,755,2,Recommended_4_pushVictoryHeuristic,2,1,1,Recommended_4,Recommended_4_pushVictoryHeuristic,-1.0,1.0,Recommended_4,8,10,TwoSides.txt,Move 1 marble exactly 2 spaces in any direction.,Push a column of marbles by 1 space in any direction,"Pushed out marbles return to the center, if it is free. Else they are removed.",You can push opposing marbles if you use fewer or equal marbles. Do not split your column while pushing the opponent.,Push out 3 opposing marbles.,Recommended_4,Recommended_4_pushVictoryHeuristic,[],"[0, 0]",[],"[0, 0, 0]",0
798207429,MultiverseMarbles,0,GAME_OVER,23,22,2,756,2,Recommended_4_pushVictoryHeuristic,2,1,1,Recommended_4,Recommended_4_pushVictoryHeuristic,-1.0,1.0,Recommended_4,10,10,TwoSides.txt,Move 1 marble by up to 3 spaces in any direction in a straight line.,Push a column of marbles by 1 space in any direction,Pushed out marbles return to the center. Remove any pre-existing marble.,"You can push opposing marbles if you use an even number of marbles (2, 4 or 6). Do not split your column while pushing the opponent.",Occupy 1 goal of each color.,Recommended_4,Recommended_4_pushVictoryHeuristic,[],[],[],[],0
1701343797,MultiverseMarbles,0,GAME_OVER,24,23,2,757,1,Recommended_4_pushVictoryHeuristic,1,2,2,Recommended_4,Recommended_4_pushVictoryHeuristic,1.0,-1.0,Recommended_4,10,10,TwoSides.txt,Jump over 1 marble or blocker or move a marble by 1 space in any direction,Push a column of marbles by 1 space in any direction,Pushed out marbles are removed from play,You can push opposing marbles if you use more marbles.,Occupy all goals of your color.,Recommended_4,Recommended_4_pushVictoryHeuristic,[],[],[],[],1
42958805,MultiverseMarbles,0,GAME_OVER,14,13,2,758,1,Recommended_4_pushVictoryHeuristic,1,2,2,Recommended_4,Recommended_4_pushVictoryHeuristic,1.0,-1.0,Recommended_4,10,10,TwoSides.txt,Jump over 1 marble or blocker or move a marble by 1 space in any direction,Push a column of marbles by 1 space in any direction,Pushed out marbles return to the center. Remove any pre-existing marble.,You can push opposing marbles if you use more or equal marbles. Do not split your column while pushing the opponent.,Occupy 1 goal of each color.,Recommended_4,Recommended_4_pushVictoryHeuristic,[],[],[],[1],1
-1284783044,MultiverseMarbles,0,GAME_OVER,40,39,2,759,1,Recommended_4_pushVictoryHeuristic,1,2,2,Recommended_4,Recommended_4_pushVictoryHeuristic,1.0,-1.0,Recommended_4,10,10,TwoSides.txt,Move 1 marble by 1 space in any direction.,Push a column of marbles by 1 space in any direction,"Pushed out marbles return to the center, if it is free. Else they are removed.",You can push opposing marbles if you use fewer or equal marbles. Do not split your column while pushing the opponent.,Occupy 1 goal of each color.,Recommended_4,Recommended_4_pushVictoryHeuristic,[],[],[],[],1
1990619665,MultiverseMarbles,0,GAME_OVER,14,13,2,760,1,Recommended_4_pushVictoryHeuristic,1,2,2,Recommended_4,Recommended_4_pushVictoryHeuristic,1.0,-1.0,Recommended_4,10,10,TwoSides.txt,Move 1 marble by up to 3 spaces in any direction in a straight line.,Push a column of marbles by 1 space in any direction,Pushed out marbles return to the center. Remove any pre-existing marble.,You can push opposing marbles if you use more marbles.,Occupy 1 goal of each color.,Recommended_4,Recommended_4_pushVictoryHeuristic,[],[],[],[1],1
-447765565,MultiverseMarbles,0,GAME_OVER,77,76,2,761,2,Recommended_4_pushVictoryHeuristic,2,1,1,Recommended_4,Recommended_4_pushVictoryHeuristic,-1.0,1.0,Recommended_4,9,10,TwoSides.txt,Move 1 marble by 1 space in any direction.,Push a column of marbles by 1 space in any direction,Pushed out marbles return to the center. Remove any pre-existing marble.,"You can push your opposing marbles if you use an uneven number of marbles (1, 3 or 5). Do not split your column while pushing the opponent.",Push out 3 opposing marbles.,Recommended_4,Recommended_4_pushVictoryHeuristic,[],[0],[],"[0, 0, 0]",0
-1876727332,MultiverseMarbles,0,GAME_OVER,119,118,2,762,2,Recommended_4_pushVictoryHeuristic,2,1,1,Recommended_4,Recommended_4_pushVictoryHeuristic,-1.0,1.0,Recommended_4,3,9,TwoSides.txt,Move 1 marble exactly 2 spaces in any direction.,Push a column of marbles by 1 space in any direction,"Pushed out marbles return to the center, if it is free. Else they are removed.",You can push opposing marbles if you use fewer or more marbles.,Occupy all goals of your color.,Recommended_4,Recommended_4_pushVictoryHeuristic,[1],"[1, 0, 1, 1, 1, 0, 0]",[1],"[1, 1, 0, 1, 1, 1, 0, 1, 0]",0
-1554647503,MultiverseMarbles,0,GAME_OVER,26,25,2,763,1,Recommended_4_pushVictoryHeuristic,1,2,2,Recommended_4,Recommended_4_pushVictoryHeuristic,1.0,-1.0,Recommended_4,9,10,TwoSides.txt,Move 1 marble exactly 2 spaces in any direction.,Push a column of marbles by 1 space in any direction,Pushed out marbles return to the center. Remove any pre-existing marble.,You can push opposing marbles if you use more marbles.,Occupy 3 non-neighbouring goals.,Recommended_4,Recommended_4_pushVictoryHeuristic,[],[1],[],"[1, 1]",1
960055211,MultiverseMarbles,0,GAME_OVER,67,66,2,764,2,Recommended_4_pushVictoryHeuristic,2,1,1,Recommended_4,Recommended_4_pushVictoryHeuristic,-1.0,1.0,Recommended_4,9,10,TwoSides.txt,Jump over 1 marble or blocker or move a marble by 1 space in any direction,Push a column of marbles by 1 space in any direction,"Pushed out marbles return to the center, if it is free. Else they are removed.","You can push opposing marbles if you use an even number of marbles (2, 4 or 6). Do not split your column while pushing the opponent.",Occupy all goals of your color.,Recommended_4,Recommended_4_pushVictoryHeuristic,[],[0],[],"[0, 1]",0
498463735,MultiverseMarbles,0,GAME_OVER,53,52,2,765,2,Recommended_4_pushVictoryHeuristic,2,1,1,Recommended_4,Recommended_4_pushVictoryHeuristic,-1.0,1.0,Recommended_4,6,10,TwoSides.txt,Move 1 marble exactly 2 spaces in any direction.,Push a column of marbles by 1 space in any direction,"Pushed out marbles return to the center, if it is free. Else they are removed.",You can push opposing marbles if you use more or equal marbles. Do not split your column while pushing the opponent.,Occupy 3 non-neighbouring goals.,Recommended_4,Recommended_4_pushVictoryHeuristic,[],"[1, 0, 1, 1]",[],"[1, 1, 1, 1, 0, 1, 1, 0]",0
-1351543479,MultiverseMarbles,0,GAME_OVER,34,33,2,766,1,Recommended_4_pushVictoryHeuristic,1,2,2,Recommended_4,Recommended_4_pushVictoryHeuristic,1.0,-1.0,Recommended_4,10,9,TwoSides.txt,Jump over 1 marble or blocker or move a marble by 1 space in any direction,Push a column of marbles by 1 space in any direction,"Pushed out marbles return to the center, if it is free. Else they are removed.","You can push opposing marbles if you use an even number of marbles (2, 4 or 6). Do not split your column while pushing the opponent.",Occupy 1 goal of each color.,Recommended_4,Recommended_4_pushVictoryHeuristic,[1],[],[1],[],1
-888673798,MultiverseMarbles,0,GAME_OVER,159,158,2,767,2,Recommended_4_pushVictoryHeuristic,2,1,1,Recommended_4,Recommended_4_pushVictoryHeuristic,-1.0,1.0,Recommended_4,4,9,TwoSides.txt,Move 1 marble by 1 space in any direction.,Push a column of marbles by 1 space in any direction,Pushed out marbles are removed from play,"You can push opposing marbles if you use an even number of marbles (2, 4 or 6). Do not split your column while pushing the opponent.",Push out 3 opposing marbles.,Recommended_4,Recommended_4_pushVictoryHeuristic,[1],"[1, 1, 1, 0, 0, 0]",[1],"[1, 1, 1, 0, 0, 0]",0
38123686,MultiverseMarbles,0,GAME_OVER,103,102,2,768,2,Recommended_4_pushVictoryHeuristic,2,1,1,Recommended_4,Recommended_4_pushVictoryHeuristic,-1.0,1.0,Recommended_4,10,10,TwoSides.txt,Move 1 marble by 1 space in any direction.,Push a column of marbles by 1 space in any direction,Pushed out marbles are removed from play,You can push opposing marbles if you use fewer or equal marbles. Do not split your column while pushing the opponent.,Occupy 1 goal of each color.,Recommended_4,Recommended_4_pushVictoryHeuristic,[],[],[],[],0
1483833162,MultiverseMarbles,0,GAME_OVER,27,26,2,769,2,Recommended_4_pushVictoryHeuristic,2,1,1,Recommended_4,Recommended_4_pushVictoryHeuristic,-1.0,1.0,Recommended_4,10,10,TwoSides.txt,Jump over 1 marble or blocker or move a marble by 1 space in any direction,Push a column of marbles by 1 space in any direction,Pushed out marbles return to the center. Remove any pre-existing marble.,You can push opposing marbles if you use equal marbles. Do not split your column while pushing the opponent.,Occupy 1 goal of each color.,Recommended_4,Recommended_4_pushVictoryHeuristic,[],[],[],[],0
1811438810,MultiverseMarbles,0,GAME_OVER,38,37,2,770,1,Recommended_4_pushVictoryHeuristic,1,2,2,Recommended_4,Recommended_4_pushVictoryHeuristic,1.0,-1.0,Recommended_4,9,10,TwoSides.txt,Move 1 marble by 1 space in any direction.,Push a column of marbles by 1 space in any direction,Pushed out marbles are removed from play,You can push opposing marbles if you use more or equal marbles. Do not split your column while pushing the opponent.,Occupy 1 goal of each color.,Recommended_4,Recommended_4_pushVictoryHeuristic,[],[0],[],[0],1
-355232835,MultiverseMarbles,0,GAME_OVER,22,21,2,771,1,Recommended_4_pushVictoryHeuristic,1,2,2,Recommended_4,Recommended_4_pushVictoryHeuristic,1.0,-1.0,Recommended_4,10,10,TwoSides.txt,Move 1 marble exactly 2 spaces in any direction.,Push a column of marbles by 1 space in any direction,"Pushed out marbles return to the center, if it is free. Else they are removed.",You can push opposing marbles if you use fewer or equal marbles. Do not split your column while pushing the opponent.,Occupy 1 goal of each color.,Recommended_4,Recommended_4_pushVictoryHeuristic,[],[],[],[],1
690323257,MultiverseMarbles,0,GAME_OVER,54,53,2,772,1,Recommended_4_pushVictoryHeuristic,1,2,2,Recommended_4,Recommended_4_pushVictoryHeuristic,1.0,-1.0,Recommended_4,10,9,TwoSides.txt,Jump over 1 marble or blocker or move a marble by 1 space in any direction,Push a column of marbles by 1 space in any direction,"Pushed out marbles return to the center, if it is free. Else they are removed.",You can push opposing marbles if you use more marbles.,Occupy 3 non-neighbouring goals.,Recommended_4,Recommended_4_pushVictoryHeuristic,[1],[],[1],[1],1
1618506535,MultiverseMarbles,0,GAME_OVER,105,104,2,773,2,Recommended_4_pushVictoryHeuristic,2,1,1,Recommended_4,Recommended_4_pushVictoryHeuristic,-1.0,1.0,Recommended_4,9,10,TwoSides.txt,Jump over 1 marble or blocker or move a marble by 1 space in any direction,Push a column of marbles by 1 space in any direction,"Pushed out marbles return to the center, if it is free. Else they are removed.",You can push opposing marbles if you use fewer or equal marbles. Do not split your column while pushing the opponent.,Occupy all goals of your color.,Recommended_4,Recommended_4_pushVictoryHeuristic,[],[0],[],"[0, 0]",0
-249150289,MultiverseMarbles,0,GAME_OVER,168,167,2,774,2,Recommended_4_pushVictoryHeuristic,2,1,1,Recommended_4,Recommended_4_pushVictoryHeuristic,-1.0,1.0,Recommended_4,1,10,TwoSides.txt,Move 1 marble exactly 2 spaces in any direction.,Push a column of marbles by 1 space in any direction,Pushed out marbles are removed from play,"You can push opposing marbles if you use an even number of marbles (2, 4 or 6). Do not split your column while pushing the opponent.",Occupy all goals of your color.,Recommended_4,Recommended_4_pushVictoryHeuristic,[],"[1, 0, 1, 0, 0, 0, 0, 1, 1]",[],"[1, 0, 1, 0, 0, 0, 0, 1, 1]",0
-1936510396,MultiverseMarbles,0,GAME_OVER,44,43,2,775,1,Recommended_4_pushVictoryHeuristic,1,2,2,Recommended_4,Recommended_4_pushVictoryHeuristic,1.0,-1.0,Recommended_4,5,8,TwoSides.txt,Move 1 marble exactly 2 spaces in any direction.,Push a column of marbles by 1 space in any direction,Pushed out marbles are removed from play,"You can push opposing marbles if you use an even number of marbles (2, 4 or 6). Do not split your column while pushing the opponent.",Occupy 1 goal of each color.,Recommended_4,Recommended_4_pushVictoryHeuristic,"[0, 1]","[1, 1, 1, 1, 1]","[0, 1]","[1, 1, 1, 1, 1]",1
695073731,MultiverseMarbles,0,GAME_OVER,101,100,2,776,2,Recommended_4_pushVictoryHeuristic,2,1,1,Recommended_4,Recommended_4_pushVictoryHeuristic,-1.0,1.0,Recommended_4,10,10,TwoSides.txt,Move 1 marble by 1 space in any direction.,Push a column of marbles by 1 space in any direction,Pushed out marbles are removed from play,You can push opposing marbles if you use fewer or equal marbles. Do not split your column while pushing the opponent.,Occupy 1 goal of each color.,Recommended_4,Recommended_4_pushVictoryHeuristic,[],[],[],[],0
1510598041,MultiverseMarbles,0,GAME_OVER,21,20,2,777,2,Recommended_4_pushVictoryHeuristic,2,1,1,Recommended_4,Recommended_4_pushVictoryHeuristic,-1.0,1.0,Recommended_4,10,10,TwoSides.txt,Move 1 marble exactly 2 spaces in any direction.,Push a column of marbles by 1 space in any direction,Pushed out marbles return to the center. Remove any pre-existing marble.,"You can push your opposing marbles if you use an uneven number of marbles (1, 3 or 5). Do not split your column while pushing the opponent.",Occupy 1 goal of each color.,Recommended_4,Recommended_4_pushVictoryHeuristic,[],[],[],[],0
930384360,MultiverseMarbles,0,GAME_OVER,48,47,2,778,1,Recommended_4_pushVictoryHeuristic,1,2,2,Recommended_4,Recommended_4_pushVictoryHeuristic,1.0,-1.0,Recommended_4,10,10,TwoSides.txt,Jump over 1 marble or blocker or move a marble by 1 space in any direction,Push a column of marbles by 1 space in any direction,Pushed out marbles return to the center. Remove any pre-existing marble.,You can push opposing marbles if you use more or equal marbles. Do not split your column while pushing the opponent.,Occupy 1 goal of each color.,Recommended_4,Recommended_4_pushVictoryHeuristic,[],[],[],"[1, 1]",1
-1202270260,MultiverseMarbles,0,GAME_OVER,32,31,2,779,1,Recommended_4_pushVictoryHeuristic,1,2,2,Recommended_4,Recommended_4_pushVictoryHeuristic,1.0,-1.0,Recommended_4,10,10,TwoSides.txt,Move 1 marble by up to 3 spaces in any direction in a straight line.,Push a column of marbles by 1 space in any direction,"Pushed out marbles return to the center, if it is free. Else they are removed.",You can push opposing marbles if you use fewer or more marbles.,Occupy 1 goal of each color.,Recommended_4,Recommended_4_pushVictoryHeuristic,[],[],[],"[1, 0]",1
234784526,MultiverseMarbles,0,GAME_OVER,72,71,2,780,1,Recommended_4_pushVictoryHeuristic,1,2,2,Recommended_4,Recommended_4_pushVictoryHeuristic,1.0,-1.0,Recommended_4,8,10,TwoSides.txt,Move 1 marble exactly 2 spaces in any direction.,Push a column of marbles by 1 space in any direction,"Pushed out marbles return to the center, if it is free. Else they are removed.",You can push opposing marbles if you use more marbles.,Occupy all goals of your color.,Recommended_4,Recommended_4_pushVictoryHeuristic,[],"[1, 1]",[],"[1, 1, 0, 0, 1]",1
73397318,MultiverseMarbles,0,GAME_OVER,68,67,2,781,1,Recommended_4_pushVictoryHeuristic,1,2,2,Recommended_4,Recommended_4_pushVictoryHeuristic,1.0,-1.0,Recommended_4,8,8,TwoSides.txt,Move 1 marble by up to 3 spaces in any direction in a straight line.,Push a column of marbles by 1 space in any direction,Pushed out marbles return to the center. Remove any pre-existing marble.,"You can push opposing marbles if you use an even number of marbles (2, 4 or 6). Do not split your column while pushing the opponent.",Occupy all goals of your color.,Recommended_4,Recommended_4_pushVictoryHeuristic,[1],"[0, 0, 1]","[1, 1]","[0, 0, 1]",1
637536396,MultiverseMarbles,0,GAME_OVER,26,25,2,782,1,Recommended_4_pushVictoryHeuristic,1,2,2,Recommended_4,Recommended_4_pushVictoryHeuristic,1.0,-1.0,Recommended_4,10,9,TwoSides.txt,Move 1 marble exactly 2 spaces in any direction.,Push a column of marbles by 1 space in any direction,Pushed out marbles return to the center. Remove any pre-existing marble.,You can push opposing marbles if you use more marbles.,Occupy 3 non-neighbouring goals.,Recommended_4,Recommended_4_pushVictoryHeuristic,[],[1],[1],[1],1
120093725,MultiverseMarbles,0,GAME_OVER,29,28,2,783,2,Recommended_4_pushVictoryHeuristic,2,1,1,Recommended_4,Recommended_4_pushVictoryHeuristic,-1.0,1.0,Recommended_4,10,10,TwoSides.txt,Move 1 marble by up to 3 spaces in any direction in a straight line.,Push a column of marbles by 1 space in any direction,Pushed out marbles return to the center. Remove any pre-existing marble.,"You can push opposing marbles if you use an even number of marbles (2, 4 or 6). Do not split your column while pushing the opponent.",Occupy 1 goal of each color.,Recommended_4,Recommended_4_pushVictoryHeuristic,[],[],[],[0],0
-1658116905,MultiverseMarbles,0,GAME_OVER,33,32,2,784,2,Recommended_4_pushVictoryHeuristic,2,1,1,Recommended_4,Recommended_4_pushVictoryHeuristic,-1.0,1.0,Recommended_4,9,10,TwoSides.txt,Move 1 marble by up to 3 spaces in any direction in a straight line.,Push a column of marbles by 1 space in any direction,Pushed out marbles return to the center. Remove any pre-existing marble.,You can push opposing marbles if you use fewer or equal marbles. Do not split your column while pushing the opponent.,Push out 3 opposing marbles.,Recommended_4,Recommended_4_pushVictoryHeuristic,[],[0],[],"[0, 0, 0]",0
-303014245,MultiverseMarbles,0,GAME_OVER,41,40,2,785,2,Recommended_4_pushVictoryHeuristic,2,1,1,Recommended_4,Recommended_4_pushVictoryHeuristic,-1.0,1.0,Recommended_4,3,10,TwoSides.txt,Move 1 marble by 1 space in any direction.,Push a column of marbles by 1 space in any direction,Pushed out marbles are removed from play,You can push opposing marbles if you use fewer or more marbles.,Push out 3 opposing marbles.,Recommended_4,Recommended_4_pushVictoryHeuristic,[],"[1, 0, 0, 1, 1, 1, 0]",[],"[1, 0, 0, 1, 1, 1, 0]",0
478485420,MultiverseMarbles,0,GAME_OVER,56,55,2,786,1,Recommended_4_pushVictoryHeuristic,1,2,2,Recommended_4,Recommended_4_pushVictoryHeuristic,1.0,-1.0,Recommended_4,10,10,TwoSides.txt,Jump over 1 marble or blocker or move a marble by 1 space in any direction,Push a column of marbles by 1 space in any direction,"Pushed out marbles return to the center, if it is free. Else they are removed.","You can push opposing marbles if you use an even number of marbles (2, 4 or 6). Do not split your column while pushing the opponent.",Occupy 1 goal of each color.,Recommended_4,Recommended_4_pushVictoryHeuristic,[],[],[],"[1, 0]",1
-82734118,MultiverseMarbles,0,GAME_OVER,105,104,2,787,2,Recommended_4_pushVictoryHeuristic,2,1,1,Recommended_4,Recommended_4_pushVictoryHeuristic,-1.0,1.0,Recommended_4,3,10,TwoSides.txt,Move 1 marble exactly 2 spaces in any direction.,Push a column of marbles by 1 space in any direction,Pushed out marbles are removed from play,"You can push opposing marbles if you use an even number of marbles (2, 4 or 6). Do not split your column while pushing the opponent.",Push out 3 opposing marbles.,Recommended_4,Recommended_4_pushVictoryHeuristic,[],"[1, 1, 0, 1, 0, 1, 0]",[],"[1, 1, 0, 1, 0, 1, 0]",0
713120397,MultiverseMarbles,0,GAME_OVER,41,40,2,788,2,Recommended_4_pushVictoryHeuristic,2,1,1,Recommended_4,Recommended_4_pushVictoryHeuristic,-1.0,1.0,Recommended_4,10,9,TwoSides.txt,Move 1 marble by up to 3 spaces in any direction in a straight line.,Push a column of marbles by 1 space in any direction,Pushed out marbles return to the center. Remove any pre-existing marble.,"You can push your opposing marbles if you use an uneven number of marbles (1, 3 or 5). Do not split your column while pushing the opponent.",Occupy 3 non-neighbouring goals.,Recommended_4,Recommended_4_pushVictoryHeuristic,[],[0],[],[0],0
-1830809784,MultiverseMarbles,0,GAME_OVER,41,40,2,789,2,Recommended_4_pushVictoryHeuristic,2,1,1,Recommended_4,Recommended_4_pushVictoryHeuristic,-1.0,1.0,Recommended_4,7,10,TwoSides.txt,Move 1 marble by up to 3 spaces in any direction in a straight line.,Push a column of marbles by 1 space in any direction,Pushed out marbles are removed from play,"You can push your opposing marbles if you use an uneven number of marbles (1, 3 or 5). Do not split your column while pushing the opponent.",Push out 3 opposing marbles.,Recommended_4,Recommended_4_pushVictoryHeuristic,[],"[0, 0, 0]",[],"[0, 0, 0]",0
117398471,MultiverseMarbles,0,GAME_OVER,71,70,2,790,2,Recommended_4_pushVictoryHeuristic,2,1,1,Recommended_4,Recommended_4_pushVictoryHeuristic,-1.0,1.0,Recommended_4,8,10,TwoSides.txt,Move 1 marble by 1 space in any direction.,Push a column of marbles by 1 space in any direction,"Pushed out marbles return to the center, if it is free. Else they are removed.","You can push opposing marbles if you use an even number of marbles (2, 4 or 6). Do not split your column while pushing the opponent.",Push out 3 opposing marbles.,Recommended_4,Recommended_4_pushVictoryHeuristic,[],"[1, 0]",[],"[1, 1, 0, 0, 0]",0
459057434,MultiverseMarbles,0,GAME_OVER,26,25,2,791,1,Recommended_4_pushVictoryHeuristic,1,2,2,Recommended_4,Recommended_4_pushVictoryHeuristic,1.0,-1.0,Recommended_4,10,10,TwoSides.txt,Jump over 1 marble or blocker or move a marble by 1 space in any direction,Push a column of marbles by 1 space in any direction,Pushed out marbles return to the center. Remove any pre-existing marble.,You can push opposing marbles if you use fewer or more marbles.,Occupy 3 non-neighbouring goals.,Recommended_4,Recommended_4_pushVictoryHeuristic,[],[],[],[1],1
-1774375335,MultiverseMarbles,0,GAME_OVER,24,23,2,792,1,Recommended_4_pushVictoryHeuristic,1,2,2,Recommended_4,Recommended_4_pushVictoryHeuristic,1.0,-1.0,Recommended_4,10,10,TwoSides.txt,Move 1 marble exactly 2 spaces in any direction.,Push a column of marbles by 1 space in any direction,Pushed out marbles return to the center. Remove any pre-existing marble.,You can push opposing marbles if you use more marbles.,Occupy 3 non-neighbouring goals.,Recommended_4,Recommended_4_pushVictoryHeuristic,[],[],[],[1],1
-828290833,MultiverseMarbles,0,GAME_OVER,102,101,2,793,2,Recommended_4_pushVictoryHeuristic,2,1,1,Recommended_4,Recommended_4_pushVictoryHeuristic,-1.0,1.0,Recommended_4,1,10,TwoSides.txt,Move 1 marble by 1 space in any direction.,Push a column of marbles by 1 space in any direction,Pushed out marbles are removed from play,"You can push opposing marbles if you use an even number of marbles (2, 4 or 6). Do not split your column while pushing the opponent.",Occupy 3 non-neighbouring goals.,Recommended_4,Recommended_4_pushVictoryHeuristic,[],"[1, 0, 0, 0, 0, 0, 0, 0, 1]",[],"[1, 0, 0, 0, 0, 0, 0, 0, 1]",0
672948080,MultiverseMarbles,0,GAME_OVER,101,100,2,794,2,Recommended_4_pushVictoryHeuristic,2,1,1,Recommended_4,Recommended_4_pushVictoryHeuristic,-1.0,1.0,Recommended_4,10,9,TwoSides.txt,Move 1 marble by 1 space in any direction.,Push a column of marbles by 1 space in any direction,Pushed out marbles return to the center. Remove any pre-existing marble.,"You can push your opposing marbles if you use an uneven number of marbles (1, 3 or 5). Do not split your column while pushing the opponent.",Occupy 1 goal of each color.,Recommended_4,Recommended_4_pushVictoryHeuristic,[],[0],[],[0],0
263512374,MultiverseMarbles,0,GAME_OVER,67,66,2,795,2,Recommended_4_pushVictoryHeuristic,2,1,1,Recommended_4,Recommended_4_pushVictoryHeuristic,-1.0,1.0,Recommended_4,9,10,TwoSides.txt,Jump over 1 marble or blocker or move a marble by 1 space in any direction,Push a column of marbles by 1 space in any direction,Pushed out marbles return to the center. Remove any pre-existing marble.,You can push opposing marbles if you use more marbles.,Occupy all goals of your color.,Recommended_4,Recommended_4_pushVictoryHeuristic,[],[1],[],"[1, 1]",0
1600164446,MultiverseMarbles,0,GAME_OVER,200,200,2,796,1,Recommended_4_pushVictoryHeuristic,1,1,1,Recommended_4,Recommended_4_pushVictoryHeuristic,-3.0,-3.0,Recommended_4,10,9,TwoSides.txt,Move 1 marble exactly 2 spaces in any direction.,Push a column of marbles by 1 space in any direction,Pushed out marbles return to the center. Remove any pre-existing marble.,"You can push your opposing marbles if you use an uneven number of marbles (1, 3 or 5). Do not split your column while pushing the opponent.",Occupy all goals of your color.,Recommended_4,Recommended_4_pushVictoryHeuristic,[],[1],[],"[1, 0, 0]",-1
1962633751,MultiverseMarbles,0,GAME_OVER,129,128,2,797,2,Recommended_4_pushVictoryHeuristic,2,1,1,Recommended_4,Recommended_4_pushVictoryHeuristic,-1.0,1.0,Recommended_4,8,10,TwoSides.txt,Move 1 marble by 1 space in any direction.,Push a column of marbles by 1 space in any direction,Pushed out marbles are removed from play,You can push opposing marbles if you use fewer or equal marbles. Do not split your column while pushing the opponent.,Occupy all goals of your color.,Recommended_4,Recommended_4_pushVictoryHeuristic,[],"[0, 0]",[],"[0, 0]",0
2022138414,MultiverseMarbles,0,GAME_OVER,68,67,2,798,1,Recommended_4_pushVictoryHeuristic,1,2,2,Recommended_4,Recommended_4_pushVictoryHeuristic,1.0,-1.0,Recommended_4,10,10,TwoSides.txt,Move 1 marble by up to 3 spaces in any direction in a straight line.,Push a column of marbles by 1 space in any direction,Pushed out marbles return to the center. Remove any pre-existing marble.,You can push opposing marbles if you use more marbles.,Occupy 3 non-neighbouring goals.,Recommended_4,Recommended_4_pushVictoryHeuristic,[],[],[1],"[1, 1]",1
-1115890716,MultiverseMarbles,0,GAME_OVER,32,31,2,799,1,Recommended_4_pushVictoryHeuristic,1,2,2,Recommended_4,Recommended_4_pushVictoryHeuristic,1.0,-1.0,Recommended_4,9,10,TwoSides.txt,Move 1 marble exactly 2 spaces in any direction.,Push a column of marbles by 1 space in any direction,"Pushed out marbles return to the center, if it is free. Else they are removed.","You can push opposing marbles if you use an even number of marbles (2, 4 or 6). Do not split your column while pushing the opponent.",Occupy 1 goal of each color.,Recommended_4,Recommended_4_pushVictoryHeuristic,[],[1],[0],"[1, 1]",1
-1816149951,MultiverseMarbles,0,GAME_OVER,59,58,2,800,2,Recommended_4_pushVictoryHeuristic,2,1,1,Recommended_4,Recommended_4_pushVictoryHeuristic,-1.0,1.0,Recommended_4,9,10,TwoSides.txt,Move 1 marble by 1 space in any direction.,Push a column of marbles by 1 space in any direction,Pushed out marbles return to the center. Remove any pre-existing marble.,You can push opposing marbles if you use fewer or more marbles.,Occupy 3 non-neighbouring goals.,Recommended_4,Recommended_4_pushVictoryHeuristic,[],[1],[],"[1, 1, 1, 0]",0
2000059494,MultiverseMarbles,0,GAME_OVER,47,46,2,801,2,Recommended_4_pushVictoryHeuristic,2,1,1,Recommended_4,Recommended_4_pushVictoryHeuristic,-1.0,1.0,Recommended_4,6,10,TwoSides.txt,Move 1 marble exactly 2 spaces in any direction.,Push a column of marbles by 1 space in any direction,Pushed out marbles are removed from play,You can push opposing marbles if you use more marbles.,Occupy all goals of your color.,Recommended_4,Recommended_4_pushVictoryHeuristic,[],"[1, 0, 0, 0]",[],"[1, 0, 0, 0]",0
-1190267485,MultiverseMarbles,0,GAME_OVER,23,22,2,802,2,Recommended_4_pushVictoryHeuristic,2,1,1,Recommended_4,Recommended_4_pushVictoryHeuristic,-1.0,1.0,Recommended_4,10,10,TwoSides.txt,Move 1 marble exactly 2 spaces in any direction.,Push a column of marbles by 1 space in any direction,"Pushed out marbles return to the center, if it is free. Else they are removed.",You can push opposing marbles if you use fewer or equal marbles. Do not split your column while pushing the opponent.,Occupy 1 goal of each color.,Recommended_4,Recommended_4_pushVictoryHeuristic,[],[],[],[],0
2110027652,MultiverseMarbles,0,GAME_OVER,71,70,2,803,2,Recommended_4_pushVictoryHeuristic,2,1,1,Recommended_4,Recommended_4_pushVictoryHeuristic,-1.0,1.0,Recommended_4,3,10,TwoSides.txt,Jump over 1 marble or blocker or move a marble by 1 space in any direction,Push a column of marbles by 1 space in any direction,Pushed out marbles are removed from play,You can push opposing marbles if you use more or equal marbles. Do not split your column while pushing the opponent.,Occupy all goals of your color.,Recommended_4,Recommended_4_pushVictoryHeuristic,[],"[1, 1, 0, 1, 1, 0, 0]",[],"[1, 1, 0, 1, 1, 0, 0]",0
1836665067,MultiverseMarbles,0,GAME_OVER,10,9,2,804,1,Recommended_4_pushVictoryHeuristic,1,2,2,Recommended_4,Recommended_4_pushVictoryHeuristic,1.0,-1.0,Recommended_4,10,10,TwoSides.txt,Move 1 marble exactly 2 spaces in any direction.,Push a column of marbles by 1 space in any direction,Pushed out marbles are removed from play,"You can push opposing marbles if you use an even number of marbles (2, 4 or 6). Do not split your column while pushing the opponent.",Occupy 1 goal of each color.,Recommended_4,Recommended_4_pushVictoryHeuristic,[],[],[],[],1
1326711567,MultiverseMarbles,0,GAME_OVER,42,41,2,805,1,Recommended_4_pushVictoryHeuristic,1,2,2,Recommended_4,Recommended_4_pushVictoryHeuristic,1.0,-1.0,Recommended_4,9,10,TwoSides.txt,Move 1 marble by 1 space in any direction.,Push a column of marbles by 1 space in any direction,"Pushed out marbles return to the center, if it is free. Else they are removed.",You can push opposing marbles if you use fewer or more marbles.,Occupy 1 goal of each color.,Recommended_4,Recommended_4_pushVictoryHeuristic,[],[1],[],[1],1
1929126127,MultiverseMarbles,0,GAME_OVER,15,14,2,806,2,Recommended_4_pushVictoryHeuristic,2,1,1,Recommended_4,Recommended_4_pushVictoryHeuristic,-1.0,1.0,Recommended_4,9,10,TwoSides.txt,Move 1 marble by 1 space in any direction.,Push a column of marbles by 1 space in any direction,Pushed out marbles return to the center. Remove any pre-existing marble.,You can push opposing marbles if you use more or equal marbles. Do not split your column while pushing the opponent.,Occupy 1 goal of each color.,Recommended_4,Recommended_4_pushVictoryHeuristic,[],[0],[],[0],0
-1327102278,MultiverseMarbles,0,GAME_OVER,20,19,2,807,1,Recommended_4_pushVictoryHeuristic,1,2,2,Recommended_4,Recommended_4_pushVictoryHeuristic,1.0,-1.0,Recommended_4,10,10,TwoSides.txt,Move 1 marble exactly 2 spaces in any direction.,Push a column of marbles by 1 space in any direction,Pushed out marbles return to the center. Remove any pre-existing marble.,"You can push your opposing marbles if you use an uneven number of marbles (1, 3 or 5). Do not split your column while pushing the opponent.",Occupy 1 goal of each color.,Recommended_4,Recommended_4_pushVictoryHeuristic,[],[],[],[],1
662232205,MultiverseMarbles,0,GAME_OVER,113,112,2,808,2,Recommended_4_pushVictoryHeuristic,2,1,1,Recommended_4,Recommended_4_pushVictoryHeuristic,-1.0,1.0,Recommended_4,10,10,TwoSides.txt,Move 1 marble by up to 3 spaces in any direction in a straight line.,Push a column of marbles by 1 space in any direction,Pushed out marbles are removed from play,You can push opposing marbles if you use equal marbles. Do not split your column while pushing the opponent.,Occupy 3 non-neighbouring goals.,Recommended_4,Recommended_4_pushVictoryHeuristic,[],[],[],[],0
-706626424,MultiverseMarbles,0,GAME_OVER,36,35,2,809,1,Recommended_4_pushVictoryHeuristic,1,2,2,Recommended_4,Recommended_4_pushVictoryHeuristic,1.0,-1.0,Recommended_4,8,10,TwoSides.txt,Move 1 marble exactly 2 spaces in any direction.,Push a column of marbles by 1 space in any direction,"Pushed out marbles return to the center, if it is free. Else they are removed.","You can push opposing marbles if you use an even number of marbles (2, 4 or 6). Do not split your column while pushing the opponent.",Occupy all goals of your color.,Recommended_4,Recommended_4_pushVictoryHeuristic,[],"[1, 0]",[],"[1, 1, 0]",1
252744278,MultiverseMarbles,0,GAME_OVER,43,42,2,810,2,Recommended_4_pushVictoryHeuristic,2,1,1,Recommended_4,Recommended_4_pushVictoryHeuristic,-1.0,1.0,Recommended_4,7,10,TwoSides.txt,Move 1 marble by up to 3 spaces in any direction in a straight line.,Push a column of marbles by 1 space in any direction,"Pushed out marbles return to the center, if it is free. Else they are removed.","You can push your opposing marbles if you use an uneven number of marbles (1, 3 or 5). Do not split your column while pushing the opponent.",Occupy 3 non-neighbouring goals.,Recommended_4,Recommended_4_pushVictoryHeuristic,[],"[0, 0, 0]",[],"[1, 0, 0, 0, 0]",0
-464991428,MultiverseMarbles,0,GAME_OVER,47,46,2,811,2,Recommended_4_pushVictoryHeuristic,2,1,1,Recommended_4,Recommended_4_pushVictoryHeuristic,-1.0,1.0,Recommended_4,9,8,TwoSides.txt,Move 1 marble exactly 2 spaces in any direction.,Push a column of marbles by 1 space in any direction,Pushed out marbles return to the center. Remove any pre-existing marble.,You can push opposing marbles if you use more or equal marbles. Do not split your column while pushing the opponent.,Push out 3 opposing marbles.,Recommended_4,Recommended_4_pushVictoryHeuristic,[],"[1, 0, 0]",[],"[1, 1, 0, 0, 0]",0
-552595740,MultiverseMarbles,0,GAME_OVER,50,49,2,812,1,Recommended_4_pushVictoryHeuristic,1,2,2,Recommended_4,Recommended_4_pushVictoryHeuristic,1.0,-1.0,Recommended_4,9,10,TwoSides.txt,Move 1 marble by 1 space in any direction.,Push a column of marbles by 1 space in any direction,Pushed out marbles are removed from play,"You can push opposing marbles if you use an even number of marbles (2, 4 or 6). Do not split your column while pushing the opponent.",Occupy 1 goal of each color.,Recommended_4,Recommended_4_pushVictoryHeuristic,[],[1],[],[1],1
2039106432,MultiverseMarbles,0,GAME_OVER,27,26,2,813,2,Recommended_4_pushVictoryHeuristic,2,1,1,Recommended_4,Recommended_4_pushVictoryHeuristic,-1.0,1.0,Recommended_4,9,10,TwoSides.txt,Move 1 marble by 1 space in any direction.,Push a column of marbles by 1 space in any direction,Pushed out marbles are removed from play,"You can push your opposing marbles if you use an uneven number of marbles (1, 3 or 5). Do not split your column while pushing the opponent.",Occupy 3 non-neighbouring goals.,Recommended_4,Recommended_4_pushVictoryHeuristic,[],[0],[],[0],0
-1102067937,MultiverseMarbles,0,GAME_OVER,59,58,2,814,2,Recommended_4_pushVictoryHeuristic,2,1,1,Recommended_4,Recommended_4_pushVictoryHeuristic,-1.0,1.0,Recommended_4,4,10,TwoSides.txt,Move 1 marble by up to 3 spaces in any direction in a straight line.,Push a column of marbles by 1 space in any direction,Pushed out marbles return to the center. Remove any pre-existing marble.,You can push opposing marbles if you use more or equal marbles. Do not split your column while pushing the opponent.,Occupy all goals of your color.,Recommended_4,Recommended_4_pushVictoryHeuristic,[],"[1, 0, 1, 1, 0, 0]",[],"[0, 1, 0, 1, 1, 0, 0]",0
676317676,MultiverseMarbles,0,GAME_OVER,47,46,2,815,2,Recommended_4_pushVictoryHeuristic,2,1,1,Recommended_4,Recommended_4_pushVictoryHeuristic,-1.0,1.0,Recommended_4,7,10,TwoSides.txt,Jump over 1 marble or blocker or move a marble by 1 space in any direction,Push a column of marbles by 1 space in any direction,"Pushed out marbles return to the center, if it is free. Else they are removed.","You can push opposing marbles if you use an even number of marbles (2, 4 or 6). Do not split your column while pushing the opponent.",Occupy all goals of your color.,Recommended_4,Recommended_4_pushVictoryHeuristic,[],"[1, 1, 0]",[],"[1, 1, 1, 0, 0, 0]",0
-1751082050,MultiverseMarbles,0,GAME_OVER,200,200,2,816,1,Recommended_4_pushVictoryHeuristic,1,1,1,Recommended_4,Recommended_4_pushVictoryHeuristic,-3.0,-3.0,Recommended_4,10,10,TwoSides.txt,Move 1 marble by 1 space in any direction.,Push a column of marbles by 1 space in any direction,"Pushed out marbles return to the center, if it is free. Else they are removed.",You can push opposing marbles if you use equal marbles. Do not split your column while pushing the opponent.,Occupy all goals of your color.,Recommended_4,Recommended_4_pushVictoryHeuristic,[],[],[],"[0, 0]",-1
1733491472,MultiverseMarbles,0,GAME_OVER,101,100,2,817,2,Recommended_4_pushVictoryHeuristic,2,1,1,Recommended_4,Recommended_4_pushVictoryHeuristic,-1.0,1.0,Recommended_4,4,10,TwoSides.txt,Jump over 1 marble or blocker or move a marble by 1 space in any direction,Push a column of marbles by 1 space in any direction,Pushed out marbles are removed from play,You can push opposing marbles if you use more marbles.,Push out 3 opposing marbles.,Recommended_4,Recommended_4_pushVictoryHeuristic,[],"[1, 1, 0, 0, 1, 0]",[],"[1, 1, 0, 0, 1, 0]",0
587681215,MultiverseMarbles,0,GAME_OVER,99,98,2,818,2,Recommended_4_pushVictoryHeuristic,2,1,1,Recommended_4,Recommended_4_pushVictoryHeuristic,-1.0,1.0,Recommended_4,6,9,TwoSides.txt,Move 1 marble by 1 space in any direction.,Push a column of marbles by 1 space in any direction,Pushed out marbles return to the center. Remove any pre-existing marble.,You can push opposing marbles if you use more or equal marbles. Do not split your column while pushing the opponent.,Occupy all goals of your color.,Recommended_4,Recommended_4_pushVictoryHeuristic,[1],"[1, 0, 0, 0]",[1],"[1, 1, 0, 0, 0, 0]",0
626609192,MultiverseMarbles,0,GAME_OVER,43,42,2,819,2,Recommended_4_pushVictoryHeuristic,2,1,1,Recommended_4,Recommended_4_pushVictoryHeuristic,-1.0,1.0,Recommended_4,10,10,TwoSides.txt,Move 1 marble by 1 space in any direction.,Push a column of marbles by 1 space in any direction,"Pushed out marbles return to the center, if it is free. Else they are removed.",You can push opposing marbles if you use more or equal marbles. Do not split your column while pushing the opponent.,Occupy 1 goal of each color.,Recommended_4,Recommended_4_pushVictoryHeuristic,[],[],[],[0],0
-888672324,MultiverseMarbles,0,GAME_OVER,47,46,2,820,2,Recommended_4_pushVictoryHeuristic,2,1,1,Recommended_4,Recommended_4_pushVictoryHeuristic,-1.0,1.0,Recommended_4,6,10,TwoSides.txt,Move 1 marble exactly 2 spaces in any direction.,Push a column of marbles by 1 space in any direction,Pushed out marbles return to the center. Remove any pre-existing marble.,You can push opposing marbles if you use fewer or more marbles.,Push out 3 opposing marbles.,Recommended_4,Recommended_4_pushVictoryHeuristic,[],"[0, 0, 1, 1]",[0],"[0, 0, 1, 1, 0]",0
-1288367568,MultiverseMarbles,0,GAME_OVER,73,72,2,821,2,Recommended_4_pushVictoryHeuristic,2,1,1,Recommended_4,Recommended_4_pushVictoryHeuristic,-1.0,1.0,Recommended_4,6,10,TwoSides.txt,Jump over 1 marble or blocker or move a marble by 1 space in any direction,Push a column of marbles by 1 space in any direction,"Pushed out marbles return to the center, if it is free. Else they are removed.",You can push opposing marbles if you use more marbles.,Push out 3 opposing marbles.,Recommended_4,Recommended_4_pushVictoryHeuristic,[],"[1, 1, 0, 0]",[],"[1, 1, 0, 0, 0]",0
-641694153,MultiverseMarbles,0,GAME_OVER,48,47,2,822,1,Recommended_4_pushVictoryHeuristic,1,2,2,Recommended_4,Recommended_4_pushVictoryHeuristic,1.0,-1.0,Recommended_4,10,10,TwoSides.txt,Jump over 1 marble or blocker or move a marble by 1 space in any direction,Push a column of marbles by 1 space in any direction,Pushed out marbles are removed from play,You can push opposing marbles if you use equal marbles. Do not split your column while pushing the opponent.,Occupy 1 goal of each color.,Recommended_4,Recommended_4_pushVictoryHeuristic,[],[],[],[],1
-1742429599,MultiverseMarbles,0,GAME_OVER,103,102,2,823,2,Recommended_4_pushVictoryHeuristic,2,1,1,Recommended_4,Recommended_4_pushVictoryHeuristic,-1.0,1.0,Recommended_4,10,10,TwoSides.txt,Move 1 marble by 1 space in any direction.,Push a column of marbles by 1 space in any direction,Pushed out marbles are removed from play,You can push opposing marbles if you use fewer or equal marbles. Do not split your column while pushing the opponent.,Occupy 1 goal of each color.,Recommended_4,Recommended_4_pushVictoryHeuristic,[],[],[],[],0
-2043414184,MultiverseMarbles,0,GAME_OVER,181,180,2,824,2,Recommended_4_pushVictoryHeuristic,2,1,1,Recommended_4,Recommended_4_pushVictoryHeuristic,-1.0,1.0,Recommended_4,7,10,TwoSides.txt,Jump over 1 marble or blocker or move a marble by 1 space in any direction,Push a column of marbles by 1 space in any direction,Pushed out marbles are removed from play,You can push opposing marbles if you use equal marbles. Do not split your column while pushing the opponent.,Push out 3 opposing marbles.,Recommended_4,Recommended_4_pushVictoryHeuristic,[],"[0, 0, 0]",[],"[0, 0, 0]",0
1588882028,MultiverseMarbles,0,GAME_OVER,138,137,2,825,1,Recommended_4_pushVictoryHeuristic,1,2,2,Recommended_4,Recommended_4_pushVictoryHeuristic,1.0,-1.0,Recommended_4,10,10,TwoSides.txt,Move 1 marble by up to 3 spaces in any direction in a straight line.,Push a column of marbles by 1 space in any direction,"Pushed out marbles return to the center, if it is free. Else they are removed.",You can push opposing marbles if you use fewer or equal marbles. Do not split your column while pushing the opponent.,Occupy all goals of your color.,Recommended_4,Recommended_4_pushVictoryHeuristic,[],[],[],[],1
871662777,MultiverseMarbles,0,GAME_OVER,38,37,2,826,1,Recommended_4_pushVictoryHeuristic,1,2,2,Recommended_4,Recommended_4_pushVictoryHeuristic,1.0,-1.0,Recommended_4,9,8,TwoSides.txt,Move 1 marble exactly 2 spaces in any direction.,Push a column of marbles by 1 space in any direction,Pushed out marbles are removed from play,You can push opposing marbles if you use more marbles.,Occupy 1 goal of each color.,Recommended_4,Recommended_4_pushVictoryHeuristic,"[0, 1]",[1],"[0, 1]",[1],1
-1791427606,MultiverseMarbles,0,GAME_OVER,31,30,2,827,2,Recommended_4_pushVictoryHeuristic,2,1,1,Recommended_4,Recommended_4_pushVictoryHeuristic,-1.0,1.0,Recommended_4,8,10,TwoSides.txt,Move 1 marble by 1 space in any direction.,Push a column of marbles by 1 space in any direction,Pushed out marbles are removed from play,"You can push opposing marbles if you use an even number of marbles (2, 4 or 6). Do not split your column while pushing the opponent.",Occupy 1 goal of each color.,Recommended_4,Recommended_4_pushVictoryHeuristic,[],"[1, 0]",[],"[1, 0]",0
1363510825,MultiverseMarbles,0,GAME_OVER,20,19,2,828,1,Recommended_4_pushVictoryHeuristic,1,2,2,Recommended_4,Recommended_4_pushVictoryHeuristic,1.0,-1.0,Recommended_4,10,10,TwoSides.txt,Move 1 marble by 1 space in any direction.,Push a column of marbles by 1 space in any direction,Pushed out marbles return to the center. Remove any pre-existing marble.,You can push opposing marbles if you use fewer or equal marbles. Do not split your column while pushing the opponent.,Occupy 1 goal of each color.,Recommended_4,Recommended_4_pushVictoryHeuristic,[],[],[],[],1
33308118,MultiverseMarbles,0,GAME_OVER,26,25,2,829,1,Recommended_4_pushVictoryHeuristic,1,2,2,Recommended_4,Recommended_4_pushVictoryHeuristic,1.0,-1.0,Recommended_4,10,10,TwoSides.txt,Jump over 1 marble or blocker or move a marble by 1 space in any direction,Push a column of marbles by 1 space in any direction,"Pushed out marbles return to the center, if it is free. Else they are removed.","You can push your opposing marbles if you use an uneven number of marbles (1, 3 or 5). Do not split your column while pushing the opponent.",Occupy 3 non-neighbouring goals.,Recommended_4,Recommended_4_pushVictoryHeuristic,[],[],[],[1],1
-1891042671,MultiverseMarbles,0,GAME_OVER,26,25,2,830,1,Recommended_4_pushVictoryHeuristic,1,2,2,Recommended_4,Recommended_4_pushVictoryHeuristic,1.0,-1.0,Recommended_4,10,10,TwoSides.txt,Move 1 marble exactly 2 spaces in any direction.,Push a column of marbles by 1 space in any direction,Pushed out marbles return to the center. Remove any pre-existing marble.,"You can push opposing marbles if you use an even number of marbles (2, 4 or 6). Do not split your column while pushing the opponent.",Occupy 3 non-neighbouring goals.,Recommended_4,Recommended_4_pushVictoryHeuristic,[],[],[],[],1
-784242670,MultiverseMarbles,0,GAME_OVER,41,40,2,831,2,Recommended_4_pushVictoryHeuristic,2,1,1,Recommended_4,Recommended_4_pushVictoryHeuristic,-1.0,1.0,Recommended_4,10,10,TwoSides.txt,Jump over 1 marble or blocker or move a marble by 1 space in any direction,Push a column of marbles by 1 space in any direction,Pushed out marbles return to the center. Remove any pre-existing marble.,You can push opposing marbles if you use fewer or equal marbles. Do not split your column while pushing the opponent.,Occupy 3 non-neighbouring goals.,Recommended_4,Recommended_4_pushVictoryHeuristic,[],[],[],[0],0
1746059027,MultiverseMarbles,0,GAME_OVER,145,144,2,832,2,Recommended_4_pushVictoryHeuristic,2,1,1,Recommended_4_ownColorVictoryHeuristic,Recommended_4_pushVictoryHeuristic,-1.0,1.0,Recommended_4_ownColorVictoryHeuristic,9,10,TwoSides.txt,Move 1 marble exactly 2 spaces in any direction.,Push a column of marbles by 1 space in any direction,"Pushed out marbles return to the center, if it is free. Else they are removed.","You can push your opposing marbles if you use an uneven number of marbles (1, 3 or 5). Do not split your column while pushing the opponent.",Push out 3 opposing marbles.,Recommended_4_ownColorVictoryHeuristic,Recommended_4_pushVictoryHeuristic,[],[0],[],"[0, 0, 0]",0
1717405991,MultiverseMarbles,0,GAME_OVER,56,55,2,833,1,Recommended_4_pushVictoryHeuristic,1,2,2,Recommended_4_ownColorVictoryHeuristic,Recommended_4_pushVictoryHeuristic,1.0,-1.0,Recommended_4_ownColorVictoryHeuristic,7,7,TwoSides.txt,Move 1 marble by 1 space in any direction.,Push a column of marbles by 1 space in any direction,Pushed out marbles are removed from play,You can push opposing marbles if you use more or equal marbles. Do not split your column while pushing the opponent.,Occupy all goals of your color.,Recommended_4_ownColorVictoryHeuristic,Recommended_4_pushVictoryHeuristic,"[1, 1, 1]","[0, 0, 0]","[1, 1, 1]","[0, 0, 0]",1
-815598253,MultiverseMarbles,0,GAME_OVER,30,29,2,834,1,Recommended_4_pushVictoryHeuristic,1,2,2,Recommended_4_ownColorVictoryHeuristic,Recommended_4_pushVictoryHeuristic,1.0,-1.0,Recommended_4_ownColorVictoryHeuristic,10,9,TwoSides.txt,Move 1 marble by up to 3 spaces in any direction in a straight line.,Push a column of marbles by 1 space in any direction,Pushed out marbles return to the center. Remove any pre-existing marble.,"You can push your opposing marbles if you use an uneven number of marbles (1, 3 or 5). Do not split your column while pushing the opponent.",Occupy 1 goal of each color.,Recommended_4_ownColorVictoryHeuristic,Recommended_4_pushVictoryHeuristic,[],[1],[],[1],1
2110276287,MultiverseMarbles,0,GAME_OVER,54,53,2,835,1,Recommended_4_pushVictoryHeuristic,1,2,2,Recommended_4_ownColorVictoryHeuristic,Recommended_4_pushVictoryHeuristic,1.0,-1.0,Recommended_4_ownColorVictoryHeuristic,8,10,TwoSides.txt,Move 1 marble by up to 3 spaces in any direction in a straight line.,Push a column of marbles by 1 space in any direction,Pushed out marbles are removed from play,You can push opposing marbles if you use fewer or more marbles.,Occupy 3 non-neighbouring goals.,Recommended_4_ownColorVictoryHeuristic,Recommended_4_pushVictoryHeuristic,[],"[0, 1]",[],"[0, 1]",1
-2066950591,MultiverseMarbles,0,GAME_OVER,34,33,2,836,1,Recommended_4_pushVictoryHeuristic,1,2,2,Recommended_4_ownColorVictoryHeuristic,Recommended_4_pushVictoryHeuristic,1.0,-1.0,Recommended_4_ownColorVictoryHeuristic,10,10,TwoSides.txt,Jump over 1 marble or blocker or move a marble by 1 space in any direction,Push a column of marbles by 1 space in any direction,Pushed out marbles return to the center. Remove any pre-existing marble.,You can push opposing marbles if you use equal marbles. Do not split your column while pushing the opponent.,Occupy 1 goal of each color.,Recommended_4_ownColorVictoryHeuristic,Recommended_4_pushVictoryHeuristic,[],[],[],[],1
-983345474,MultiverseMarbles,0,GAME_OVER,34,33,2,837,1,Recommended_4_pushVictoryHeuristic,1,2,2,Recommended_4_ownColorVictoryHeuristic,Recommended_4_pushVictoryHeuristic,1.0,-1.0,Recommended_4_ownColorVictoryHeuristic,10,10,TwoSides.txt,Move 1 marble exactly 2 spaces in any direction.,Push a column of marbles by 1 space in any direction,"Pushed out marbles return to the center, if it is free. Else they are removed.",You can push opposing marbles if you use more marbles.,Occupy all goals of your color.,Recommended_4_ownColorVictoryHeuristic,Recommended_4_pushVictoryHeuristic,[],[],[],[],1
-4526276,MultiverseMarbles,0,GAME_OVER,65,64,2,838,2,Recommended_4_pushVictoryHeuristic,2,1,1,Recommended_4_ownColorVictoryHeuristic,Recommended_4_pushVictoryHeuristic,-1.0,1.0,Recommended_4_ownColorVictoryHeuristic,7,10,TwoSides.txt,Jump over 1 marble or blocker or move a marble by 1 space in any direction,Push a column of marbles by 1 space in any direction,"Pushed out marbles return to the center, if it is free. Else they are removed.",You can push opposing marbles if you use fewer or more marbles.,Occupy all goals of your color.,Recommended_4_ownColorVictoryHeuristic,Recommended_4_pushVictoryHeuristic,[],"[0, 1, 0]",[],"[0, 1, 0]",0
-216729907,MultiverseMarbles,0,GAME_OVER,200,200,2,839,1,Recommended_4_pushVictoryHeuristic,1,1,1,Recommended_4_ownColorVictoryHeuristic,Recommended_4_pushVictoryHeuristic,-3.0,-3.0,Recommended_4_ownColorVictoryHeuristic,8,10,TwoSides.txt,Move 1 marble exactly 2 spaces in any direction.,Push a column of marbles by 1 space in any direction,Pushed out marbles are removed from play,You can push opposing marbles if you use equal marbles. Do not split your column while pushing the opponent.,Push out 3 opposing marbles.,Recommended_4_ownColorVictoryHeuristic,Recommended_4_pushVictoryHeuristic,[],"[0, 0]",[],"[0, 0]",-1
1574719807,MultiverseMarbles,0,GAME_OVER,81,80,2,840,2,Recommended_4_pushVictoryHeuristic,2,1,1,Recommended_4_ownColorVictoryHeuristic,Recommended_4_pushVictoryHeuristic,-1.0,1.0,Recommended_4_ownColorVictoryHeuristic,7,10,TwoSides.txt,Move 1 marble by up to 3 spaces in any direction in a straight line.,Push a column of marbles by 1 space in any direction,Pushed out marbles are removed from play,You can push opposing marbles if you use more or equal marbles. Do not split your column while pushing the opponent.,Push out 3 opposing marbles.,Recommended_4_ownColorVictoryHeuristic,Recommended_4_pushVictoryHeuristic,[],"[0, 0, 0]",[],"[0, 0, 0]",0
-1713847478,MultiverseMarbles,0,GAME_OVER,26,25,2,841,1,Recommended_4_pushVictoryHeuristic,1,2,2,Recommended_4_ownColorVictoryHeuristic,Recommended_4_pushVictoryHeuristic,1.0,-1.0,Recommended_4_ownColorVictoryHeuristic,10,10,TwoSides.txt,Move 1 marble by up to 3 spaces in any direction in a straight line.,Push a column of marbles by 1 space in any direction,Pushed out marbles return to the center. Remove any pre-existing marble.,You can push opposing marbles if you use fewer or more marbles.,Occupy 3 non-neighbouring goals.,Recommended_4_ownColorVictoryHeuristic,Recommended_4_pushVictoryHeuristic,[],[],[],[],1
-1976319089,MultiverseMarbles,0,GAME_OVER,27,26,2,842,2,Recommended_4_pushVictoryHeuristic,2,1,1,Recommended_4_ownColorVictoryHeuristic,Recommended_4_pushVictoryHeuristic,-1.0,1.0,Recommended_4_ownColorVictoryHeuristic,9,10,TwoSides.txt,Move 1 marble by up to 3 spaces in any direction in a straight line.,Push a column of marbles by 1 space in any direction,Pushed out marbles are removed from play,You can push opposing marbles if you use equal marbles. Do not split your column while pushing the opponent.,Occupy 1 goal of each color.,Recommended_4_ownColorVictoryHeuristic,Recommended_4_pushVictoryHeuristic,[],[0],[],[0],0
-2131796781,MultiverseMarbles,0,GAME_OVER,56,55,2,843,1,Recommended_4_pushVictoryHeuristic,1,2,2,Recommended_4_ownColorVictoryHeuristic,Recommended_4_pushVictoryHeuristic,1.0,-1.0,Recommended_4_ownColorVictoryHeuristic,8,9,TwoSides.txt,Move 1 marble by 1 space in any direction.,Push a column of marbles by 1 space in any direction,Pushed out marbles are removed from play,You can push opposing marbles if you use more or equal marbles. Do not split your column while pushing the opponent.,Occupy 3 non-neighbouring goals.,Recommended_4_ownColorVictoryHeuristic,Recommended_4_pushVictoryHeuristic,[1],"[0, 0]",[1],"[0, 0]",1
1779048739,MultiverseMarbles,0,GAME_OVER,17,16,2,844,2,Recommended_4_pushVictoryHeuristic,2,1,1,Recommended_4_ownColorVictoryHeuristic,Recommended_4_pushVictoryHeuristic,-1.0,1.0,Recommended_4_ownColorVictoryHeuristic,10,10,TwoSides.txt,Jump over 1 marble or blocker or move a marble by 1 space in any direction,Push a column of marbles by 1 space in any direction,"Pushed out marbles return to the center, if it is free. Else they are removed.",You can push opposing marbles if you use equal marbles. Do not split your column while pushing the opponent.,Occupy 1 goal of each color.,Recommended_4_ownColorVictoryHeuristic,Recommended_4_pushVictoryHeuristic,[],[],[],[],0
1562152964,MultiverseMarbles,0,GAME_OVER,197,196,2,845,2,Recommended_4_pushVictoryHeuristic,2,1,1,Recommended_4_ownColorVictoryHeuristic,Recommended_4_pushVictoryHeuristic,-1.0,1.0,Recommended_4_ownColorVictoryHeuristic,9,10,TwoSides.txt,Move 1 marble by up to 3 spaces in any direction in a straight line.,Push a column of marbles by 1 space in any direction,"Pushed out marbles return to the center, if it is free. Else they are removed.",You can push opposing marbles if you use equal marbles. Do not split your column while pushing the opponent.,Push out 3 opposing marbles.,Recommended_4_ownColorVictoryHeuristic,Recommended_4_pushVictoryHeuristic,[],[0],[],"[0, 0, 0]",0
270059829,MultiverseMarbles,0,GAME_OVER,28,27,2,846,1,Recommended_4_pushVictoryHeuristic,1,2,2,Recommended_4_ownColorVictoryHeuristic,Recommended_4_pushVictoryHeuristic,1.0,-1.0,Recommended_4_ownColorVictoryHeuristic,9,10,TwoSides.txt,Jump over 1 marble or blocker or move a marble by 1 space in any direction,Push a column of marbles by 1 space in any direction,"Pushed out marbles return to the center, if it is free. Else they are removed.",You can push opposing marbles if you use more marbles.,Occupy 1 goal of each color.,Recommended_4_ownColorVictoryHeuristic,Recommended_4_pushVictoryHeuristic,[],[1],[],"[1, 1]",1
-926384225,MultiverseMarbles,0,GAME_OVER,31,30,2,847,2,Recommended_4_pushVictoryHeuristic,2,1,1,Recommended_4_ownColorVictoryHeuristic,Recommended_4_pushVictoryHeuristic,-1.0,1.0,Recommended_4_ownColorVictoryHeuristic,9,10,TwoSides.txt,Move 1 marble by 1 space in any direction.,Push a column of marbles by 1 space in any direction,"Pushed out marbles return to the center, if it is free. Else they are removed.","You can push opposing marbles if you use an even number of marbles (2, 4 or 6). Do not split your column while pushing the opponent.",Push out 3 opposing marbles.,Recommended_4_ownColorVictoryHeuristic,Recommended_4_pushVictoryHeuristic,[],[0],[],"[0, 0, 0]",0
-1328314967,MultiverseMarbles,0,GAME_OVER,37,36,2,848,2,Recommended_4_pushVictoryHeuristic,2,1,1,Recommended_4_ownColorVictoryHeuristic,Recommended_4_pushVictoryHeuristic,-1.0,1.0,Recommended_4_ownColorVictoryHeuristic,7,10,TwoSides.txt,Move 1 marble by up to 3 spaces in any direction in a straight line.,Push a column of marbles by 1 space in any direction,Pushed out marbles are removed from play,You can push opposing marbles if you use more marbles.,Occupy 1 goal of each color.,Recommended_4_ownColorVictoryHeuristic,Recommended_4_pushVictoryHeuristic,[],"[1, 1, 0]",[],"[1, 1, 0]",0
-1794392388,MultiverseMarbles,0,GAME_OVER,86,85,2,849,1,Recommended_4_pushVictoryHeuristic,1,2,2,Recommended_4_ownColorVictoryHeuristic,Recommended_4_pushVictoryHeuristic,1.0,-1.0,Recommended_4_ownColorVictoryHeuristic,10,10,TwoSides.txt,Move 1 marble by 1 space in any direction.,Push a column of marbles by 1 space in any direction,"Pushed out marbles return to the center, if it is free. Else they are removed.",You can push opposing marbles if you use equal marbles. Do not split your column while pushing the opponent.,Occupy all goals of your color.,Recommended_4_ownColorVictoryHeuristic,Recommended_4_pushVictoryHeuristic,[],[],[],[],1
697560613,MultiverseMarbles,0,GAME_OVER,60,59,2,850,1,Recommended_4_pushVictoryHeuristic,1,2,2,Recommended_4_ownColorVictoryHeuristic,Recommended_4_pushVictoryHeuristic,1.0,-1.0,Recommended_4_ownColorVictoryHeuristic,10,10,TwoSides.txt,Move 1 marble exactly 2 spaces in any direction.,Push a column of marbles by 1 space in any direction,Pushed out marbles return to the center. Remove any pre-existing marble.,You can push opposing marbles if you use fewer or more marbles.,Occupy all goals of your color.,Recommended_4_ownColorVictoryHeuristic,Recommended_4_pushVictoryHeuristic,[],[],[1],"[0, 0, 1, 1]",1
-1554531401,MultiverseMarbles,0,GAME_OVER,71,70,2,851,2,Recommended_4_pushVictoryHeuristic,2,1,1,Recommended_4_ownColorVictoryHeuristic,Recommended_4_pushVictoryHeuristic,-1.0,1.0,Recommended_4_ownColorVictoryHeuristic,5,9,TwoSides.txt,Move 1 marble by up to 3 spaces in any direction in a straight line.,Push a column of marbles by 1 space in any direction,Pushed out marbles are removed from play,You can push opposing marbles if you use fewer or more marbles.,Occupy all goals of your color.,Recommended_4_ownColorVictoryHeuristic,Recommended_4_pushVictoryHeuristic,[1],"[0, 0, 0, 0, 0]",[1],"[0, 0, 0, 0, 0]",0
1853893906,MultiverseMarbles,0,GAME_OVER,17,16,2,852,2,Recommended_4_pushVictoryHeuristic,2,1,1,Recommended_4_ownColorVictoryHeuristic,Recommended_4_pushVictoryHeuristic,-1.0,1.0,Recommended_4_ownColorVictoryHeuristic,8,10,TwoSides.txt,Move 1 marble by 1 space in any direction.,Push a column of marbles by 1 space in any direction,Pushed out marbles return to the center. Remove any pre-existing marble.,"You can push opposing marbles if you use an even number of marbles (2, 4 or 6). Do not split your column while pushing the opponent.",Push out 3 opposing marbles.,Recommended_4_ownColorVictoryHeuristic,Recommended_4_pushVictoryHeuristic,[],"[0, 0]",[],"[0, 0, 0]",0
-1337721364,MultiverseMarbles,0,GAME_OVER,19,18,2,853,2,Recommended_4_pushVictoryHeuristic,2,1,1,Recommended_4_ownColorVictoryHeuristic,Recommended_4_pushVictoryHeuristic,-1.0,1.0,Recommended_4_ownColorVictoryHeuristic,10,10,TwoSides.txt,Move 1 marble exactly 2 spaces in any direction.,Push a column of marbles by 1 space in any direction,"Pushed out marbles return to the center, if it is free. Else they are removed.",You can push opposing marbles if you use fewer or equal marbles. Do not split your column while pushing the opponent.,Occupy 3 non-neighbouring goals.,Recommended_4_ownColorVictoryHeuristic,Recommended_4_pushVictoryHeuristic,[],[],[],[],0
-713051166,MultiverseMarbles,0,GAME_OVER,200,200,2,854,1,Recommended_4_pushVictoryHeuristic,1,1,1,Recommended_4_ownColorVictoryHeuristic,Recommended_4_pushVictoryHeuristic,-3.0,-3.0,Recommended_4_ownColorVictoryHeuristic,10,10,TwoSides.txt,Jump over 1 marble or blocker or move a marble by 1 space in any direction,Push a column of marbles by 1 space in any direction,Pushed out marbles are removed from play,You can push opposing marbles if you use equal marbles. Do not split your column while pushing the opponent.,Occupy all goals of your color.,Recommended_4_ownColorVictoryHeuristic,Recommended_4_pushVictoryHeuristic,[],[],[],[],-1
-1483613300,MultiverseMarbles,0,GAME_OVER,200,200,2,855,1,Recommended_4_pushVictoryHeuristic,1,1,1,Recommended_4_ownColorVictoryHeuristic,Recommended_4_pushVictoryHeuristic,-3.0,-3.0,Recommended_4_ownColorVictoryHeuristic,9,10,TwoSides.txt,Jump over 1 marble or blocker or move a marble by 1 space in any direction,Push a column of marbles by 1 space in any direction,"Pushed out marbles return to the center, if it is free. Else they are removed.",You can push opposing marbles if you use fewer or equal marbles. Do not split your column while pushing the opponent.,Push out 3 opposing marbles.,Recommended_4_ownColorVictoryHeuristic,Recommended_4_pushVictoryHeuristic,[],[0],[],"[0, 0]",-1
-1499468216,MultiverseMarbles,0,GAME_OVER,200,200,2,856,1,Recommended_4_pushVictoryHeuristic,1,1,1,Recommended_4_ownColorVictoryHeuristic,Recommended_4_pushVictoryHeuristic,-3.0,-3.0,Recommended_4_ownColorVictoryHeuristic,10,10,TwoSides.txt,Move 1 marble by 1 space in any direction.,Push a column of marbles by 1 space in any direction,"Pushed out marbles return to the center, if it is free. Else they are removed.",You can push opposing marbles if you use equal marbles. Do not split your column while pushing the opponent.,Occupy 1 goal of each color.,Recommended_4_ownColorVictoryHeuristic,Recommended_4_pushVictoryHeuristic,[],[],[],[],-1
739787273,MultiverseMarbles,0,GAME_OVER,77,76,2,857,2,Recommended_4_pushVictoryHeuristic,2,1,1,Recommended_4_ownColorVictoryHeuristic,Recommended_4_pushVictoryHeuristic,-1.0,1.0,Recommended_4_ownColorVictoryHeuristic,8,10,TwoSides.txt,Jump over 1 marble or blocker or move a marble by 1 space in any direction,Push a column of marbles by 1 space in any direction,Pushed out marbles are removed from play,You can push opposing marbles if you use more marbles.,Occupy 3 non-neighbouring goals.,Recommended_4_ownColorVictoryHeuristic,Recommended_4_pushVictoryHeuristic,[],"[0, 0]",[],"[0, 0]",0
-1782714297,MultiverseMarbles,0,GAME_OVER,39,38,2,858,2,Recommended_4_pushVictoryHeuristic,2,1,1,Recommended_4_ownColorVictoryHeuristic,Recommended_4_pushVictoryHeuristic,-1.0,1.0,Recommended_4_ownColorVictoryHeuristic,10,10,TwoSides.txt,Move 1 marble by 1 space in any direction.,Push a column of marbles by 1 space in any direction,Pushed out marbles return to the center. Remove any pre-existing marble.,You can push opposing marbles if you use more or equal marbles. Do not split your column while pushing the opponent.,Occupy 1 goal of each color.,Recommended_4_ownColorVictoryHeuristic,Recommended_4_pushVictoryHeuristic,[],[],[],[0],0
-646364434,MultiverseMarbles,0,GAME_OVER,115,114,2,859,2,Recommended_4_pushVictoryHeuristic,2,1,1,Recommended_4_ownColorVictoryHeuristic,Recommended_4_pushVictoryHeuristic,-1.0,1.0,Recommended_4_ownColorVictoryHeuristic,10,10,TwoSides.txt,Move 1 marble by up to 3 spaces in any direction in a straight line.,Push a column of marbles by 1 space in any direction,"Pushed out marbles return to the center, if it is free. Else they are removed.",You can push opposing marbles if you use equal marbles. Do not split your column while pushing the opponent.,Occupy all goals of your color.,Recommended_4_ownColorVictoryHeuristic,Recommended_4_pushVictoryHeuristic,[],[],[],[0],0
1084719429,MultiverseMarbles,0,GAME_OVER,11,10,2,860,2,Recommended_4_pushVictoryHeuristic,2,1,1,Recommended_4_ownColorVictoryHeuristic,Recommended_4_pushVictoryHeuristic,-1.0,1.0,Recommended_4_ownColorVictoryHeuristic,10,10,TwoSides.txt,Move 1 marble exactly 2 spaces in any direction.,Push a column of marbles by 1 space in any direction,"Pushed out marbles return to the center, if it is free. Else they are removed.",You can push opposing marbles if you use fewer or equal marbles. Do not split your column while pushing the opponent.,Occupy 3 non-neighbouring goals.,Recommended_4_ownColorVictoryHeuristic,Recommended_4_pushVictoryHeuristic,[],[],[],[],0
1160060956,MultiverseMarbles,0,GAME_OVER,22,21,2,861,1,Recommended_4_pushVictoryHeuristic,1,2,2,Recommended_4_ownColorVictoryHeuristic,Recommended_4_pushVictoryHeuristic,1.0,-1.0,Recommended_4_ownColorVictoryHeuristic,10,10,TwoSides.txt,Move 1 marble exactly 2 spaces in any direction.,Push a column of marbles by 1 space in any direction,Pushed out marbles return to the center. Remove any pre-existing marble.,"You can push your opposing marbles if you use an uneven number of marbles (1, 3 or 5). Do not split your column while pushing the opponent.",Occupy 3 non-neighbouring goals.,Recommended_4_ownColorVictoryHeuristic,Recommended_4_pushVictoryHeuristic,[],[],[],[],1
-1070377338,MultiverseMarbles,0,GAME_OVER,23,22,2,862,2,Recommended_4_pushVictoryHeuristic,2,1,1,Recommended_4_ownColorVictoryHeuristic,Recommended_4_pushVictoryHeuristic,-1.0,1.0,Recommended_4_ownColorVictoryHeuristic,7,10,TwoSides.txt,Jump over 1 marble or blocker or move a marble by 1 space in any direction,Push a column of marbles by 1 space in any direction,"Pushed out marbles return to the center, if it is free. Else they are removed.","You can push opposing marbles if you use an even number of marbles (2, 4 or 6). Do not split your column while pushing the opponent.",Push out 3 opposing marbles.,Recommended_4_ownColorVictoryHeuristic,Recommended_4_pushVictoryHeuristic,[],"[0, 0, 0]",[],"[0, 0, 0]",0
-369041982,MultiverseMarbles,0,GAME_OVER,66,65,2,863,1,Recommended_4_pushVictoryHeuristic,1,2,2,Recommended_4_ownColorVictoryHeuristic,Recommended_4_pushVictoryHeuristic,1.0,-1.0,Recommended_4_ownColorVictoryHeuristic,7,10,TwoSides.txt,Move 1 marble exactly 2 spaces in any direction.,Push a column of marbles by 1 space in any direction,"Pushed out marbles return to the center, if it is free. Else they are removed.",You can push opposing marbles if you use more or equal marbles. Do not split your column while pushing the opponent.,Occupy all goals of your color.,Recommended_4_ownColorVictoryHeuristic,Recommended_4_pushVictoryHeuristic,[],"[0, 0, 0]",[],"[0, 0, 0]",1
1140185526,MultiverseMarbles,0,GAME_OVER,58,57,2,864,1,Recommended_4_pushVictoryHeuristic,1,2,2,Recommended_4_ownColorVictoryHeuristic,Recommended_4_pushVictoryHeuristic,1.0,-1.0,Recommended_4_ownColorVictoryHeuristic,10,9,TwoSides.txt,Jump over 1 marble or blocker or move a marble by 1 space in any direction,Push a column of marbles by 1 space in any direction,"Pushed out marbles return to the center, if it is free. Else they are removed.",You can push opposing marbles if you use fewer or more marbles.,Occupy 1 goal of each color.,Recommended_4_ownColorVictoryHeuristic,Recommended_4_pushVictoryHeuristic,[1],[],"[1, 1]","[0, 0]",1
473415057,MultiverseMarbles,0,GAME_OVER,42,41,2,865,1,Recommended_4_pushVictoryHeuristic,1,2,2,Recommended_4_ownColorVictoryHeuristic,Recommended_4_pushVictoryHeuristic,1.0,-1.0,Recommended_4_ownColorVictoryHeuristic,10,10,TwoSides.txt,Move 1 marble by up to 3 spaces in any direction in a straight line.,Push a column of marbles by 1 space in any direction,Pushed out marbles return to the center. Remove any pre-existing marble.,You can push opposing marbles if you use equal marbles. Do not split your column while pushing the opponent.,Occupy 3 non-neighbouring goals.,Recommended_4_ownColorVictoryHeuristic,Recommended_4_pushVictoryHeuristic,[],[],[],[],1
-1610347411,MultiverseMarbles,0,GAME_OVER,200,200,2,866,1,Recommended_4_pushVictoryHeuristic,1,1,1,Recommended_4_ownColorVictoryHeuristic,Recommended_4_pushVictoryHeuristic,-3.0,-3.0,Recommended_4_ownColorVictoryHeuristic,8,10,TwoSides.txt,Move 1 marble by 1 space in any direction.,Push a column of marbles by 1 space in any direction,Pushed out marbles are removed from play,You can push opposing marbles if you use fewer or equal marbles. Do not split your column while pushing the opponent.,Push out 3 opposing marbles.,Recommended_4_ownColorVictoryHeuristic,Recommended_4_pushVictoryHeuristic,[],"[0, 0]",[],"[0, 0]",-1
1587725811,MultiverseMarbles,0,GAME_OVER,37,36,2,867,2,Recommended_4_pushVictoryHeuristic,2,1,1,Recommended_4_ownColorVictoryHeuristic,Recommended_4_pushVictoryHeuristic,-1.0,1.0,Recommended_4_ownColorVictoryHeuristic,7,10,TwoSides.txt,Jump over 1 marble or blocker or move a marble by 1 space in any direction,Push a column of marbles by 1 space in any direction,Pushed out marbles are removed from play,You can push opposing marbles if you use more marbles.,Occupy 3 non-neighbouring goals.,Recommended_4_ownColorVictoryHeuristic,Recommended_4_pushVictoryHeuristic,[],"[0, 0, 1]",[],"[0, 0, 1]",0
-1593702437,MultiverseMarbles,0,GAME_OVER,20,19,2,868,1,Recommended_4_pushVictoryHeuristic,1,2,2,Recommended_4_ownColorVictoryHeuristic,Recommended_4_pushVictoryHeuristic,1.0,-1.0,Recommended_4_ownColorVictoryHeuristic,9,9,TwoSides.txt,Move 1 marble exactly 2 spaces in any direction.,Push a column of marbles by 1 space in any direction,Pushed out marbles return to the center. Remove any pre-existing marble.,"You can push opposing marbles if you use an even number of marbles (2, 4 or 6). Do not split your column while pushing the opponent.",Occupy 1 goal of each color.,Recommended_4_ownColorVictoryHeuristic,Recommended_4_pushVictoryHeuristic,[0],[1],[0],"[1, 1]",1
-1592563377,MultiverseMarbles,0,GAME_OVER,200,200,2,869,1,Recommended_4_pushVictoryHeuristic,1,1,1,Recommended_4_ownColorVictoryHeuristic,Recommended_4_pushVictoryHeuristic,-3.0,-3.0,Recommended_4_ownColorVictoryHeuristic,10,10,TwoSides.txt,Move 1 marble exactly 2 spaces in any direction.,Push a column of marbles by 1 space in any direction,"Pushed out marbles return to the center, if it is free. Else they are removed.",You can push opposing marbles if you use equal marbles. Do not split your column while pushing the opponent.,Push out 3 opposing marbles.,Recommended_4_ownColorVictoryHeuristic,Recommended_4_pushVictoryHeuristic,[],[],[],"[0, 0]",-1
1772998635,MultiverseMarbles,0,GAME_OVER,100,99,2,870,1,Recommended_4_pushVictoryHeuristic,1,2,2,Recommended_4_ownColorVictoryHeuristic,Recommended_4_pushVictoryHeuristic,1.0,-1.0,Recommended_4_ownColorVictoryHeuristic,10,10,TwoSides.txt,Move 1 marble by 1 space in any direction.,Push a column of marbles by 1 space in any direction,Pushed out marbles are removed from play,You can push opposing marbles if you use fewer or equal marbles. Do not split your column while pushing the opponent.,Occupy 1 goal of each color.,Recommended_4_ownColorVictoryHeuristic,Recommended_4_pushVictoryHeuristic,[],[],[],[],1
199677094,MultiverseMarbles,0,GAME_OVER,58,57,2,871,1,Recommended_4_pushVictoryHeuristic,1,2,2,Recommended_4_ownColorVictoryHeuristic,Recommended_4_pushVictoryHeuristic,1.0,-1.0,Recommended_4_ownColorVictoryHeuristic,6,10,TwoSides.txt,Move 1 marble by up to 3 spaces in any direction in a straight line.,Push a column of marbles by 1 space in any direction,Pushed out marbles are removed from play,"You can push your opposing marbles if you use an uneven number of marbles (1, 3 or 5). Do not split your column while pushing the opponent.",Occupy all goals of your color.,Recommended_4_ownColorVictoryHeuristic,Recommended_4_pushVictoryHeuristic,[],"[0, 0, 0, 0]",[],"[0, 0, 0, 0]",1
923517872,MultiverseMarbles,0,GAME_OVER,57,56,2,872,2,Recommended_4_pushVictoryHeuristic,2,1,1,Recommended_4_ownColorVictoryHeuristic,Recommended_4_pushVictoryHeuristic,-1.0,1.0,Recommended_4_ownColorVictoryHeuristic,8,10,TwoSides.txt,Move 1 marble exactly 2 spaces in any direction.,Push a column of marbles by 1 space in any direction,Pushed out marbles return to the center. Remove any pre-existing marble.,You can push opposing marbles if you use more or equal marbles. Do not split your column while pushing the opponent.,Occupy all goals of your color.,Recommended_4_ownColorVictoryHeuristic,Recommended_4_pushVictoryHeuristic,[],"[1, 0]",[],"[1, 1, 0, 0]",0
416231944,MultiverseMarbles,0,GAME_OVER,123,122,2,873,2,Recommended_4_pushVictoryHeuristic,2,1,1,Recommended_4_ownColorVictoryHeuristic,Recommended_4_pushVictoryHeuristic,-1.0,1.0,Recommended_4_ownColorVictoryHeuristic,9,9,TwoSides.txt,Move 1 marble by up to 3 spaces in any direction in a straight line.,Push a column of marbles by 1 space in any direction,"Pushed out marbles return to the center, if it is free. Else they are removed.",You can push opposing marbles if you use more marbles.,Push out 3 opposing marbles.,Recommended_4_ownColorVictoryHeuristic,Recommended_4_pushVictoryHeuristic,[1],[0],[1],"[0, 0, 0]",0
-211783469,MultiverseMarbles,0,GAME_OVER,37,36,2,874,2,Recommended_4_pushVictoryHeuristic,2,1,1,Recommended_4_ownColorVictoryHeuristic,Recommended_4_pushVictoryHeuristic,-1.0,1.0,Recommended_4_ownColorVictoryHeuristic,10,10,TwoSides.txt,Move 1 marble exactly 2 spaces in any direction.,Push a column of marbles by 1 space in any direction,Pushed out marbles are removed from play,You can push opposing marbles if you use fewer or equal marbles. Do not split your column while pushing the opponent.,Occupy 3 non-neighbouring goals.,Recommended_4_ownColorVictoryHeuristic,Recommended_4_pushVictoryHeuristic,[],[],[],[],0
1227133617,MultiverseMarbles,0,GAME_OVER,24,23,2,875,1,Recommended_4_pushVictoryHeuristic,1,2,2,Recommended_4_ownColorVictoryHeuristic,Recommended_4_pushVictoryHeuristic,1.0,-1.0,Recommended_4_ownColorVictoryHeuristic,10,10,TwoSides.txt,Move 1 marble exactly 2 spaces in any direction.,Push a column of marbles by 1 space in any direction,Pushed out marbles are removed from play,You can push opposing marbles if you use more marbles.,Occupy 3 non-neighbouring goals.,Recommended_4_ownColorVictoryHeuristic,Recommended_4_pushVictoryHeuristic,[],[],[],[],1
1588004433,MultiverseMarbles,0,GAME_OVER,57,56,2,876,2,Recommended_4_pushVictoryHeuristic,2,1,1,Recommended_4_ownColorVictoryHeuristic,Recommended_4_pushVictoryHeuristic,-1.0,1.0,Recommended_4_ownColorVictoryHeuristic,8,10,TwoSides.txt,Jump over 1 marble or blocker or move a marble by 1 space in any direction,Push a column of marbles by 1 space in any direction,Pushed out marbles are removed from play,"You can push opposing marbles if you use an even number of marbles (2, 4 or 6). Do not split your column while pushing the opponent.",Occupy all goals of your color.,Recommended_4_ownColorVictoryHeuristic,Recommended_4_pushVictoryHeuristic,[],"[0, 0]",[],"[0, 0]",0
-1488581167,MultiverseMarbles,0,GAME_OVER,41,40,2,877,2,Recommended_4_pushVictoryHeuristic,2,1,1,Recommended_4_ownColorVictoryHeuristic,Recommended_4_pushVictoryHeuristic,-1.0,1.0,Recommended_4_ownColorVictoryHeuristic,8,10,TwoSides.txt,Move 1 marble by up to 3 spaces in any direction in a straight line.,Push a column of marbles by 1 space in any direction,Pushed out marbles are removed from play,You can push opposing marbles if you use more or equal marbles. Do not split your column while pushing the opponent.,Occupy all goals of your color.,Recommended_4_ownColorVictoryHeuristic,Recommended_4_pushVictoryHeuristic,[],"[0, 0]",[],"[0, 0]",0
-776101153,MultiverseMarbles,0,GAME_OVER,97,96,2,878,2,Recommended_4_pushVictoryHeuristic,2,1,1,Recommended_4_ownColorVictoryHeuristic,Recommended_4_pushVictoryHeuristic,-1.0,1.0,Recommended_4_ownColorVictoryHeuristic,10,10,TwoSides.txt,Jump over 1 marble or blocker or move a marble by 1 space in any direction,Push a column of marbles by 1 space in any direction,Pushed out marbles return to the center. Remove any pre-existing marble.,You can push opposing marbles if you use equal marbles. Do not split your column while pushing the opponent.,Occupy all goals of your color.,Recommended_4_ownColorVictoryHeuristic,Recommended_4_pushVictoryHeuristic,[],[],[],[],0
-1735443380,MultiverseMarbles,0,GAME_OVER,23,22,2,879,2,Recommended_4_pushVictoryHeuristic,2,1,1,Recommended_4_ownColorVictoryHeuristic,Recommended_4_pushVictoryHeuristic,-1.0,1.0,Recommended_4_ownColorVictoryHeuristic,10,10,TwoSides.txt,Move 1 marble by up to 3 spaces in any direction in a straight line.,Push a column of marbles by 1 space in any direction,Pushed out marbles return to the center. Remove any pre-existing marble.,You can push opposing marbles if you use fewer or equal marbles. Do not split your column while pushing the opponent.,Occupy 3 non-neighbouring goals.,Recommended_4_ownColorVictoryHeuristic,Recommended_4_pushVictoryHeuristic,[],[],[],[],0
-1004710502,MultiverseMarbles,0,GAME_OVER,22,21,2,880,1,Recommended_4_pushVictoryHeuristic,1,2,2,Recommended_4_ownColorVictoryHeuristic,Recommended_4_pushVictoryHeuristic,1.0,-1.0,Recommended_4_ownColorVictoryHeuristic,10,10,TwoSides.txt,Move 1 marble by up to 3 spaces in any direction in a straight line.,Push a column of marbles by 1 space in any direction,Pushed out marbles are removed from play,"You can push your opposing marbles if you use an uneven number of marbles (1, 3 or 5). Do not split your column while pushing the opponent.",Occupy 3 non-neighbouring goals.,Recommended_4_ownColorVictoryHeuristic,Recommended_4_pushVictoryHeuristic,[],[],[],[],1
-1482070284,MultiverseMarbles,0,GAME_OVER,30,29,2,881,1,Recommended_4_pushVictoryHeuristic,1,2,2,Recommended_4_ownColorVictoryHeuristic,Recommended_4_pushVictoryHeuristic,1.0,-1.0,Recommended_4_ownColorVictoryHeuristic,10,10,TwoSides.txt,Move 1 marble by 1 space in any direction.,Push a column of marbles by 1 space in any direction,Pushed out marbles return to the center. Remove any pre-existing marble.,You can push opposing marbles if you use fewer or more marbles.,Occupy 1 goal of each color.,Recommended_4_ownColorVictoryHeuristic,Recommended_4_pushVictoryHeuristic,[],[],[1],[0],1
1681222646,MultiverseMarbles,0,GAME_OVER,65,64,2,882,2,Recommended_4_pushVictoryHeuristic,2,1,1,Recommended_4_ownColorVictoryHeuristic,Recommended_4_pushVictoryHeuristic,-1.0,1.0,Recommended_4_ownColorVictoryHeuristic,10,10,TwoSides.txt,Move 1 marble exactly 2 spaces in any direction.,Push a column of marbles by 1 space in any direction,"Pushed out marbles return to the center, if it is free. Else they are removed.","You can push your opposing marbles if you use an uneven number of marbles (1, 3 or 5). Do not split your column while pushing the opponent.",Push out 3 opposing marbles.,Recommended_4_ownColorVictoryHeuristic,Recommended_4_pushVictoryHeuristic,[],[],[],"[0, 0, 0]",0
-1806578679,MultiverseMarbles,0,GAME_OVER,200,200,2,883,1,Recommended_4_pushVictoryHeuristic,1,1,1,Recommended_4_ownColorVictoryHeuristic,Recommended_4_pushVictoryHeuristic,-3.0,-3.0,Recommended_4_ownColorVictoryHeuristic,10,10,TwoSides.txt,Jump over 1 marble or blocker or move a marble by 1 space in any direction,Push a column of marbles by 1 space in any direction,"Pushed out marbles return to the center, if it is free. Else they are removed.",You can push opposing marbles if you use fewer or equal marbles. Do not split your column while pushing the opponent.,Occupy all goals of your color.,Recommended_4_ownColorVictoryHeuristic,Recommended_4_pushVictoryHeuristic,[],[],[],"[0, 0]",-1
1059431949,MultiverseMarbles,0,GAME_OVER,68,67,2,884,1,Recommended_4_pushVictoryHeuristic,1,2,2,Recommended_4_ownColorVictoryHeuristic,Recommended_4_pushVictoryHeuristic,1.0,-1.0,Recommended_4_ownColorVictoryHeuristic,9,9,TwoSides.txt,Move 1 marble by 1 space in any direction.,Push a column of marbles by 1 space in any direction,Pushed out marbles are removed from play,You can push opposing marbles if you use more or equal marbles. Do not split your column while pushing the opponent.,Occupy all goals of your color.,Recommended_4_ownColorVictoryHeuristic,Recommended_4_pushVictoryHeuristic,[1],[0],[1],[0],1
-1326505467,MultiverseMarbles,0,GAME_OVER,32,31,2,885,1,Recommended_4_pushVictoryHeuristic,1,2,2,Recommended_4_ownColorVictoryHeuristic,Recommended_4_pushVictoryHeuristic,1.0,-1.0,Recommended_4_ownColorVictoryHeuristic,8,10,TwoSides.txt,Move 1 marble by up to 3 spaces in any direction in a straight line.,Push a column of marbles by 1 space in any direction,Pushed out marbles are removed from play,You can push opposing marbles if you use more or equal marbles. Do not split your column while pushing the opponent.,Occupy 1 goal of each color.,Recommended_4_ownColorVictoryHeuristic,Recommended_4_pushVictoryHeuristic,[],"[1, 1]",[],"[1, 1]",1
-2084261199,MultiverseMarbles,0,GAME_OVER,20,19,2,886,1,Recommended_4_pushVictoryHeuristic,1,2,2,Recommended_4_ownColorVictoryHeuristic,Recommended_4_pushVictoryHeuristic,1.0,-1.0,Recommended_4_ownColorVictoryHeuristic,10,10,TwoSides.txt,Jump over 1 marble or blocker or move a marble by 1 space in any direction,Push a column of marbles by 1 space in any direction,Pushed out marbles are removed from play,You can push opposing marbles if you use fewer or equal marbles. Do not split your column while pushing the opponent.,Occupy 1 goal of each color.,Recommended_4_ownColorVictoryHeuristic,Recommended_4_pushVictoryHeuristic,[],[],[],[],1
1668038913,MultiverseMarbles,0,GAME_OVER,43,42,2,887,2,Recommended_4_pushVictoryHeuristic,2,1,1,Recommended_4_ownColorVictoryHeuristic,Recommended_4_pushVictoryHeuristic,-1.0,1.0,Recommended_4_ownColorVictoryHeuristic,7,9,TwoSides.txt,Move 1 marble exactly 2 spaces in any direction.,Push a column of marbles by 1 space in any direction,"Pushed out marbles return to the center, if it is free. Else they are removed.",You can push opposing marbles if you use more or equal marbles. Do not split your column while pushing the opponent.,Push out 3 opposing marbles.,Recommended_4_ownColorVictoryHeuristic,Recommended_4_pushVictoryHeuristic,[1],"[0, 0, 0]",[1],"[0, 0, 0]",0
840824568,MultiverseMarbles,0,GAME_OVER,49,48,2,888,2,Recommended_4_pushVictoryHeuristic,2,1,1,Recommended_4_ownColorVictoryHeuristic,Recommended_4_pushVictoryHeuristic,-1.0,1.0,Recommended_4_ownColorVictoryHeuristic,8,10,TwoSides.txt,Move 1 marble by 1 space in any direction.,Push a column of marbles by 1 space in any direction,"Pushed out marbles return to the center, if it is free. Else they are removed.",You can push opposing marbles if you use fewer or more marbles.,Push out 3 opposing marbles.,Recommended_4_ownColorVictoryHeuristic,Recommended_4_pushVictoryHeuristic,[],"[0, 0]",[],"[0, 0, 0]",0
215052595,MultiverseMarbles,0,GAME_OVER,24,23,2,889,1,Recommended_4_pushVictoryHeuristic,1,2,2,Recommended_4_ownColorVictoryHeuristic,Recommended_4_pushVictoryHeuristic,1.0,-1.0,Recommended_4_ownColorVictoryHeuristic,9,9,TwoSides.txt,Move 1 marble exactly 2 spaces in any direction.,Push a column of marbles by 1 space in any direction,Pushed out marbles return to the center. Remove any pre-existing marble.,You can push opposing marbles if you use more or equal marbles. Do not split your column while pushing the opponent.,Occupy 1 goal of each color.,Recommended_4_ownColorVictoryHeuristic,Recommended_4_pushVictoryHeuristic,[],"[1, 1]",[],"[1, 1]",1
-1355828965,MultiverseMarbles,0,GAME_OVER,195,194,2,890,2,Recommended_4_pushVictoryHeuristic,2,1,1,Recommended_4_ownColorVictoryHeuristic,Recommended_4_pushVictoryHeuristic,-1.0,1.0,Recommended_4_ownColorVictoryHeuristic,7,10,TwoSides.txt,Jump over 1 marble or blocker or move a marble by 1 space in any direction,Push a column of marbles by 1 space in any direction,Pushed out marbles are removed from play,You can push opposing marbles if you use equal marbles. Do not split your column while pushing the opponent.,Push out 3 opposing marbles.,Recommended_4_ownColorVictoryHeuristic,Recommended_4_pushVictoryHeuristic,[],"[0, 0, 0]",[],"[0, 0, 0]",0
-698182577,MultiverseMarbles,0,GAME_OVER,34,33,2,891,1,Recommended_4_pushVictoryHeuristic,1,2,2,Recommended_4_ownColorVictoryHeuristic,Recommended_4_pushVictoryHeuristic,1.0,-1.0,Recommended_4_ownColorVictoryHeuristic,10,10,TwoSides.txt,Move 1 marble by up to 3 spaces in any direction in a straight line.,Push a column of marbles by 1 space in any direction,Pushed out marbles return to the center. Remove any pre-existing marble.,You can push opposing marbles if you use more or equal marbles. Do not split your column while pushing the opponent.,Occupy 3 non-neighbouring goals.,Recommended_4_ownColorVictoryHeuristic,Recommended_4_pushVictoryHeuristic,[],[],[],[],1
-805303081,MultiverseMarbles,0,GAME_OVER,121,120,2,892,2,Recommended_4_pushVictoryHeuristic,2,1,1,Recommended_4_ownColorVictoryHeuristic,Recommended_4_pushVictoryHeuristic,-1.0,1.0,Recommended_4_ownColorVictoryHeuristic,7,10,TwoSides.txt,Move 1 marble by up to 3 spaces in any direction in a straight line.,Push a column of marbles by 1 space in any direction,Pushed out marbles are removed from play,You can push opposing marbles if you use more or equal marbles. Do not split your column while pushing the opponent.,Push out 3 opposing marbles.,Recommended_4_ownColorVictoryHeuristic,Recommended_4_pushVictoryHeuristic,[],"[0, 0, 0]",[],"[0, 0, 0]",0
-324532001,MultiverseMarbles,0,GAME_OVER,35,34,2,893,2,Recommended_4_pushVictoryHeuristic,2,1,1,Recommended_4_ownColorVictoryHeuristic,Recommended_4_pushVictoryHeuristic,-1.0,1.0,Recommended_4_ownColorVictoryHeuristic,10,10,TwoSides.txt,Move 1 marble by 1 space in any direction.,Push a column of marbles by 1 space in any direction,Pushed out marbles return to the center. Remove any pre-existing marble.,You can push opposing marbles if you use more marbles.,Occupy 1 goal of each color.,Recommended_4_ownColorVictoryHeuristic,Recommended_4_pushVictoryHeuristic,[],[],[],[0],0
-2127933512,MultiverseMarbles,0,GAME_OVER,200,200,2,894,1,Recommended_4_pushVictoryHeuristic,1,1,1,Recommended_4_ownColorVictoryHeuristic,Recommended_4_pushVictoryHeuristic,-3.0,-3.0,Recommended_4_ownColorVictoryHeuristic,9,10,TwoSides.txt,Jump over 1 marble or blocker or move a marble by 1 space in any direction,Push a column of marbles by 1 space in any direction,"Pushed out marbles return to the center, if it is free. Else they are removed.",You can push opposing marbles if you use fewer or equal marbles. Do not split your column while pushing the opponent.,Push out 3 opposing marbles.,Recommended_4_ownColorVictoryHeuristic,Recommended_4_pushVictoryHeuristic,[],[0],[],[0],-1
1474367938,MultiverseMarbles,0,GAME_OVER,200,200,2,895,1,Recommended_4_pushVictoryHeuristic,1,1,1,Recommended_4_ownColorVictoryHeuristic,Recommended_4_pushVictoryHeuristic,-3.0,-3.0,Recommended_4_ownColorVictoryHeuristic,10,10,TwoSides.txt,Move 1 marble exactly 2 spaces in any direction.,Push a column of marbles by 1 space in any direction,"Pushed out marbles return to the center, if it is free. Else they are removed.",You can push opposing marbles if you use equal marbles. Do not split your column while pushing the opponent.,Occupy 3 non-neighbouring goals.,Recommended_4_ownColorVictoryHeuristic,Recommended_4_pushVictoryHeuristic,[],[],[],"[0, 0, 0]",-1
402451958,MultiverseMarbles,0,GAME_OVER,26,25,2,896,1,Recommended_4_pushVictoryHeuristic,1,2,2,Recommended_4_ownColorVictoryHeuristic,Recommended_4_pushVictoryHeuristic,1.0,-1.0,Recommended_4_ownColorVictoryHeuristic,10,10,TwoSides.txt,Move 1 marble by up to 3 spaces in any direction in a straight line.,Push a column of marbles by 1 space in any direction,"Pushed out marbles return to the center, if it is free. Else they are removed.",You can push opposing marbles if you use more marbles.,Occupy 1 goal of each color.,Recommended_4_ownColorVictoryHeuristic,Recommended_4_pushVictoryHeuristic,[],[],[],[1],1
1539803506,MultiverseMarbles,0,GAME_OVER,200,200,2,897,1,Recommended_4_pushVictoryHeuristic,1,1,1,Recommended_4_ownColorVictoryHeuristic,Recommended_4_pushVictoryHeuristic,-3.0,-3.0,Recommended_4_ownColorVictoryHeuristic,10,10,TwoSides.txt,Move 1 marble by up to 3 spaces in any direction in a straight line.,Push a column of marbles by 1 space in any direction,"Pushed out marbles return to the center, if it is free. Else they are removed.",You can push opposing marbles if you use fewer or equal marbles. Do not split your column while pushing the opponent.,Push out 3 opposing marbles.,Recommended_4_ownColorVictoryHeuristic,Recommended_4_pushVictoryHeuristic,[],[],[],"[0, 0]",-1
58502344,MultiverseMarbles,0,GAME_OVER,15,14,2,898,2,Recommended_4_pushVictoryHeuristic,2,1,1,Recommended_4_ownColorVictoryHeuristic,Recommended_4_pushVictoryHeuristic,-1.0,1.0,Recommended_4_ownColorVictoryHeuristic,10,10,TwoSides.txt,Move 1 marble exactly 2 spaces in any direction.,Push a column of marbles by 1 space in any direction,Pushed out marbles return to the center. Remove any pre-existing marble.,You can push opposing marbles if you use equal marbles. Do not split your column while pushing the opponent.,Occupy 1 goal of each color.,Recommended_4_ownColorVictoryHeuristic,Recommended_4_pushVictoryHeuristic,[],[],[],[],0
-813627443,MultiverseMarbles,0,GAME_OVER,110,109,2,899,1,Recommended_4_pushVictoryHeuristic,1,2,2,Recommended_4_ownColorVictoryHeuristic,Recommended_4_pushVictoryHeuristic,1.0,-1.0,Recommended_4_ownColorVictoryHeuristic,9,10,TwoSides.txt,Jump over 1 marble or blocker or move a marble by 1 space in any direction,Push a column of marbles by 1 space in any direction,"Pushed out marbles return to the center, if it is free. Else they are removed.",You can push opposing marbles if you use more marbles.,Occupy all goals of your color.,Recommended_4_ownColorVictoryHeuristic,Recommended_4_pushVictoryHeuristic,[],[0],[],"[0, 1, 0]",1
-431946406,MultiverseMarbles,0,GAME_OVER,102,101,2,900,1,Recommended_4_pushVictoryHeuristic,1,2,2,Recommended_4_ownColorVictoryHeuristic,Recommended_4_pushVictoryHeuristic,1.0,-1.0,Recommended_4_ownColorVictoryHeuristic,7,10,TwoSides.txt,Move 1 marble by 1 space in any direction.,Push a column of marbles by 1 space in any direction,Pushed out marbles return to the center. Remove any pre-existing marble.,You can push opposing marbles if you use more marbles.,Occupy 3 non-neighbouring goals.,Recommended_4_ownColorVictoryHeuristic,Recommended_4_pushVictoryHeuristic,[],"[0, 0, 0]",[],"[0, 0, 0]",1
2089628267,MultiverseMarbles,0,GAME_OVER,52,51,2,901,1,Recommended_4_pushVictoryHeuristic,1,2,2,Recommended_4_ownColorVictoryHeuristic,Recommended_4_pushVictoryHeuristic,1.0,-1.0,Recommended_4_ownColorVictoryHeuristic,9,10,TwoSides.txt,Jump over 1 marble or blocker or move a marble by 1 space in any direction,Push a column of marbles by 1 space in any direction,Pushed out marbles return to the center. Remove any pre-existing marble.,You can push opposing marbles if you use fewer or more marbles.,Occupy all goals of your color.,Recommended_4_ownColorVictoryHeuristic,Recommended_4_pushVictoryHeuristic,[],[0],[],[0],1
-1638771764,MultiverseMarbles,0,GAME_OVER,25,24,2,902,2,Recommended_4_pushVictoryHeuristic,2,1,1,Recommended_4_ownColorVictoryHeuristic,Recommended_4_pushVictoryHeuristic,-1.0,1.0,Recommended_4_ownColorVictoryHeuristic,8,10,TwoSides.txt,Move 1 marble by 1 space in any direction.,Push a column of marbles by 1 space in any direction,Pushed out marbles return to the center. Remove any pre-existing marble.,You can push opposing marbles if you use fewer or more marbles.,Push out 3 opposing marbles.,Recommended_4_ownColorVictoryHeuristic,Recommended_4_pushVictoryHeuristic,[],"[0, 0]",[],"[0, 0, 0]",0
1477706434,MultiverseMarbles,0,GAME_OVER,96,95,2,903,1,Recommended_4_pushVictoryHeuristic,1,2,2,Recommended_4_ownColorVictoryHeuristic,Recommended_4_pushVictoryHeuristic,1.0,-1.0,Recommended_4_ownColorVictoryHeuristic,10,9,TwoSides.txt,Move 1 marble exactly 2 spaces in any direction.,Push a column of marbles by 1 space in any direction,Pushed out marbles return to the center. Remove any pre-existing marble.,You can push opposing marbles if you use more marbles.,Occupy all goals of your color.,Recommended_4_ownColorVictoryHeuristic,Recommended_4_pushVictoryHeuristic,[],[0],[1],"[1, 0, 1]",1
-719515679,MultiverseMarbles,0,GAME_OVER,200,200,2,904,1,Recommended_4_pushVictoryHeuristic,1,1,1,Recommended_4_ownColorVictoryHeuristic,Recommended_4_pushVictoryHeuristic,-3.0,-3.0,Recommended_4_ownColorVictoryHeuristic,8,10,TwoSides.txt,Move 1 marble by up to 3 spaces in any direction in a straight line.,Push a column of marbles by 1 space in any direction,Pushed out marbles are removed from play,You can push opposing marbles if you use fewer or equal marbles. Do not split your column while pushing the opponent.,Push out 3 opposing marbles.,Recommended_4_ownColorVictoryHeuristic,Recommended_4_pushVictoryHeuristic,[],"[0, 0]",[],"[0, 0]",-1
17445558,MultiverseMarbles,0,GAME_OVER,23,22,2,905,2,Recommended_4_pushVictoryHeuristic,2,1,1,Recommended_4_ownColorVictoryHeuristic,Recommended_4_pushVictoryHeuristic,-1.0,1.0,Recommended_4_ownColorVictoryHeuristic,9,10,TwoSides.txt,Move 1 marble by up to 3 spaces in any direction in a straight line.,Push a column of marbles by 1 space in any direction,Pushed out marbles are removed from play,"You can push opposing marbles if you use an even number of marbles (2, 4 or 6). Do not split your column while pushing the opponent.",Occupy 1 goal of each color.,Recommended_4_ownColorVictoryHeuristic,Recommended_4_pushVictoryHeuristic,[],[0],[],[0],0
1220995401,MultiverseMarbles,0,GAME_OVER,20,19,2,906,1,Recommended_4_pushVictoryHeuristic,1,2,2,Recommended_4_ownColorVictoryHeuristic,Recommended_4_pushVictoryHeuristic,1.0,-1.0,Recommended_4_ownColorVictoryHeuristic,10,10,TwoSides.txt,Move 1 marble exactly 2 spaces in any direction.,Push a column of marbles by 1 space in any direction,Pushed out marbles are removed from play,You can push opposing marbles if you use equal marbles. Do not split your column while pushing the opponent.,Occupy 3 non-neighbouring goals.,Recommended_4_ownColorVictoryHeuristic,Recommended_4_pushVictoryHeuristic,[],[],[],[],1
-1635055809,MultiverseMarbles,0,GAME_OVER,76,75,2,907,1,Recommended_4_pushVictoryHeuristic,1,2,2,Recommended_4_ownColorVictoryHeuristic,Recommended_4_pushVictoryHeuristic,1.0,-1.0,Recommended_4_ownColorVictoryHeuristic,7,10,TwoSides.txt,Jump over 1 marble or blocker or move a marble by 1 space in any direction,Push a column of marbles by 1 space in any direction,Pushed out marbles are removed from play,You can push opposing marbles if you use more marbles.,Occupy all goals of your color.,Recommended_4_ownColorVictoryHeuristic,Recommended_4_pushVictoryHeuristic,[],"[0, 0, 1]",[],"[0, 0, 1]",1
-554813528,MultiverseMarbles,0,GAME_OVER,200,200,2,908,1,Recommended_4_pushVictoryHeuristic,1,1,1,Recommended_4_ownColorVictoryHeuristic,Recommended_4_pushVictoryHeuristic,-3.0,-3.0,Recommended_4_ownColorVictoryHeuristic,8,10,TwoSides.txt,Jump over 1 marble or blocker or move a marble by 1 space in any direction,Push a column of marbles by 1 space in any direction,Pushed out marbles are removed from play,You can push opposing marbles if you use equal marbles. Do not split your column while pushing the opponent.,Push out 3 opposing marbles.,Recommended_4_ownColorVictoryHeuristic,Recommended_4_pushVictoryHeuristic,[],"[0, 0]",[],"[0, 0]",-1
-1683805628,MultiverseMarbles,0,GAME_OVER,65,64,2,909,2,Recommended_4_pushVictoryHeuristic,2,1,1,Recommended_4_ownColorVictoryHeuristic,Recommended_4_pushVictoryHeuristic,-1.0,1.0,Recommended_4_ownColorVictoryHeuristic,9,10,TwoSides.txt,Move 1 marble by up to 3 spaces in any direction in a straight line.,Push a column of marbles by 1 space in any direction,Pushed out marbles return to the center. Remove any pre-existing marble.,"You can push your opposing marbles if you use an uneven number of marbles (1, 3 or 5). Do not split your column while pushing the opponent.",Occupy 1 goal of each color.,Recommended_4_ownColorVictoryHeuristic,Recommended_4_pushVictoryHeuristic,[1],[],[1],"[1, 0, 0]",0
-1750380853,MultiverseMarbles,0,GAME_OVER,96,95,2,910,1,Recommended_4_pushVictoryHeuristic,1,2,2,Recommended_4_ownColorVictoryHeuristic,Recommended_4_pushVictoryHeuristic,1.0,-1.0,Recommended_4_ownColorVictoryHeuristic,6,7,TwoSides.txt,Move 1 marble by up to 3 spaces in any direction in a straight line.,Push a column of marbles by 1 space in any direction,Pushed out marbles are removed from play,You can push opposing marbles if you use more or equal marbles. Do not split your column while pushing the opponent.,Occupy all goals of your color.,Recommended_4_ownColorVictoryHeuristic,Recommended_4_pushVictoryHeuristic,"[1, 1, 1]","[0, 0, 0, 0]","[1, 1, 1]","[0, 0, 0, 0]",1
-168656920,MultiverseMarbles,0,GAME_OVER,58,57,2,911,1,Recommended_4_pushVictoryHeuristic,1,2,2,Recommended_4_ownColorVictoryHeuristic,Recommended_4_pushVictoryHeuristic,1.0,-1.0,Recommended_4_ownColorVictoryHeuristic,10,9,TwoSides.txt,Move 1 marble by 1 space in any direction.,Push a column of marbles by 1 space in any direction,"Pushed out marbles return to the center, if it is free. Else they are removed.","You can push opposing marbles if you use an even number of marbles (2, 4 or 6). Do not split your column while pushing the opponent.",Occupy all goals of your color.,Recommended_4_ownColorVictoryHeuristic,Recommended_4_pushVictoryHeuristic,[1],[],[1],"[0, 0]",1
1910636972,MultiverseMarbles,0,GAME_OVER,38,37,2,912,1,Recommended_4_pushVictoryHeuristic,1,2,2,Recommended_4_ownColorVictoryHeuristic,Recommended_4_pushVictoryHeuristic,1.0,-1.0,Recommended_4_ownColorVictoryHeuristic,10,8,TwoSides.txt,Move 1 marble by up to 3 spaces in any direction in a straight line.,Push a column of marbles by 1 space in any direction,Pushed out marbles return to the center. Remove any pre-existing marble.,You can push opposing marbles if you use more marbles.,Push out 3 opposing marbles.,Recommended_4_ownColorVictoryHeuristic,Recommended_4_pushVictoryHeuristic,"[1, 1]",[],"[1, 1, 1]",[],1
-1137856297,MultiverseMarbles,0,GAME_OVER,71,70,2,913,2,Recommended_4_pushVictoryHeuristic,2,1,1,Recommended_4_ownColorVictoryHeuristic,Recommended_4_pushVictoryHeuristic,-1.0,1.0,Recommended_4_ownColorVictoryHeuristic,7,10,TwoSides.txt,Move 1 marble by up to 3 spaces in any direction in a straight line.,Push a column of marbles by 1 space in any direction,"Pushed out marbles return to the center, if it is free. Else they are removed.",You can push opposing marbles if you use fewer or more marbles.,Occupy 3 non-neighbouring goals.,Recommended_4_ownColorVictoryHeuristic,Recommended_4_pushVictoryHeuristic,[],"[0, 0, 0]",[1],"[1, 0, 0, 0]",0
-307592404,MultiverseMarbles,0,GAME_OVER,41,40,2,914,2,Recommended_4_pushVictoryHeuristic,2,1,1,Recommended_4_ownColorVictoryHeuristic,Recommended_4_pushVictoryHeuristic,-1.0,1.0,Recommended_4_ownColorVictoryHeuristic,6,10,TwoSides.txt,Move 1 marble by 1 space in any direction.,Push a column of marbles by 1 space in any direction,Pushed out marbles return to the center. Remove any pre-existing marble.,You can push opposing marbles if you use more or equal marbles. Do not split your column while pushing the opponent.,Occupy all goals of your color.,Recommended_4_ownColorVictoryHeuristic,Recommended_4_pushVictoryHeuristic,[],"[0, 1, 0, 0]",[],"[0, 0, 1, 0, 0]",0
-1353526698,MultiverseMarbles,0,GAME_OVER,200,200,2,915,1,Recommended_4_pushVictoryHeuristic,1,1,1,Recommended_4_ownColorVictoryHeuristic,Recommended_4_pushVictoryHeuristic,-3.0,-3.0,Recommended_4_ownColorVictoryHeuristic,10,10,TwoSides.txt,Move 1 marble by 1 space in any direction.,Push a column of marbles by 1 space in any direction,Pushed out marbles are removed from play,You can push opposing marbles if you use fewer or equal marbles. Do not split your column while pushing the opponent.,Occupy 3 non-neighbouring goals.,Recommended_4_ownColorVictoryHeuristic,Recommended_4_pushVictoryHeuristic,[],[],[],[],-1
-1990659661,MultiverseMarbles,0,GAME_OVER,29,28,2,916,2,Recommended_4_pushVictoryHeuristic,2,1,1,Recommended_4_ownColorVictoryHeuristic,Recommended_4_pushVictoryHeuristic,-1.0,1.0,Recommended_4_ownColorVictoryHeuristic,10,10,TwoSides.txt,Jump over 1 marble or blocker or move a marble by 1 space in any direction,Push a column of marbles by 1 space in any direction,"Pushed out marbles return to the center, if it is free. Else they are removed.",You can push opposing marbles if you use fewer or more marbles.,Occupy 3 non-neighbouring goals.,Recommended_4_ownColorVictoryHeuristic,Recommended_4_pushVictoryHeuristic,[],[],[],[],0
-866191843,MultiverseMarbles,0,GAME_OVER,66,65,2,917,1,Recommended_4_pushVictoryHeuristic,1,2,2,Recommended_4_ownColorVictoryHeuristic,Recommended_4_pushVictoryHeuristic,1.0,-1.0,Recommended_4_ownColorVictoryHeuristic,8,7,TwoSides.txt,Move 1 marble exactly 2 spaces in any direction.,Push a column of marbles by 1 space in any direction,Pushed out marbles are removed from play,You can push opposing marbles if you use fewer or more marbles.,Push out 3 opposing marbles.,Recommended_4_ownColorVictoryHeuristic,Recommended_4_pushVictoryHeuristic,"[1, 1, 1]","[0, 1]","[1, 1, 1]","[0, 1]",1
-2069511402,MultiverseMarbles,0,GAME_OVER,19,18,2,918,2,Recommended_4_pushVictoryHeuristic,2,1,1,Recommended_4_ownColorVictoryHeuristic,Recommended_4_pushVictoryHeuristic,-1.0,1.0,Recommended_4_ownColorVictoryHeuristic,10,10,TwoSides.txt,Move 1 marble by up to 3 spaces in any direction in a straight line.,Push a column of marbles by 1 space in any direction,Pushed out marbles are removed from play,"You can push your opposing marbles if you use an uneven number of marbles (1, 3 or 5). Do not split your column while pushing the opponent.",Occupy 1 goal of each color.,Recommended_4_ownColorVictoryHeuristic,Recommended_4_pushVictoryHeuristic,[],[],[],[],0
1288752974,MultiverseMarbles,0,GAME_OVER,24,23,2,919,1,Recommended_4_pushVictoryHeuristic,1,2,2,Recommended_4_ownColorVictoryHeuristic,Recommended_4_pushVictoryHeuristic,1.0,-1.0,Recommended_4_ownColorVictoryHeuristic,10,10,TwoSides.txt,Move 1 marble by up to 3 spaces in any direction in a straight line.,Push a column of marbles by 1 space in any direction,Pushed out marbles return to the center. Remove any pre-existing marble.,"You can push opposing marbles if you use an even number of marbles (2, 4 or 6). Do not split your column while pushing the opponent.",Occupy 3 non-neighbouring goals.,Recommended_4_ownColorVictoryHeuristic,Recommended_4_pushVictoryHeuristic,[],[],[],[],1
527763564,MultiverseMarbles,0,GAME_OVER,55,54,2,920,2,Recommended_4_pushVictoryHeuristic,2,1,1,Recommended_4_ownColorVictoryHeuristic,Recommended_4_pushVictoryHeuristic,-1.0,1.0,Recommended_4_ownColorVictoryHeuristic,9,10,TwoSides.txt,Jump over 1 marble or blocker or move a marble by 1 space in any direction,Push a column of marbles by 1 space in any direction,Pushed out marbles return to the center. Remove any pre-existing marble.,"You can push your opposing marbles if you use an uneven number of marbles (1, 3 or 5). Do not split your column while pushing the opponent.",Occupy 3 non-neighbouring goals.,Recommended_4_ownColorVictoryHeuristic,Recommended_4_pushVictoryHeuristic,[1],[],[1],[],0
268160768,MultiverseMarbles,0,GAME_OVER,73,72,2,921,2,Recommended_4_pushVictoryHeuristic,2,1,1,Recommended_4_ownColorVictoryHeuristic,Recommended_4_pushVictoryHeuristic,-1.0,1.0,Recommended_4_ownColorVictoryHeuristic,9,10,TwoSides.txt,Move 1 marble exactly 2 spaces in any direction.,Push a column of marbles by 1 space in any direction,"Pushed out marbles return to the center, if it is free. Else they are removed.",You can push opposing marbles if you use fewer or equal marbles. Do not split your column while pushing the opponent.,Push out 3 opposing marbles.,Recommended_4_ownColorVictoryHeuristic,Recommended_4_pushVictoryHeuristic,[],[0],[],"[0, 0, 0]",0
798207429,MultiverseMarbles,0,GAME_OVER,15,14,2,922,2,Recommended_4_pushVictoryHeuristic,2,1,1,Recommended_4_ownColorVictoryHeuristic,Recommended_4_pushVictoryHeuristic,-1.0,1.0,Recommended_4_ownColorVictoryHeuristic,10,10,TwoSides.txt,Move 1 marble by up to 3 spaces in any direction in a straight line.,Push a column of marbles by 1 space in any direction,Pushed out marbles return to the center. Remove any pre-existing marble.,"You can push opposing marbles if you use an even number of marbles (2, 4 or 6). Do not split your column while pushing the opponent.",Occupy 1 goal of each color.,Recommended_4_ownColorVictoryHeuristic,Recommended_4_pushVictoryHeuristic,[],[],[],[0],0
1701343797,MultiverseMarbles,0,GAME_OVER,59,58,2,923,2,Recommended_4_pushVictoryHeuristic,2,1,1,Recommended_4_ownColorVictoryHeuristic,Recommended_4_pushVictoryHeuristic,-1.0,1.0,Recommended_4_ownColorVictoryHeuristic,7,10,TwoSides.txt,Jump over 1 marble or blocker or move a marble by 1 space in any direction,Push a column of marbles by 1 space in any direction,Pushed out marbles are removed from play,You can push opposing marbles if you use more marbles.,Occupy all goals of your color.,Recommended_4_ownColorVictoryHeuristic,Recommended_4_pushVictoryHeuristic,[],"[1, 0, 0]",[],"[1, 0, 0]",0
42958805,MultiverseMarbles,0,GAME_OVER,34,33,2,924,1,Recommended_4_pushVictoryHeuristic,1,2,2,Recommended_4_ownColorVictoryHeuristic,Recommended_4_pushVictoryHeuristic,1.0,-1.0,Recommended_4_ownColorVictoryHeuristic,9,10,TwoSides.txt,Jump over 1 marble or blocker or move a marble by 1 space in any direction,Push a column of marbles by 1 space in any direction,Pushed out marbles return to the center. Remove any pre-existing marble.,You can push opposing marbles if you use more or equal marbles. Do not split your column while pushing the opponent.,Occupy 1 goal of each color.,Recommended_4_ownColorVictoryHeuristic,Recommended_4_pushVictoryHeuristic,[],[1],[],[1],1
-1284783044,MultiverseMarbles,0,GAME_OVER,39,38,2,925,2,Recommended_4_pushVictoryHeuristic,2,1,1,Recommended_4_ownColorVictoryHeuristic,Recommended_4_pushVictoryHeuristic,-1.0,1.0,Recommended_4_ownColorVictoryHeuristic,10,10,TwoSides.txt,Move 1 marble by 1 space in any direction.,Push a column of marbles by 1 space in any direction,"Pushed out marbles return to the center, if it is free. Else they are removed.",You can push opposing marbles if you use fewer or equal marbles. Do not split your column while pushing the opponent.,Occupy 1 goal of each color.,Recommended_4_ownColorVictoryHeuristic,Recommended_4_pushVictoryHeuristic,[],[],[],[],0
1990619665,MultiverseMarbles,0,GAME_OVER,21,20,2,926,2,Recommended_4_pushVictoryHeuristic,2,1,1,Recommended_4_ownColorVictoryHeuristic,Recommended_4_pushVictoryHeuristic,-1.0,1.0,Recommended_4_ownColorVictoryHeuristic,10,10,TwoSides.txt,Move 1 marble by up to 3 spaces in any direction in a straight line.,Push a column of marbles by 1 space in any direction,Pushed out marbles return to the center. Remove any pre-existing marble.,You can push opposing marbles if you use more marbles.,Occupy 1 goal of each color.,Recommended_4_ownColorVictoryHeuristic,Recommended_4_pushVictoryHeuristic,[],[],[],[1],0
-447765565,MultiverseMarbles,0,GAME_OVER,65,64,2,927,2,Recommended_4_pushVictoryHeuristic,2,1,1,Recommended_4_ownColorVictoryHeuristic,Recommended_4_pushVictoryHeuristic,-1.0,1.0,Recommended_4_ownColorVictoryHeuristic,9,10,TwoSides.txt,Move 1 marble by 1 space in any direction.,Push a column of marbles by 1 space in any direction,Pushed out marbles return to the center. Remove any pre-existing marble.,"You can push your opposing marbles if you use an uneven number of marbles (1, 3 or 5). Do not split your column while pushing the opponent.",Push out 3 opposing marbles.,Recommended_4_ownColorVictoryHeuristic,Recommended_4_pushVictoryHeuristic,[],[0],[],"[0, 0, 0]",0
-1876727332,MultiverseMarbles,0,GAME_OVER,99,98,2,928,2,Recommended_4_pushVictoryHeuristic,2,1,1,Recommended_4_ownColorVictoryHeuristic,Recommended_4_pushVictoryHeuristic,-1.0,1.0,Recommended_4_ownColorVictoryHeuristic,8,10,TwoSides.txt,Move 1 marble exactly 2 spaces in any direction.,Push a column of marbles by 1 space in any direction,"Pushed out marbles return to the center, if it is free. Else they are removed.",You can push opposing marbles if you use fewer or more marbles.,Occupy all goals of your color.,Recommended_4_ownColorVictoryHeuristic,Recommended_4_pushVictoryHeuristic,[],"[0, 0]",[1],"[0, 0, 0, 0]",0
-1554647503,MultiverseMarbles,0,GAME_OVER,22,21,2,929,1,Recommended_4_pushVictoryHeuristic,1,2,2,Recommended_4_ownColorVictoryHeuristic,Recommended_4_pushVictoryHeuristic,1.0,-1.0,Recommended_4_ownColorVictoryHeuristic,10,10,TwoSides.txt,Move 1 marble exactly 2 spaces in any direction.,Push a column of marbles by 1 space in any direction,Pushed out marbles return to the center. Remove any pre-existing marble.,You can push opposing marbles if you use more marbles.,Occupy 3 non-neighbouring goals.,Recommended_4_ownColorVictoryHeuristic,Recommended_4_pushVictoryHeuristic,[],[],[],[],1
960055211,MultiverseMarbles,0,GAME_OVER,71,70,2,930,2,Recommended_4_pushVictoryHeuristic,2,1,1,Recommended_4_ownColorVictoryHeuristic,Recommended_4_pushVictoryHeuristic,-1.0,1.0,Recommended_4_ownColorVictoryHeuristic,8,10,TwoSides.txt,Jump over 1 marble or blocker or move a marble by 1 space in any direction,Push a column of marbles by 1 space in any direction,"Pushed out marbles return to the center, if it is free. Else they are removed.","You can push opposing marbles if you use an even number of marbles (2, 4 or 6). Do not split your column while pushing the opponent.",Occupy all goals of your color.,Recommended_4_ownColorVictoryHeuristic,Recommended_4_pushVictoryHeuristic,[],"[0, 0]",[],"[0, 0]",0
498463735,MultiverseMarbles,0,GAME_OVER,37,36,2,931,2,Recommended_4_pushVictoryHeuristic,2,1,1,Recommended_4_ownColorVictoryHeuristic,Recommended_4_pushVictoryHeuristic,-1.0,1.0,Recommended_4_ownColorVictoryHeuristic,10,10,TwoSides.txt,Move 1 marble exactly 2 spaces in any direction.,Push a column of marbles by 1 space in any direction,"Pushed out marbles return to the center, if it is free. Else they are removed.",You can push opposing marbles if you use more or equal marbles. Do not split your column while pushing the opponent.,Occupy 3 non-neighbouring goals.,Recommended_4_ownColorVictoryHeuristic,Recommended_4_pushVictoryHeuristic,[],[],[],"[1, 1]",0
-1351543479,MultiverseMarbles,0,GAME_OVER,32,31,2,932,1,Recommended_4_pushVictoryHeuristic,1,2,2,Recommended_4_ownColorVictoryHeuristic,Recommended_4_pushVictoryHeuristic,1.0,-1.0,Recommended_4_ownColorVictoryHeuristic,8,10,TwoSides.txt,Jump over 1 marble or blocker or move a marble by 1 space in any direction,Push a column of marbles by 1 space in any direction,"Pushed out marbles return to the center, if it is free. Else they are removed.","You can push opposing marbles if you use an even number of marbles (2, 4 or 6). Do not split your column while pushing the opponent.",Occupy 1 goal of each color.,Recommended_4_ownColorVictoryHeuristic,Recommended_4_pushVictoryHeuristic,[],"[1, 0]",[],"[1, 0]",1
-888673798,MultiverseMarbles,0,GAME_OVER,86,85,2,933,1,Recommended_4_pushVictoryHeuristic,1,2,2,Recommended_4_ownColorVictoryHeuristic,Recommended_4_pushVictoryHeuristic,1.0,-1.0,Recommended_4_ownColorVictoryHeuristic,8,7,TwoSides.txt,Move 1 marble by 1 space in any direction.,Push a column of marbles by 1 space in any direction,Pushed out marbles are removed from play,"You can push opposing marbles if you use an even number of marbles (2, 4 or 6). Do not split your column while pushing the opponent.",Push out 3 opposing marbles.,Recommended_4_ownColorVictoryHeuristic,Recommended_4_pushVictoryHeuristic,"[1, 1, 1]","[1, 0]","[1, 1, 1]","[1, 0]",1
38123686,MultiverseMarbles,0,GAME_OVER,42,41,2,934,1,Recommended_4_pushVictoryHeuristic,1,2,2,Recommended_4_ownColorVictoryHeuristic,Recommended_4_pushVictoryHeuristic,1.0,-1.0,Recommended_4_ownColorVictoryHeuristic,10,10,TwoSides.txt,Move 1 marble by 1 space in any direction.,Push a column of marbles by 1 space in any direction,Pushed out marbles are removed from play,You can push opposing marbles if you use fewer or equal marbles. Do not split your column while pushing the opponent.,Occupy 1 goal of each color.,Recommended_4_ownColorVictoryHeuristic,Recommended_4_pushVictoryHeuristic,[],[],[],[],1
1483833162,MultiverseMarbles,0,GAME_OVER,35,34,2,935,2,Recommended_4_pushVictoryHeuristic,2,1,1,Recommended_4_ownColorVictoryHeuristic,Recommended_4_pushVictoryHeuristic,-1.0,1.0,Recommended_4_ownColorVictoryHeuristic,10,10,TwoSides.txt,Jump over 1 marble or blocker or move a marble by 1 space in any direction,Push a column of marbles by 1 space in any direction,Pushed out marbles return to the center. Remove any pre-existing marble.,You can push opposing marbles if you use equal marbles. Do not split your column while pushing the opponent.,Occupy 1 goal of each color.,Recommended_4_ownColorVictoryHeuristic,Recommended_4_pushVictoryHeuristic,[],[],[],[],0
1811438810,MultiverseMarbles,0,GAME_OVER,20,19,2,936,1,Recommended_4_pushVictoryHeuristic,1,2,2,Recommended_4_ownColorVictoryHeuristic,Recommended_4_pushVictoryHeuristic,1.0,-1.0,Recommended_4_ownColorVictoryHeuristic,10,9,TwoSides.txt,Move 1 marble by 1 space in any direction.,Push a column of marbles by 1 space in any direction,Pushed out marbles are removed from play,You can push opposing marbles if you use more or equal marbles. Do not split your column while pushing the opponent.,Occupy 1 goal of each color.,Recommended_4_ownColorVictoryHeuristic,Recommended_4_pushVictoryHeuristic,[1],[],[1],[],1
-355232835,MultiverseMarbles,0,GAME_OVER,9,8,2,937,2,Recommended_4_pushVictoryHeuristic,2,1,1,Recommended_4_ownColorVictoryHeuristic,Recommended_4_pushVictoryHeuristic,-1.0,1.0,Recommended_4_ownColorVictoryHeuristic,10,10,TwoSides.txt,Move 1 marble exactly 2 spaces in any direction.,Push a column of marbles by 1 space in any direction,"Pushed out marbles return to the center, if it is free. Else they are removed.",You can push opposing marbles if you use fewer or equal marbles. Do not split your column while pushing the opponent.,Occupy 1 goal of each color.,Recommended_4_ownColorVictoryHeuristic,Recommended_4_pushVictoryHeuristic,[],[],[],[],0
690323257,MultiverseMarbles,0,GAME_OVER,22,21,2,938,1,Recommended_4_pushVictoryHeuristic,1,2,2,Recommended_4_ownColorVictoryHeuristic,Recommended_4_pushVictoryHeuristic,1.0,-1.0,Recommended_4_ownColorVictoryHeuristic,10,10,TwoSides.txt,Jump over 1 marble or blocker or move a marble by 1 space in any direction,Push a column of marbles by 1 space in any direction,"Pushed out marbles return to the center, if it is free. Else they are removed.",You can push opposing marbles if you use more marbles.,Occupy 3 non-neighbouring goals.,Recommended_4_ownColorVictoryHeuristic,Recommended_4_pushVictoryHeuristic,[],[],[],[1],1
1618506535,MultiverseMarbles,0,GAME_OVER,200,200,2,939,1,Recommended_4_pushVictoryHeuristic,1,1,1,Recommended_4_ownColorVictoryHeuristic,Recommended_4_pushVictoryHeuristic,-3.0,-3.0,Recommended_4_ownColorVictoryHeuristic,10,10,TwoSides.txt,Jump over 1 marble or blocker or move a marble by 1 space in any direction,Push a column of marbles by 1 space in any direction,"Pushed out marbles return to the center, if it is free. Else they are removed.",You can push opposing marbles if you use fewer or equal marbles. Do not split your column while pushing the opponent.,Occupy all goals of your color.,Recommended_4_ownColorVictoryHeuristic,Recommended_4_pushVictoryHeuristic,[],[],[],[],-1
-249150289,MultiverseMarbles,0,GAME_OVER,73,72,2,940,2,Recommended_4_pushVictoryHeuristic,2,1,1,Recommended_4_ownColorVictoryHeuristic,Recommended_4_pushVictoryHeuristic,-1.0,1.0,Recommended_4_ownColorVictoryHeuristic,5,10,TwoSides.txt,Move 1 marble exactly 2 spaces in any direction.,Push a column of marbles by 1 space in any direction,Pushed out marbles are removed from play,"You can push opposing marbles if you use an even number of marbles (2, 4 or 6). Do not split your column while pushing the opponent.",Occupy all goals of your color.,Recommended_4_ownColorVictoryHeuristic,Recommended_4_pushVictoryHeuristic,[],"[1, 0, 0, 0, 0]",[],"[1, 0, 0, 0, 0]",0
-1936510396,MultiverseMarbles,0,GAME_OVER,19,18,2,941,2,Recommended_4_pushVictoryHeuristic,2,1,1,Recommended_4_ownColorVictoryHeuristic,Recommended_4_pushVictoryHeuristic,-1.0,1.0,Recommended_4_ownColorVictoryHeuristic,9,10,TwoSides.txt,Move 1 marble exactly 2 spaces in any direction.,Push a column of marbles by 1 space in any direction,Pushed out marbles are removed from play,"You can push opposing marbles if you use an even number of marbles (2, 4 or 6). Do not split your column while pushing the opponent.",Occupy 1 goal of each color.,Recommended_4_ownColorVictoryHeuristic,Recommended_4_pushVictoryHeuristic,[],[1],[],[1],0
695073731,MultiverseMarbles,0,GAME_OVER,75,74,2,942,2,Recommended_4_pushVictoryHeuristic,2,1,1,Recommended_4_ownColorVictoryHeuristic,Recommended_4_pushVictoryHeuristic,-1.0,1.0,Recommended_4_ownColorVictoryHeuristic,10,10,TwoSides.txt,Move 1 marble by 1 space in any direction.,Push a column of marbles by 1 space in any direction,Pushed out marbles are removed from play,You can push opposing marbles if you use fewer or equal marbles. Do not split your column while pushing the opponent.,Occupy 1 goal of each color.,Recommended_4_ownColorVictoryHeuristic,Recommended_4_pushVictoryHeuristic,[],[],[],[],0
1510598041,MultiverseMarbles,0,GAME_OVER,52,51,2,943,1,Recommended_4_pushVictoryHeuristic,1,2,2,Recommended_4_ownColorVictoryHeuristic,Recommended_4_pushVictoryHeuristic,1.0,-1.0,Recommended_4_ownColorVictoryHeuristic,9,10,TwoSides.txt,Move 1 marble exactly 2 spaces in any direction.,Push a column of marbles by 1 space in any direction,Pushed out marbles return to the center. Remove any pre-existing marble.,"You can push your opposing marbles if you use an uneven number of marbles (1, 3 or 5). Do not split your column while pushing the opponent.",Occupy 1 goal of each color.,Recommended_4_ownColorVictoryHeuristic,Recommended_4_pushVictoryHeuristic,[1],[],[1],"[0, 0]",1
930384360,MultiverseMarbles,0,GAME_OVER,23,22,2,944,2,Recommended_4_pushVictoryHeuristic,2,1,1,Recommended_4_ownColorVictoryHeuristic,Recommended_4_pushVictoryHeuristic,-1.0,1.0,Recommended_4_ownColorVictoryHeuristic,9,9,TwoSides.txt,Jump over 1 marble or blocker or move a marble by 1 space in any direction,Push a column of marbles by 1 space in any direction,Pushed out marbles return to the center. Remove any pre-existing marble.,You can push opposing marbles if you use more or equal marbles. Do not split your column while pushing the opponent.,Occupy 1 goal of each color.,Recommended_4_ownColorVictoryHeuristic,Recommended_4_pushVictoryHeuristic,[],"[0, 0]",[],"[0, 1, 0]",0
-1202270260,MultiverseMarbles,0,GAME_OVER,23,22,2,945,2,Recommended_4_pushVictoryHeuristic,2,1,1,Recommended_4_ownColorVictoryHeuristic,Recommended_4_pushVictoryHeuristic,-1.0,1.0,Recommended_4_ownColorVictoryHeuristic,10,10,TwoSides.txt,Move 1 marble by up to 3 spaces in any direction in a straight line.,Push a column of marbles by 1 space in any direction,"Pushed out marbles return to the center, if it is free. Else they are removed.",You can push opposing marbles if you use fewer or more marbles.,Occupy 1 goal of each color.,Recommended_4_ownColorVictoryHeuristic,Recommended_4_pushVictoryHeuristic,[],[],[],[1],0
234784526,MultiverseMarbles,0,GAME_OVER,20,19,2,946,1,Recommended_4_pushVictoryHeuristic,1,2,2,Recommended_4_ownColorVictoryHeuristic,Recommended_4_pushVictoryHeuristic,1.0,-1.0,Recommended_4_ownColorVictoryHeuristic,10,10,TwoSides.txt,Move 1 marble exactly 2 spaces in any direction.,Push a column of marbles by 1 space in any direction,"Pushed out marbles return to the center, if it is free. Else they are removed.",You can push opposing marbles if you use more marbles.,Occupy all goals of your color.,Recommended_4_ownColorVictoryHeuristic,Recommended_4_pushVictoryHeuristic,[],[],[],"[1, 1]",1
73397318,MultiverseMarbles,0,GAME_OVER,58,57,2,947,1,Recommended_4_pushVictoryHeuristic,1,2,2,Recommended_4_ownColorVictoryHeuristic,Recommended_4_pushVictoryHeuristic,1.0,-1.0,Recommended_4_ownColorVictoryHeuristic,10,9,TwoSides.txt,Move 1 marble by up to 3 spaces in any direction in a straight line.,Push a column of marbles by 1 space in any direction,Pushed out marbles return to the center. Remove any pre-existing marble.,"You can push opposing marbles if you use an even number of marbles (2, 4 or 6). Do not split your column while pushing the opponent.",Occupy all goals of your color.,Recommended_4_ownColorVictoryHeuristic,Recommended_4_pushVictoryHeuristic,[1],[],"[1, 1]",[],1
637536396,MultiverseMarbles,0,GAME_OVER,24,23,2,948,1,Recommended_4_pushVictoryHeuristic,1,2,2,Recommended_4_ownColorVictoryHeuristic,Recommended_4_pushVictoryHeuristic,1.0,-1.0,Recommended_4_ownColorVictoryHeuristic,10,10,TwoSides.txt,Move 1 marble exactly 2 spaces in any direction.,Push a column of marbles by 1 space in any direction,Pushed out marbles return to the center. Remove any pre-existing marble.,You can push opposing marbles if you use more marbles.,Occupy 3 non-neighbouring goals.,Recommended_4_ownColorVictoryHeuristic,Recommended_4_pushVictoryHeuristic,[],[],[],"[1, 1]",1
120093725,MultiverseMarbles,0,GAME_OVER,30,29,2,949,1,Recommended_4_pushVictoryHeuristic,1,2,2,Recommended_4_ownColorVictoryHeuristic,Recommended_4_pushVictoryHeuristic,1.0,-1.0,Recommended_4_ownColorVictoryHeuristic,10,10,TwoSides.txt,Move 1 marble by up to 3 spaces in any direction in a straight line.,Push a column of marbles by 1 space in any direction,Pushed out marbles return to the center. Remove any pre-existing marble.,"You can push opposing marbles if you use an even number of marbles (2, 4 or 6). Do not split your column while pushing the opponent.",Occupy 1 goal of each color.,Recommended_4_ownColorVictoryHeuristic,Recommended_4_pushVictoryHeuristic,[],[],[],[],1
-1658116905,MultiverseMarbles,0,GAME_OVER,200,200,2,950,1,Recommended_4_pushVictoryHeuristic,1,1,1,Recommended_4_ownColorVictoryHeuristic,Recommended_4_pushVictoryHeuristic,-3.0,-3.0,Recommended_4_ownColorVictoryHeuristic,10,9,TwoSides.txt,Move 1 marble by up to 3 spaces in any direction in a straight line.,Push a column of marbles by 1 space in any direction,Pushed out marbles return to the center. Remove any pre-existing marble.,You can push opposing marbles if you use fewer or equal marbles. Do not split your column while pushing the opponent.,Push out 3 opposing marbles.,Recommended_4_ownColorVictoryHeuristic,Recommended_4_pushVictoryHeuristic,[],[0],[],[0],-1
-303014245,MultiverseMarbles,0,GAME_OVER,55,54,2,951,2,Recommended_4_pushVictoryHeuristic,2,1,1,Recommended_4_ownColorVictoryHeuristic,Recommended_4_pushVictoryHeuristic,-1.0,1.0,Recommended_4_ownColorVictoryHeuristic,7,10,TwoSides.txt,Move 1 marble by 1 space in any direction.,Push a column of marbles by 1 space in any direction,Pushed out marbles are removed from play,You can push opposing marbles if you use fewer or more marbles.,Push out 3 opposing marbles.,Recommended_4_ownColorVictoryHeuristic,Recommended_4_pushVictoryHeuristic,[],"[0, 0, 0]",[],"[0, 0, 0]",0
478485420,MultiverseMarbles,0,GAME_OVER,19,18,2,952,2,Recommended_4_pushVictoryHeuristic,2,1,1,Recommended_4_ownColorVictoryHeuristic,Recommended_4_pushVictoryHeuristic,-1.0,1.0,Recommended_4_ownColorVictoryHeuristic,8,10,TwoSides.txt,Jump over 1 marble or blocker or move a marble by 1 space in any direction,Push a column of marbles by 1 space in any direction,"Pushed out marbles return to the center, if it is free. Else they are removed.","You can push opposing marbles if you use an even number of marbles (2, 4 or 6). Do not split your column while pushing the opponent.",Occupy 1 goal of each color.,Recommended_4_ownColorVictoryHeuristic,Recommended_4_pushVictoryHeuristic,[],"[0, 0]",[],"[0, 0, 0]",0
-82734118,MultiverseMarbles,0,GAME_OVER,51,50,2,953,2,Recommended_4_pushVictoryHeuristic,2,1,1,Recommended_4_ownColorVictoryHeuristic,Recommended_4_pushVictoryHeuristic,-1.0,1.0,Recommended_4_ownColorVictoryHeuristic,6,10,TwoSides.txt,Move 1 marble exactly 2 spaces in any direction.,Push a column of marbles by 1 space in any direction,Pushed out marbles are removed from play,"You can push opposing marbles if you use an even number of marbles (2, 4 or 6). Do not split your column while pushing the opponent.",Push out 3 opposing marbles.,Recommended_4_ownColorVictoryHeuristic,Recommended_4_pushVictoryHeuristic,[],"[0, 0, 1, 0]",[],"[0, 0, 1, 0]",0
713120397,MultiverseMarbles,0,GAME_OVER,60,59,2,954,1,Recommended_4_pushVictoryHeuristic,1,2,2,Recommended_4_ownColorVictoryHeuristic,Recommended_4_pushVictoryHeuristic,1.0,-1.0,Recommended_4_ownColorVictoryHeuristic,9,10,TwoSides.txt,Move 1 marble by up to 3 spaces in any direction in a straight line.,Push a column of marbles by 1 space in any direction,Pushed out marbles return to the center. Remove any pre-existing marble.,"You can push your opposing marbles if you use an uneven number of marbles (1, 3 or 5). Do not split your column while pushing the opponent.",Occupy 3 non-neighbouring goals.,Recommended_4_ownColorVictoryHeuristic,Recommended_4_pushVictoryHeuristic,[],[0],[],[0],1
-1830809784,MultiverseMarbles,0,GAME_OVER,117,116,2,955,2,Recommended_4_pushVictoryHeuristic,2,1,1,Recommended_4_ownColorVictoryHeuristic,Recommended_4_pushVictoryHeuristic,-1.0,1.0,Recommended_4_ownColorVictoryHeuristic,7,10,TwoSides.txt,Move 1 marble by up to 3 spaces in any direction in a straight line.,Push a column of marbles by 1 space in any direction,Pushed out marbles are removed from play,"You can push your opposing marbles if you use an uneven number of marbles (1, 3 or 5). Do not split your column while pushing the opponent.",Push out 3 opposing marbles.,Recommended_4_ownColorVictoryHeuristic,Recommended_4_pushVictoryHeuristic,[],"[0, 0, 0]",[],"[0, 0, 0]",0
117398471,MultiverseMarbles,0,GAME_OVER,85,84,2,956,2,Recommended_4_pushVictoryHeuristic,2,1,1,Recommended_4_ownColorVictoryHeuristic,Recommended_4_pushVictoryHeuristic,-1.0,1.0,Recommended_4_ownColorVictoryHeuristic,8,10,TwoSides.txt,Move 1 marble by 1 space in any direction.,Push a column of marbles by 1 space in any direction,"Pushed out marbles return to the center, if it is free. Else they are removed.","You can push opposing marbles if you use an even number of marbles (2, 4 or 6). Do not split your column while pushing the opponent.",Push out 3 opposing marbles.,Recommended_4_ownColorVictoryHeuristic,Recommended_4_pushVictoryHeuristic,[],"[0, 0]",[],"[0, 0, 0]",0
459057434,MultiverseMarbles,0,GAME_OVER,50,49,2,957,1,Recommended_4_pushVictoryHeuristic,1,2,2,Recommended_4_ownColorVictoryHeuristic,Recommended_4_pushVictoryHeuristic,1.0,-1.0,Recommended_4_ownColorVictoryHeuristic,10,10,TwoSides.txt,Jump over 1 marble or blocker or move a marble by 1 space in any direction,Push a column of marbles by 1 space in any direction,Pushed out marbles return to the center. Remove any pre-existing marble.,You can push opposing marbles if you use fewer or more marbles.,Occupy 3 non-neighbouring goals.,Recommended_4_ownColorVictoryHeuristic,Recommended_4_pushVictoryHeuristic,[],[],[],[1],1
-1774375335,MultiverseMarbles,0,GAME_OVER,34,33,2,958,1,Recommended_4_pushVictoryHeuristic,1,2,2,Recommended_4_ownColorVictoryHeuristic,Recommended_4_pushVictoryHeuristic,1.0,-1.0,Recommended_4_ownColorVictoryHeuristic,10,10,TwoSides.txt,Move 1 marble exactly 2 spaces in any direction.,Push a column of marbles by 1 space in any direction,Pushed out marbles return to the center. Remove any pre-existing marble.,You can push opposing marbles if you use more marbles.,Occupy 3 non-neighbouring goals.,Recommended_4_ownColorVictoryHeuristic,Recommended_4_pushVictoryHeuristic,[],[],[],"[1, 1]",1
-828290833,MultiverseMarbles,0,GAME_OVER,74,73,2,959,1,Recommended_4_pushVictoryHeuristic,1,2,2,Recommended_4_ownColorVictoryHeuristic,Recommended_4_pushVictoryHeuristic,1.0,-1.0,Recommended_4_ownColorVictoryHeuristic,6,10,TwoSides.txt,Move 1 marble by 1 space in any direction.,Push a column of marbles by 1 space in any direction,Pushed out marbles are removed from play,"You can push opposing marbles if you use an even number of marbles (2, 4 or 6). Do not split your column while pushing the opponent.",Occupy 3 non-neighbouring goals.,Recommended_4_ownColorVictoryHeuristic,Recommended_4_pushVictoryHeuristic,[],"[0, 0, 0, 0]",[],"[0, 0, 0, 0]",1
672948080,MultiverseMarbles,0,GAME_OVER,27,26,2,960,2,Recommended_4_pushVictoryHeuristic,2,1,1,Recommended_4_ownColorVictoryHeuristic,Recommended_4_pushVictoryHeuristic,-1.0,1.0,Recommended_4_ownColorVictoryHeuristic,10,10,TwoSides.txt,Move 1 marble by 1 space in any direction.,Push a column of marbles by 1 space in any direction,Pushed out marbles return to the center. Remove any pre-existing marble.,"You can push your opposing marbles if you use an uneven number of marbles (1, 3 or 5). Do not split your column while pushing the opponent.",Occupy 1 goal of each color.,Recommended_4_ownColorVictoryHeuristic,Recommended_4_pushVictoryHeuristic,[],[],[],[],0
263512374,MultiverseMarbles,0,GAME_OVER,67,66,2,961,2,Recommended_4_pushVictoryHeuristic,2,1,1,Recommended_4_ownColorVictoryHeuristic,Recommended_4_pushVictoryHeuristic,-1.0,1.0,Recommended_4_ownColorVictoryHeuristic,8,10,TwoSides.txt,Jump over 1 marble or blocker or move a marble by 1 space in any direction,Push a column of marbles by 1 space in any direction,Pushed out marbles return to the center. Remove any pre-existing marble.,You can push opposing marbles if you use more marbles.,Occupy all goals of your color.,Recommended_4_ownColorVictoryHeuristic,Recommended_4_pushVictoryHeuristic,[1],[0],[1],"[1, 0, 0, 0]",0
1600164446,MultiverseMarbles,0,GAME_OVER,99,98,2,962,2,Recommended_4_pushVictoryHeuristic,2,1,1,Recommended_4_ownColorVictoryHeuristic,Recommended_4_pushVictoryHeuristic,-1.0,1.0,Recommended_4_ownColorVictoryHeuristic,10,10,TwoSides.txt,Move 1 marble exactly 2 spaces in any direction.,Push a column of marbles by 1 space in any direction,Pushed out marbles return to the center. Remove any pre-existing marble.,"You can push your opposing marbles if you use an uneven number of marbles (1, 3 or 5). Do not split your column while pushing the opponent.",Occupy all goals of your color.,Recommended_4_ownColorVictoryHeuristic,Recommended_4_pushVictoryHeuristic,[],[],[],"[1, 0, 1]",0
1962633751,MultiverseMarbles,0,GAME_OVER,181,180,2,963,2,Recommended_4_pushVictoryHeuristic,2,1,1,Recommended_4_ownColorVictoryHeuristic,Recommended_4_pushVictoryHeuristic,-1.0,1.0,Recommended_4_ownColorVictoryHeuristic,9,10,TwoSides.txt,Move 1 marble by 1 space in any direction.,Push a column of marbles by 1 space in any direction,Pushed out marbles are removed from play,You can push opposing marbles if you use fewer or equal marbles. Do not split your column while pushing the opponent.,Occupy all goals of your color.,Recommended_4_ownColorVictoryHeuristic,Recommended_4_pushVictoryHeuristic,[],[0],[],[0],0
2022138414,MultiverseMarbles,0,GAME_OVER,42,41,2,964,1,Recommended_4_pushVictoryHeuristic,1,2,2,Recommended_4_ownColorVictoryHeuristic,Recommended_4_pushVictoryHeuristic,1.0,-1.0,Recommended_4_ownColorVictoryHeuristic,10,9,TwoSides.txt,Move 1 marble by up to 3 spaces in any direction in a straight line.,Push a column of marbles by 1 space in any direction,Pushed out marbles return to the center. Remove any pre-existing marble.,You can push opposing marbles if you use more marbles.,Occupy 3 non-neighbouring goals.,Recommended_4_ownColorVictoryHeuristic,Recommended_4_pushVictoryHeuristic,[],[1],[1],[1],1
-1115890716,MultiverseMarbles,0,GAME_OVER,31,30,2,965,2,Recommended_4_pushVictoryHeuristic,2,1,1,Recommended_4_ownColorVictoryHeuristic,Recommended_4_pushVictoryHeuristic,-1.0,1.0,Recommended_4_ownColorVictoryHeuristic,9,10,TwoSides.txt,Move 1 marble exactly 2 spaces in any direction.,Push a column of marbles by 1 space in any direction,"Pushed out marbles return to the center, if it is free. Else they are removed.","You can push opposing marbles if you use an even number of marbles (2, 4 or 6). Do not split your column while pushing the opponent.",Occupy 1 goal of each color.,Recommended_4_ownColorVictoryHeuristic,Recommended_4_pushVictoryHeuristic,[],[1],[0],"[1, 0, 0]",0
-1816149951,MultiverseMarbles,0,GAME_OVER,38,37,2,966,1,Recommended_4_pushVictoryHeuristic,1,2,2,Recommended_4_ownColorVictoryHeuristic,Recommended_4_pushVictoryHeuristic,1.0,-1.0,Recommended_4_ownColorVictoryHeuristic,9,10,TwoSides.txt,Move 1 marble by 1 space in any direction.,Push a column of marbles by 1 space in any direction,Pushed out marbles return to the center. Remove any pre-existing marble.,You can push opposing marbles if you use fewer or more marbles.,Occupy 3 non-neighbouring goals.,Recommended_4_ownColorVictoryHeuristic,Recommended_4_pushVictoryHeuristic,[],[1],[],"[1, 1]",1
2000059494,MultiverseMarbles,0,GAME_OVER,34,33,2,967,1,Recommended_4_pushVictoryHeuristic,1,2,2,Recommended_4_ownColorVictoryHeuristic,Recommended_4_pushVictoryHeuristic,1.0,-1.0,Recommended_4_ownColorVictoryHeuristic,8,10,TwoSides.txt,Move 1 marble exactly 2 spaces in any direction.,Push a column of marbles by 1 space in any direction,Pushed out marbles are removed from play,You can push opposing marbles if you use more marbles.,Occupy all goals of your color.,Recommended_4_ownColorVictoryHeuristic,Recommended_4_pushVictoryHeuristic,[],"[0, 0]",[],"[0, 0]",1
-1190267485,MultiverseMarbles,0,GAME_OVER,25,24,2,968,2,Recommended_4_pushVictoryHeuristic,2,1,1,Recommended_4_ownColorVictoryHeuristic,Recommended_4_pushVictoryHeuristic,-1.0,1.0,Recommended_4_ownColorVictoryHeuristic,10,10,TwoSides.txt,Move 1 marble exactly 2 spaces in any direction.,Push a column of marbles by 1 space in any direction,"Pushed out marbles return to the center, if it is free. Else they are removed.",You can push opposing marbles if you use fewer or equal marbles. Do not split your column while pushing the opponent.,Occupy 1 goal of each color.,Recommended_4_ownColorVictoryHeuristic,Recommended_4_pushVictoryHeuristic,[],[],[],[],0
2110027652,MultiverseMarbles,0,GAME_OVER,47,46,2,969,2,Recommended_4_pushVictoryHeuristic,2,1,1,Recommended_4_ownColorVictoryHeuristic,Recommended_4_pushVictoryHeuristic,-1.0,1.0,Recommended_4_ownColorVictoryHeuristic,8,10,TwoSides.txt,Jump over 1 marble or blocker or move a marble by 1 space in any direction,Push a column of marbles by 1 space in any direction,Pushed out marbles are removed from play,You can push opposing marbles if you use more or equal marbles. Do not split your column while pushing the opponent.,Occupy all goals of your color.,Recommended_4_ownColorVictoryHeuristic,Recommended_4_pushVictoryHeuristic,[],"[0, 0]",[],"[0, 0]",0
1836665067,MultiverseMarbles,0,GAME_OVER,9,8,2,970,2,Recommended_4_pushVictoryHeuristic,2,1,1,Recommended_4_ownColorVictoryHeuristic,Recommended_4_pushVictoryHeuristic,-1.0,1.0,Recommended_4_ownColorVictoryHeuristic,10,10,TwoSides.txt,Move 1 marble exactly 2 spaces in any direction.,Push a column of marbles by 1 space in any direction,Pushed out marbles are removed from play,"You can push opposing marbles if you use an even number of marbles (2, 4 or 6). Do not split your column while pushing the opponent.",Occupy 1 goal of each color.,Recommended_4_ownColorVictoryHeuristic,Recommended_4_pushVictoryHeuristic,[],[],[],[],0
1326711567,MultiverseMarbles,0,GAME_OVER,27,26,2,971,2,Recommended_4_pushVictoryHeuristic,2,1,1,Recommended_4_ownColorVictoryHeuristic,Recommended_4_pushVictoryHeuristic,-1.0,1.0,Recommended_4_ownColorVictoryHeuristic,10,10,TwoSides.txt,Move 1 marble by 1 space in any direction.,Push a column of marbles by 1 space in any direction,"Pushed out marbles return to the center, if it is free. Else they are removed.",You can push opposing marbles if you use fewer or more marbles.,Occupy 1 goal of each color.,Recommended_4_ownColorVictoryHeuristic,Recommended_4_pushVictoryHeuristic,[],[],[],"[1, 1]",0
1929126127,MultiverseMarbles,0,GAME_OVER,28,27,2,972,1,Recommended_4_pushVictoryHeuristic,1,2,2,Recommended_4_ownColorVictoryHeuristic,Recommended_4_pushVictoryHeuristic,1.0,-1.0,Recommended_4_ownColorVictoryHeuristic,9,9,TwoSides.txt,Move 1 marble by 1 space in any direction.,Push a column of marbles by 1 space in any direction,Pushed out marbles return to the center. Remove any pre-existing marble.,You can push opposing marbles if you use more or equal marbles. Do not split your column while pushing the opponent.,Occupy 1 goal of each color.,Recommended_4_ownColorVictoryHeuristic,Recommended_4_pushVictoryHeuristic,[],"[1, 0]",[],"[1, 0]",1
-1327102278,MultiverseMarbles,0,GAME_OVER,29,28,2,973,2,Recommended_4_pushVictoryHeuristic,2,1,1,Recommended_4_ownColorVictoryHeuristic,Recommended_4_pushVictoryHeuristic,-1.0,1.0,Recommended_4_ownColorVictoryHeuristic,9,9,TwoSides.txt,Move 1 marble exactly 2 spaces in any direction.,Push a column of marbles by 1 space in any direction,Pushed out marbles return to the center. Remove any pre-existing marble.,"You can push your opposing marbles if you use an uneven number of marbles (1, 3 or 5). Do not split your column while pushing the opponent.",Occupy 1 goal of each color.,Recommended_4_ownColorVictoryHeuristic,Recommended_4_pushVictoryHeuristic,[0],[1],[0],"[0, 1]",0
662232205,MultiverseMarbles,0,GAME_OVER,28,27,2,974,1,Recommended_4_pushVictoryHeuristic,1,2,2,Recommended_4_ownColorVictoryHeuristic,Recommended_4_pushVictoryHeuristic,1.0,-1.0,Recommended_4_ownColorVictoryHeuristic,10,10,TwoSides.txt,Move 1 marble by up to 3 spaces in any direction in a straight line.,Push a column of marbles by 1 space in any direction,Pushed out marbles are removed from play,You can push opposing marbles if you use equal marbles. Do not split your column while pushing the opponent.,Occupy 3 non-neighbouring goals.,Recommended_4_ownColorVictoryHeuristic,Recommended_4_pushVictoryHeuristic,[],[],[],[],1
-706626424,MultiverseMarbles,0,GAME_OVER,78,77,2,975,1,Recommended_4_pushVictoryHeuristic,1,2,2,Recommended_4_ownColorVictoryHeuristic,Recommended_4_pushVictoryHeuristic,1.0,-1.0,Recommended_4_ownColorVictoryHeuristic,9,10,TwoSides.txt,Move 1 marble exactly 2 spaces in any direction.,Push a column of marbles by 1 space in any direction,"Pushed out marbles return to the center, if it is free. Else they are removed.","You can push opposing marbles if you use an even number of marbles (2, 4 or 6). Do not split your column while pushing the opponent.",Occupy all goals of your color.,Recommended_4_ownColorVictoryHeuristic,Recommended_4_pushVictoryHeuristic,[],[0],[1],"[1, 0, 0]",1
252744278,MultiverseMarbles,0,GAME_OVER,31,30,2,976,2,Recommended_4_pushVictoryHeuristic,2,1,1,Recommended_4_ownColorVictoryHeuristic,Recommended_4_pushVictoryHeuristic,-1.0,1.0,Recommended_4_ownColorVictoryHeuristic,10,10,TwoSides.txt,Move 1 marble by up to 3 spaces in any direction in a straight line.,Push a column of marbles by 1 space in any direction,"Pushed out marbles return to the center, if it is free. Else they are removed.","You can push your opposing marbles if you use an uneven number of marbles (1, 3 or 5). Do not split your column while pushing the opponent.",Occupy 3 non-neighbouring goals.,Recommended_4_ownColorVictoryHeuristic,Recommended_4_pushVictoryHeuristic,[],[],[],[],0
-464991428,MultiverseMarbles,0,GAME_OVER,45,44,2,977,2,Recommended_4_pushVictoryHeuristic,2,1,1,Recommended_4_ownColorVictoryHeuristic,Recommended_4_pushVictoryHeuristic,-1.0,1.0,Recommended_4_ownColorVictoryHeuristic,7,10,TwoSides.txt,Move 1 marble exactly 2 spaces in any direction.,Push a column of marbles by 1 space in any direction,Pushed out marbles return to the center. Remove any pre-existing marble.,You can push opposing marbles if you use more or equal marbles. Do not split your column while pushing the opponent.,Push out 3 opposing marbles.,Recommended_4_ownColorVictoryHeuristic,Recommended_4_pushVictoryHeuristic,[],"[0, 0, 0]",[],"[0, 0, 1, 0]",0
-552595740,MultiverseMarbles,0,GAME_OVER,64,63,2,978,1,Recommended_4_pushVictoryHeuristic,1,2,2,Recommended_4_ownColorVictoryHeuristic,Recommended_4_pushVictoryHeuristic,1.0,-1.0,Recommended_4_ownColorVictoryHeuristic,8,9,TwoSides.txt,Move 1 marble by 1 space in any direction.,Push a column of marbles by 1 space in any direction,Pushed out marbles are removed from play,"You can push opposing marbles if you use an even number of marbles (2, 4 or 6). Do not split your column while pushing the opponent.",Occupy 1 goal of each color.,Recommended_4_ownColorVictoryHeuristic,Recommended_4_pushVictoryHeuristic,[1],"[1, 0]",[1],"[1, 0]",1
2039106432,MultiverseMarbles,0,GAME_OVER,200,200,2,979,1,Recommended_4_pushVictoryHeuristic,1,1,1,Recommended_4_ownColorVictoryHeuristic,Recommended_4_pushVictoryHeuristic,-3.0,-3.0,Recommended_4_ownColorVictoryHeuristic,7,9,TwoSides.txt,Move 1 marble by 1 space in any direction.,Push a column of marbles by 1 space in any direction,Pushed out marbles are removed from play,"You can push your opposing marbles if you use an uneven number of marbles (1, 3 or 5). Do not split your column while pushing the opponent.",Occupy 3 non-neighbouring goals.,Recommended_4_ownColorVictoryHeuristic,Recommended_4_pushVictoryHeuristic,[1],"[0, 0, 0]",[1],"[0, 0, 0]",-1
-1102067937,MultiverseMarbles,0,GAME_OVER,75,74,2,980,2,Recommended_4_pushVictoryHeuristic,2,1,1,Recommended_4_ownColorVictoryHeuristic,Recommended_4_pushVictoryHeuristic,-1.0,1.0,Recommended_4_ownColorVictoryHeuristic,9,10,TwoSides.txt,Move 1 marble by up to 3 spaces in any direction in a straight line.,Push a column of marbles by 1 space in any direction,Pushed out marbles return to the center. Remove any pre-existing marble.,You can push opposing marbles if you use more or equal marbles. Do not split your column while pushing the opponent.,Occupy all goals of your color.,Recommended_4_ownColorVictoryHeuristic,Recommended_4_pushVictoryHeuristic,[],[0],[],"[1, 0]",0
676317676,MultiverseMarbles,0,GAME_OVER,64,63,2,981,1,Recommended_4_pushVictoryHeuristic,1,2,2,Recommended_4_ownColorVictoryHeuristic,Recommended_4_pushVictoryHeuristic,1.0,-1.0,Recommended_4_ownColorVictoryHeuristic,8,10,TwoSides.txt,Jump over 1 marble or blocker or move a marble by 1 space in any direction,Push a column of marbles by 1 space in any direction,"Pushed out marbles return to the center, if it is free. Else they are removed.","You can push opposing marbles if you use an even number of marbles (2, 4 or 6). Do not split your column while pushing the opponent.",Occupy all goals of your color.,Recommended_4_ownColorVictoryHeuristic,Recommended_4_pushVictoryHeuristic,[],"[0, 0]",[],"[1, 0, 0, 0]",1
-1751082050,MultiverseMarbles,0,GAME_OVER,200,200,2,982,1,Recommended_4_pushVictoryHeuristic,1,1,1,Recommended_4_ownColorVictoryHeuristic,Recommended_4_pushVictoryHeuristic,-3.0,-3.0,Recommended_4_ownColorVictoryHeuristic,9,10,TwoSides.txt,Move 1 marble by 1 space in any direction.,Push a column of marbles by 1 space in any direction,"Pushed out marbles return to the center, if it is free. Else they are removed.",You can push opposing marbles if you use equal marbles. Do not split your column while pushing the opponent.,Occupy all goals of your color.,Recommended_4_ownColorVictoryHeuristic,Recommended_4_pushVictoryHeuristic,[],[0],[],"[0, 0, 0, 0]",-1
1733491472,MultiverseMarbles,0,GAME_OVER,79,78,2,983,2,Recommended_4_pushVictoryHeuristic,2,1,1,Recommended_4_ownColorVictoryHeuristic,Recommended_4_pushVictoryHeuristic,-1.0,1.0,Recommended_4_ownColorVictoryHeuristic,7,10,TwoSides.txt,Jump over 1 marble or blocker or move a marble by 1 space in any direction,Push a column of marbles by 1 space in any direction,Pushed out marbles are removed from play,You can push opposing marbles if you use more marbles.,Push out 3 opposing marbles.,Recommended_4_ownColorVictoryHeuristic,Recommended_4_pushVictoryHeuristic,[],"[0, 0, 0]",[],"[0, 0, 0]",0
587681215,MultiverseMarbles,0,GAME_OVER,38,37,2,984,1,Recommended_4_pushVictoryHeuristic,1,2,2,Recommended_4_ownColorVictoryHeuristic,Recommended_4_pushVictoryHeuristic,1.0,-1.0,Recommended_4_ownColorVictoryHeuristic,10,10,TwoSides.txt,Move 1 marble by 1 space in any direction.,Push a column of marbles by 1 space in any direction,Pushed out marbles return to the center. Remove any pre-existing marble.,You can push opposing marbles if you use more or equal marbles. Do not split your column while pushing the opponent.,Occupy all goals of your color.,Recommended_4_ownColorVictoryHeuristic,Recommended_4_pushVictoryHeuristic,[],[],[],[0],1
626609192,MultiverseMarbles,0,GAME_OVER,25,24,2,985,2,Recommended_4_pushVictoryHeuristic,2,1,1,Recommended_4_ownColorVictoryHeuristic,Recommended_4_pushVictoryHeuristic,-1.0,1.0,Recommended_4_ownColorVictoryHeuristic,10,10,TwoSides.txt,Move 1 marble by 1 space in any direction.,Push a column of marbles by 1 space in any direction,"Pushed out marbles return to the center, if it is free. Else they are removed.",You can push opposing marbles if you use more or equal marbles. Do not split your column while pushing the opponent.,Occupy 1 goal of each color.,Recommended_4_ownColorVictoryHeuristic,Recommended_4_pushVictoryHeuristic,[],[],[],[0],0
-888672324,MultiverseMarbles,0,GAME_OVER,83,82,2,986,2,Recommended_4_pushVictoryHeuristic,2,1,1,Recommended_4_ownColorVictoryHeuristic,Recommended_4_pushVictoryHeuristic,-1.0,1.0,Recommended_4_ownColorVictoryHeuristic,9,9,TwoSides.txt,Move 1 marble exactly 2 spaces in any direction.,Push a column of marbles by 1 space in any direction,Pushed out marbles return to the center. Remove any pre-existing marble.,You can push opposing marbles if you use fewer or more marbles.,Push out 3 opposing marbles.,Recommended_4_ownColorVictoryHeuristic,Recommended_4_pushVictoryHeuristic,[1],[0],"[1, 1]","[0, 0, 0]",0
-1288367568,MultiverseMarbles,0,GAME_OVER,54,53,2,987,1,Recommended_4_pushVictoryHeuristic,1,2,2,Recommended_4_ownColorVictoryHeuristic,Recommended_4_pushVictoryHeuristic,1.0,-1.0,Recommended_4_ownColorVictoryHeuristic,10,9,TwoSides.txt,Jump over 1 marble or blocker or move a marble by 1 space in any direction,Push a column of marbles by 1 space in any direction,"Pushed out marbles return to the center, if it is free. Else they are removed.",You can push opposing marbles if you use more marbles.,Push out 3 opposing marbles.,Recommended_4_ownColorVictoryHeuristic,Recommended_4_pushVictoryHeuristic,[1],[],"[1, 1, 1]",[],1
-641694153,MultiverseMarbles,0,GAME_OVER,77,76,2,988,2,Recommended_4_pushVictoryHeuristic,2,1,1,Recommended_4_ownColorVictoryHeuristic,Recommended_4_pushVictoryHeuristic,-1.0,1.0,Recommended_4_ownColorVictoryHeuristic,10,10,TwoSides.txt,Jump over 1 marble or blocker or move a marble by 1 space in any direction,Push a column of marbles by 1 space in any direction,Pushed out marbles are removed from play,You can push opposing marbles if you use equal marbles. Do not split your column while pushing the opponent.,Occupy 1 goal of each color.,Recommended_4_ownColorVictoryHeuristic,Recommended_4_pushVictoryHeuristic,[],[],[],[],0
-1742429599,MultiverseMarbles,0,GAME_OVER,30,29,2,989,1,Recommended_4_pushVictoryHeuristic,1,2,2,Recommended_4_ownColorVictoryHeuristic,Recommended_4_pushVictoryHeuristic,1.0,-1.0,Recommended_4_ownColorVictoryHeuristic,10,10,TwoSides.txt,Move 1 marble by 1 space in any direction.,Push a column of marbles by 1 space in any direction,Pushed out marbles are removed from play,You can push opposing marbles if you use fewer or equal marbles. Do not split your column while pushing the opponent.,Occupy 1 goal of each color.,Recommended_4_ownColorVictoryHeuristic,Recommended_4_pushVictoryHeuristic,[],[],[],[],1
-2043414184,MultiverseMarbles,0,GAME_OVER,165,164,2,990,2,Recommended_4_pushVictoryHeuristic,2,1,1,Recommended_4_ownColorVictoryHeuristic,Recommended_4_pushVictoryHeuristic,-1.0,1.0,Recommended_4_ownColorVictoryHeuristic,7,10,TwoSides.txt,Jump over 1 marble or blocker or move a marble by 1 space in any direction,Push a column of marbles by 1 space in any direction,Pushed out marbles are removed from play,You can push opposing marbles if you use equal marbles. Do not split your column while pushing the opponent.,Push out 3 opposing marbles.,Recommended_4_ownColorVictoryHeuristic,Recommended_4_pushVictoryHeuristic,[],"[0, 0, 0]",[],"[0, 0, 0]",0
1588882028,MultiverseMarbles,0,GAME_OVER,48,47,2,991,1,Recommended_4_pushVictoryHeuristic,1,2,2,Recommended_4_ownColorVictoryHeuristic,Recommended_4_pushVictoryHeuristic,1.0,-1.0,Recommended_4_ownColorVictoryHeuristic,10,10,TwoSides.txt,Move 1 marble by up to 3 spaces in any direction in a straight line.,Push a column of marbles by 1 space in any direction,"Pushed out marbles return to the center, if it is free. Else they are removed.",You can push opposing marbles if you use fewer or equal marbles. Do not split your column while pushing the opponent.,Occupy all goals of your color.,Recommended_4_ownColorVictoryHeuristic,Recommended_4_pushVictoryHeuristic,[],[],[],[],1
871662777,MultiverseMarbles,0,GAME_OVER,65,64,2,992,2,Recommended_4_pushVictoryHeuristic,2,1,1,Recommended_4_ownColorVictoryHeuristic,Recommended_4_pushVictoryHeuristic,-1.0,1.0,Recommended_4_ownColorVictoryHeuristic,6,8,TwoSides.txt,Move 1 marble exactly 2 spaces in any direction.,Push a column of marbles by 1 space in any direction,Pushed out marbles are removed from play,You can push opposing marbles if you use more marbles.,Occupy 1 goal of each color.,Recommended_4_ownColorVictoryHeuristic,Recommended_4_pushVictoryHeuristic,"[0, 1]","[1, 0, 1, 0]","[0, 1]","[1, 0, 1, 0]",0
-1791427606,MultiverseMarbles,0,GAME_OVER,27,26,2,993,2,Recommended_4_pushVictoryHeuristic,2,1,1,Recommended_4_ownColorVictoryHeuristic,Recommended_4_pushVictoryHeuristic,-1.0,1.0,Recommended_4_ownColorVictoryHeuristic,8,10,TwoSides.txt,Move 1 marble by 1 space in any direction.,Push a column of marbles by 1 space in any direction,Pushed out marbles are removed from play,"You can push opposing marbles if you use an even number of marbles (2, 4 or 6). Do not split your column while pushing the opponent.",Occupy 1 goal of each color.,Recommended_4_ownColorVictoryHeuristic,Recommended_4_pushVictoryHeuristic,[],"[0, 0]",[],"[0, 0]",0
1363510825,MultiverseMarbles,0,GAME_OVER,83,82,2,994,2,Recommended_4_pushVictoryHeuristic,2,1,1,Recommended_4_ownColorVictoryHeuristic,Recommended_4_pushVictoryHeuristic,-1.0,1.0,Recommended_4_ownColorVictoryHeuristic,10,10,TwoSides.txt,Move 1 marble by 1 space in any direction.,Push a column of marbles by 1 space in any direction,Pushed out marbles return to the center. Remove any pre-existing marble.,You can push opposing marbles if you use fewer or equal marbles. Do not split your column while pushing the opponent.,Occupy 1 goal of each color.,Recommended_4_ownColorVictoryHeuristic,Recommended_4_pushVictoryHeuristic,[],[],[],[],0
33308118,MultiverseMarbles,0,GAME_OVER,193,192,2,995,2,Recommended_4_pushVictoryHeuristic,2,1,1,Recommended_4_ownColorVictoryHeuristic,Recommended_4_pushVictoryHeuristic,-1.0,1.0,Recommended_4_ownColorVictoryHeuristic,10,10,TwoSides.txt,Jump over 1 marble or blocker or move a marble by 1 space in any direction,Push a column of marbles by 1 space in any direction,"Pushed out marbles return to the center, if it is free. Else they are removed.","You can push your opposing marbles if you use an uneven number of marbles (1, 3 or 5). Do not split your column while pushing the opponent.",Occupy 3 non-neighbouring goals.,Recommended_4_ownColorVictoryHeuristic,Recommended_4_pushVictoryHeuristic,[],[],[],"[1, 0]",0
-1891042671,MultiverseMarbles,0,GAME_OVER,28,27,2,996,1,Recommended_4_pushVictoryHeuristic,1,2,2,Recommended_4_ownColorVictoryHeuristic,Recommended_4_pushVictoryHeuristic,1.0,-1.0,Recommended_4_ownColorVictoryHeuristic,10,10,TwoSides.txt,Move 1 marble exactly 2 spaces in any direction.,Push a column of marbles by 1 space in any direction,Pushed out marbles return to the center. Remove any pre-existing marble.,"You can push opposing marbles if you use an even number of marbles (2, 4 or 6). Do not split your column while pushing the opponent.",Occupy 3 non-neighbouring goals.,Recommended_4_ownColorVictoryHeuristic,Recommended_4_pushVictoryHeuristic,[],[],[],[1],1
-784242670,MultiverseMarbles,0,GAME_OVER,34,33,2,997,1,Recommended_4_pushVictoryHeuristic,1,2,2,Recommended_4_ownColorVictoryHeuristic,Recommended_4_pushVictoryHeuristic,1.0,-1.0,Recommended_4_ownColorVictoryHeuristic,10,10,TwoSides.txt,Jump over 1 marble or blocker or move a marble by 1 space in any direction,Push a column of marbles by 1 space in any direction,Pushed out marbles return to the center. Remove any pre-existing marble.,You can push opposing marbles if you use fewer or equal marbles. Do not split your column while pushing the opponent.,Occupy 3 non-neighbouring goals.,Recommended_4_ownColorVictoryHeuristic,Recommended_4_pushVictoryHeuristic,[],[],[],[],1
